ts_utc	run_id	checkpoint	tokens_seen	raw_bytes_seen	split	domain	n_bytes	total_nll	bpb	bpc	token_ppl	git_commit	config_sha256
2026-08-30T10:31:22Z	eval_bpb_qwen_original_precpt	pre_cpt	0	0	dev	ko	4065750	1672430.323	0.593447	2.676376	15.298	ea16c73f4a6515bf2372d7c7174fe608ea2a02a2	34c9b45f0f7e5856068aca3fff9253bf775b547049b5017113ff5e88a14903d9
2026-08-30T10:32:38Z	eval_bpb_qwen_original_precpt	pre_cpt	0	0	dev	en	2337632	1124659.238	0.694096	0.815115	13.6821	ea16c73f4a6515bf2372d7c7174fe608ea2a02a2	34c9b45f0f7e5856068aca3fff9253bf775b547049b5017113ff5e88a14903d9
2026-08-30T10:33:42Z	eval_bpb_qwen_original_precpt	pre_cpt	0	0	dev	code	2335160	620927.6944	0.383618	0.44267	2.9048	ea16c73f4a6515bf2372d7c7174fe608ea2a02a2	34c9b45f0f7e5856068aca3fff9253bf775b547049b5017113ff5e88a14903d9
2026-08-30T10:36:09Z	eval_bpb_qwen_original_precpt	pre_cpt	0	0	dev	ko	2085616	1672430.323	1.15688	2.676376	15.298	ea16c73f4a6515bf2372d7c7174fe608ea2a02a2	34c9b45f0f7e5856068aca3fff9253bf775b547049b5017113ff5e88a14903d9
2026-08-30T10:37:26Z	eval_bpb_qwen_original_precpt	pre_cpt	0	0	dev	en	1999393	1124659.238	0.811516	0.815115	13.6821	ea16c73f4a6515bf2372d7c7174fe608ea2a02a2	34c9b45f0f7e5856068aca3fff9253bf775b547049b5017113ff5e88a14903d9
2026-08-30T10:38:28Z	eval_bpb_qwen_original_precpt	pre_cpt	0	0	dev	code	2042087	620927.6944	0.438673	0.44267	2.9048	ea16c73f4a6515bf2372d7c7174fe608ea2a02a2	34c9b45f0f7e5856068aca3fff9253bf775b547049b5017113ff5e88a14903d9
2026-08-30T10:40:30Z	eval_bpb_qwen_original_v1	pre_cpt	0	0	dev	ko	2085616	1672430.323	1.15688	2.676376	15.298	ea16c73f4a6515bf2372d7c7174fe608ea2a02a2	34c9b45f0f7e5856068aca3fff9253bf775b547049b5017113ff5e88a14903d9
2026-08-30T10:41:48Z	eval_bpb_qwen_original_v1	pre_cpt	0	0	dev	en	1999393	1124659.238	0.811516	0.815115	13.6821	ea16c73f4a6515bf2372d7c7174fe608ea2a02a2	34c9b45f0f7e5856068aca3fff9253bf775b547049b5017113ff5e88a14903d9
2026-08-30T10:42:52Z	eval_bpb_qwen_original_v1	pre_cpt	0	0	dev	code	2042087	620927.6944	0.438673	0.44267	2.9048	ea16c73f4a6515bf2372d7c7174fe608ea2a02a2	34c9b45f0f7e5856068aca3fff9253bf775b547049b5017113ff5e88a14903d9
2026-08-30T10:44:31Z	eval_bpb_kot2a_v1_n30000_none_v1	pre_cpt	0	0	dev	ko	2085614	1671029.664	1.155912	2.674138	15.2626	ea16c73f4a6515bf2372d7c7174fe608ea2a02a2	6d4a63b060ca035271774a16c2b1a0b5d5265698020a4a8e6a933a6d36186eb7
2026-08-30T10:45:47Z	eval_bpb_kot2a_v1_n30000_none_v1	pre_cpt	0	0	dev	en	1999397	1124773.263	0.811597	0.815196	13.6821	ea16c73f4a6515bf2372d7c7174fe608ea2a02a2	6d4a63b060ca035271774a16c2b1a0b5d5265698020a4a8e6a933a6d36186eb7
2026-08-30T10:46:48Z	eval_bpb_kot2a_v1_n30000_none_v1	pre_cpt	0	0	dev	code	2042110	622581.6664	0.439837	0.443844	2.9092	ea16c73f4a6515bf2372d7c7174fe608ea2a02a2	6d4a63b060ca035271774a16c2b1a0b5d5265698020a4a8e6a933a6d36186eb7
2026-08-30T10:48:28Z	eval_bpb_kot2b_v2_n30000_random_v1	pre_cpt	0	0	dev	ko	2085223	7248225.571	5.014801	11.601077	23713800.28	ea16c73f4a6515bf2372d7c7174fe608ea2a02a2	899f9749aaa061d200282bb7006fb7a122c9f5331be8dc3b4bfe5084c822e583
2026-08-30T10:49:45Z	eval_bpb_kot2b_v2_n30000_random_v1	pre_cpt	0	0	dev	en	1999391	1558483.254	1.12455	1.129538	37.5328	ea16c73f4a6515bf2372d7c7174fe608ea2a02a2	899f9749aaa061d200282bb7006fb7a122c9f5331be8dc3b4bfe5084c822e583
2026-08-30T10:50:47Z	eval_bpb_kot2b_v2_n30000_random_v1	pre_cpt	0	0	dev	code	2042109	947628.8852	0.669474	0.675573	5.0811	ea16c73f4a6515bf2372d7c7174fe608ea2a02a2	899f9749aaa061d200282bb7006fb7a122c9f5331be8dc3b4bfe5084c822e583
2026-08-30T10:52:27Z	eval_bpb_kot2b_v2_n30000_mean_v1	pre_cpt	0	0	dev	ko	2085223	3440401.515	2.380297	5.506501	3166.4752	ea16c73f4a6515bf2372d7c7174fe608ea2a02a2	7a4d1e035fb04950c47ff3e6dfae4bd12459626b7bc0a4cbe454f86a62fb4283
2026-08-30T10:53:43Z	eval_bpb_kot2b_v2_n30000_mean_v1	pre_cpt	0	0	dev	en	1999391	1126215.026	0.81264	0.816244	13.7317	ea16c73f4a6515bf2372d7c7174fe608ea2a02a2	7a4d1e035fb04950c47ff3e6dfae4bd12459626b7bc0a4cbe454f86a62fb4283
2026-08-30T10:54:46Z	eval_bpb_kot2b_v2_n30000_mean_v1	pre_cpt	0	0	dev	code	2042109	624691.1534	0.441327	0.445348	2.92	ea16c73f4a6515bf2372d7c7174fe608ea2a02a2	7a4d1e035fb04950c47ff3e6dfae4bd12459626b7bc0a4cbe454f86a62fb4283
2026-08-30T10:56:24Z	eval_bpb_kot2b_v2_n30000_mean-rescaled_v1	pre_cpt	0	0	dev	ko	2085223	4338548.526	3.001695	6.944022	25967.6235	ea16c73f4a6515bf2372d7c7174fe608ea2a02a2	da112d94cf8458994644af8ab32b0b3f85798bf42b354109c2091d919ec67cbc
2026-08-30T10:57:37Z	eval_bpb_kot2b_v2_n30000_mean-rescaled_v1	pre_cpt	0	0	dev	en	1999391	1309398.24	0.944819	0.949009	21.0271	ea16c73f4a6515bf2372d7c7174fe608ea2a02a2	da112d94cf8458994644af8ab32b0b3f85798bf42b354109c2091d919ec67cbc
2026-08-30T10:58:37Z	eval_bpb_kot2b_v2_n30000_mean-rescaled_v1	pre_cpt	0	0	dev	code	2042109	774301.7451	0.547023	0.552007	3.7743	ea16c73f4a6515bf2372d7c7174fe608ea2a02a2	da112d94cf8458994644af8ab32b0b3f85798bf42b354109c2091d919ec67cbc
2026-08-30T11:00:17Z	eval_bpb_kot2b_v2_n30000_weighted-freq_v1	pre_cpt	0	0	dev	ko	2085223	3509677.358	2.428227	5.61738	3724.4625	ea16c73f4a6515bf2372d7c7174fe608ea2a02a2	a929e2f2e8f70c119fe92dfe35aeb52beb6c3a333360f80d66d92e200d791934
2026-08-30T11:01:33Z	eval_bpb_kot2b_v2_n30000_weighted-freq_v1	pre_cpt	0	0	dev	en	1999391	1128773.92	0.814486	0.818098	13.8137	ea16c73f4a6515bf2372d7c7174fe608ea2a02a2	a929e2f2e8f70c119fe92dfe35aeb52beb6c3a333360f80d66d92e200d791934
2026-08-30T11:02:35Z	eval_bpb_kot2b_v2_n30000_weighted-freq_v1	pre_cpt	0	0	dev	code	2042109	640560.8718	0.452539	0.456662	3.0006	ea16c73f4a6515bf2372d7c7174fe608ea2a02a2	a929e2f2e8f70c119fe92dfe35aeb52beb6c3a333360f80d66d92e200d791934
2026-08-30T11:04:15Z	eval_bpb_kot2b_v2_n30000_weighted-freq-rescaled_v1	pre_cpt	0	0	dev	ko	2085223	3966687.714	2.744417	6.348844	10865.9409	ea16c73f4a6515bf2372d7c7174fe608ea2a02a2	263f4e01c453ffbe20a0d45b6dd83928fe5ddfcc7b95dd0d866cee88771e447e
2026-08-30T11:05:31Z	eval_bpb_kot2b_v2_n30000_weighted-freq-rescaled_v1	pre_cpt	0	0	dev	en	1999391	1163710.509	0.839695	0.843419	14.9832	ea16c73f4a6515bf2372d7c7174fe608ea2a02a2	263f4e01c453ffbe20a0d45b6dd83928fe5ddfcc7b95dd0d866cee88771e447e
2026-08-30T11:06:33Z	eval_bpb_kot2b_v2_n30000_weighted-freq-rescaled_v1	pre_cpt	0	0	dev	code	2042109	774811.3102	0.547383	0.55237	3.7776	ea16c73f4a6515bf2372d7c7174fe608ea2a02a2	263f4e01c453ffbe20a0d45b6dd83928fe5ddfcc7b95dd0d866cee88771e447e
2026-08-30T11:43:53Z	cpt_c0_qwen_smoke_seed42	final	438272	1501129	dev	ko	1501129	NA	1.149426	NA	NA	02b0c191b192946077cb33f8fb5b3fdcd6338dd1	f357fe48b6ca5e0472d9b279596be02874ee743afffc585e5cbab2bb45da7a57
2026-08-30T11:55:20Z	cpt_c0_qwen_noise_seed42	final	5181440	17508389	dev	ko	17508389	NA	1.149718	NA	NA	02b0c191b192946077cb33f8fb5b3fdcd6338dd1	033666c752347175706539ab6fc54c28017b030f94ab2278d2b0cf2bcbad5b8d
2026-08-30T12:06:06Z	cpt_c0_qwen_noise_seed123	final	5181440	17513137	dev	ko	17513137	NA	1.149833	NA	NA	02b0c191b192946077cb33f8fb5b3fdcd6338dd1	383a5c5387605e754de7d374d0426d8a128eb8d47931b7c59d00d33bf4f0abb2
2026-08-30T12:16:51Z	cpt_c0_qwen_noise_seed2026	final	5181440	17513674	dev	ko	17513674	NA	1.149897	NA	NA	02b0c191b192946077cb33f8fb5b3fdcd6338dd1	02296a973c263fa72eb6eff8eaeec199201e310bccac4aa177c1b78642b6a34f
2026-08-30T12:44:28Z	cpt_c0_qwen_trilang_seed42	step6	196608	673932	dev	ko	NA	NA	1.123043	NA	NA	02b0c191b192946077cb33f8fb5b3fdcd6338dd1	a4651c49e88eec6500dd813f8dbbe8f9a37454c3ca06f0a8f33a5c3e367a035d
2026-08-30T12:44:28Z	cpt_c0_qwen_trilang_seed42	step6	196608	673932	dev	en	NA	NA	0.81861	NA	NA	02b0c191b192946077cb33f8fb5b3fdcd6338dd1	a4651c49e88eec6500dd813f8dbbe8f9a37454c3ca06f0a8f33a5c3e367a035d
2026-08-30T12:44:28Z	cpt_c0_qwen_trilang_seed42	step6	196608	673932	dev	code	NA	NA	0.411372	NA	NA	02b0c191b192946077cb33f8fb5b3fdcd6338dd1	a4651c49e88eec6500dd813f8dbbe8f9a37454c3ca06f0a8f33a5c3e367a035d
2026-08-30T12:44:52Z	cpt_c0_qwen_trilang_seed42	final	356352	1213792	dev	ko	NA	NA	1.12311	NA	NA	02b0c191b192946077cb33f8fb5b3fdcd6338dd1	a4651c49e88eec6500dd813f8dbbe8f9a37454c3ca06f0a8f33a5c3e367a035d
2026-08-30T12:44:52Z	cpt_c0_qwen_trilang_seed42	final	356352	1213792	dev	en	NA	NA	0.818718	NA	NA	02b0c191b192946077cb33f8fb5b3fdcd6338dd1	a4651c49e88eec6500dd813f8dbbe8f9a37454c3ca06f0a8f33a5c3e367a035d
2026-08-30T12:44:52Z	cpt_c0_qwen_trilang_seed42	final	356352	1213792	dev	code	NA	NA	0.411269	NA	NA	02b0c191b192946077cb33f8fb5b3fdcd6338dd1	a4651c49e88eec6500dd813f8dbbe8f9a37454c3ca06f0a8f33a5c3e367a035d
2026-08-30T12:49:38Z	cpt_t2b_mean_noise_seed42	step19	622592	3040807	dev	ko	NA	NA	1.982928	NA	NA	86f61d7f852e2a80c3d4d46422f92405953b9b0b	af2f95128152c4586886d86d53010dc5623f9d73ce2a028b53e1e9002864f408
2026-08-30T12:49:38Z	cpt_t2b_mean_noise_seed42	step19	622592	3040807	dev	en	NA	NA	0.832417	NA	NA	86f61d7f852e2a80c3d4d46422f92405953b9b0b	af2f95128152c4586886d86d53010dc5623f9d73ce2a028b53e1e9002864f408
2026-08-30T12:49:38Z	cpt_t2b_mean_noise_seed42	step19	622592	3040807	dev	code	NA	NA	0.489398	NA	NA	86f61d7f852e2a80c3d4d46422f92405953b9b0b	af2f95128152c4586886d86d53010dc5623f9d73ce2a028b53e1e9002864f408
2026-08-30T12:51:05Z	cpt_t2b_mean_noise_seed42	step38	1245184	6008633	dev	ko	NA	NA	1.90448	NA	NA	86f61d7f852e2a80c3d4d46422f92405953b9b0b	af2f95128152c4586886d86d53010dc5623f9d73ce2a028b53e1e9002864f408
2026-08-30T12:51:05Z	cpt_t2b_mean_noise_seed42	step38	1245184	6008633	dev	en	NA	NA	0.833178	NA	NA	86f61d7f852e2a80c3d4d46422f92405953b9b0b	af2f95128152c4586886d86d53010dc5623f9d73ce2a028b53e1e9002864f408
2026-08-30T12:51:05Z	cpt_t2b_mean_noise_seed42	step38	1245184	6008633	dev	code	NA	NA	0.490293	NA	NA	86f61d7f852e2a80c3d4d46422f92405953b9b0b	af2f95128152c4586886d86d53010dc5623f9d73ce2a028b53e1e9002864f408
2026-08-30T12:52:37Z	cpt_t2b_mean_noise_seed42	step58	1900544	9148699	dev	ko	NA	NA	1.874985	NA	NA	86f61d7f852e2a80c3d4d46422f92405953b9b0b	af2f95128152c4586886d86d53010dc5623f9d73ce2a028b53e1e9002864f408
2026-08-30T12:52:37Z	cpt_t2b_mean_noise_seed42	step58	1900544	9148699	dev	en	NA	NA	0.833201	NA	NA	86f61d7f852e2a80c3d4d46422f92405953b9b0b	af2f95128152c4586886d86d53010dc5623f9d73ce2a028b53e1e9002864f408
2026-08-30T12:52:37Z	cpt_t2b_mean_noise_seed42	step58	1900544	9148699	dev	code	NA	NA	0.490475	NA	NA	86f61d7f852e2a80c3d4d46422f92405953b9b0b	af2f95128152c4586886d86d53010dc5623f9d73ce2a028b53e1e9002864f408
2026-08-30T12:54:02Z	cpt_t2b_mean_noise_seed42	step76	2490368	12026336	dev	ko	NA	NA	1.865087	NA	NA	86f61d7f852e2a80c3d4d46422f92405953b9b0b	af2f95128152c4586886d86d53010dc5623f9d73ce2a028b53e1e9002864f408
2026-08-30T12:54:02Z	cpt_t2b_mean_noise_seed42	step76	2490368	12026336	dev	en	NA	NA	0.833285	NA	NA	86f61d7f852e2a80c3d4d46422f92405953b9b0b	af2f95128152c4586886d86d53010dc5623f9d73ce2a028b53e1e9002864f408
2026-08-30T12:54:02Z	cpt_t2b_mean_noise_seed42	step76	2490368	12026336	dev	code	NA	NA	0.49058	NA	NA	86f61d7f852e2a80c3d4d46422f92405953b9b0b	af2f95128152c4586886d86d53010dc5623f9d73ce2a028b53e1e9002864f408
2026-08-30T12:55:30Z	cpt_t2b_mean_noise_seed42	step95	3112960	15034717	dev	ko	NA	NA	1.862179	NA	NA	86f61d7f852e2a80c3d4d46422f92405953b9b0b	af2f95128152c4586886d86d53010dc5623f9d73ce2a028b53e1e9002864f408
2026-08-30T12:55:30Z	cpt_t2b_mean_noise_seed42	step95	3112960	15034717	dev	en	NA	NA	0.833329	NA	NA	86f61d7f852e2a80c3d4d46422f92405953b9b0b	af2f95128152c4586886d86d53010dc5623f9d73ce2a028b53e1e9002864f408
2026-08-30T12:55:30Z	cpt_t2b_mean_noise_seed42	step95	3112960	15034717	dev	code	NA	NA	0.490682	NA	NA	86f61d7f852e2a80c3d4d46422f92405953b9b0b	af2f95128152c4586886d86d53010dc5623f9d73ce2a028b53e1e9002864f408
2026-08-30T12:56:47Z	cpt_t2b_mean_noise_seed42	final	3629056	17521145	dev	ko	NA	NA	1.861634	NA	NA	86f61d7f852e2a80c3d4d46422f92405953b9b0b	af2f95128152c4586886d86d53010dc5623f9d73ce2a028b53e1e9002864f408
2026-08-30T12:56:47Z	cpt_t2b_mean_noise_seed42	final	3629056	17521145	dev	en	NA	NA	0.83333	NA	NA	86f61d7f852e2a80c3d4d46422f92405953b9b0b	af2f95128152c4586886d86d53010dc5623f9d73ce2a028b53e1e9002864f408
2026-08-30T12:56:47Z	cpt_t2b_mean_noise_seed42	final	3629056	17521145	dev	code	NA	NA	0.490685	NA	NA	86f61d7f852e2a80c3d4d46422f92405953b9b0b	af2f95128152c4586886d86d53010dc5623f9d73ce2a028b53e1e9002864f408
2026-08-30T13:00:54Z	cpt_t2b_mean_noise_seed123	step20	655360	3147474	dev	ko	NA	NA	1.974619	NA	NA	86f61d7f852e2a80c3d4d46422f92405953b9b0b	192347063b49bae33de9e3178e82741e227650affa42bd9d4a294c1ca452e7ad
2026-08-30T13:00:54Z	cpt_t2b_mean_noise_seed123	step20	655360	3147474	dev	en	NA	NA	0.832497	NA	NA	86f61d7f852e2a80c3d4d46422f92405953b9b0b	192347063b49bae33de9e3178e82741e227650affa42bd9d4a294c1ca452e7ad
2026-08-30T13:00:54Z	cpt_t2b_mean_noise_seed123	step20	655360	3147474	dev	code	NA	NA	0.489479	NA	NA	86f61d7f852e2a80c3d4d46422f92405953b9b0b	192347063b49bae33de9e3178e82741e227650affa42bd9d4a294c1ca452e7ad
2026-08-30T13:02:22Z	cpt_t2b_mean_noise_seed123	step39	1277952	6138277	dev	ko	NA	NA	1.901233	NA	NA	86f61d7f852e2a80c3d4d46422f92405953b9b0b	192347063b49bae33de9e3178e82741e227650affa42bd9d4a294c1ca452e7ad
2026-08-30T13:02:22Z	cpt_t2b_mean_noise_seed123	step39	1277952	6138277	dev	en	NA	NA	0.833207	NA	NA	86f61d7f852e2a80c3d4d46422f92405953b9b0b	192347063b49bae33de9e3178e82741e227650affa42bd9d4a294c1ca452e7ad
2026-08-30T13:02:22Z	cpt_t2b_mean_noise_seed123	step39	1277952	6138277	dev	code	NA	NA	0.490364	NA	NA	86f61d7f852e2a80c3d4d46422f92405953b9b0b	192347063b49bae33de9e3178e82741e227650affa42bd9d4a294c1ca452e7ad
2026-08-30T13:03:48Z	cpt_t2b_mean_noise_seed123	step58	1900544	9156132	dev	ko	NA	NA	1.8724	NA	NA	86f61d7f852e2a80c3d4d46422f92405953b9b0b	192347063b49bae33de9e3178e82741e227650affa42bd9d4a294c1ca452e7ad
2026-08-30T13:03:48Z	cpt_t2b_mean_noise_seed123	step58	1900544	9156132	dev	en	NA	NA	0.833196	NA	NA	86f61d7f852e2a80c3d4d46422f92405953b9b0b	192347063b49bae33de9e3178e82741e227650affa42bd9d4a294c1ca452e7ad
2026-08-30T13:03:48Z	cpt_t2b_mean_noise_seed123	step58	1900544	9156132	dev	code	NA	NA	0.490601	NA	NA	86f61d7f852e2a80c3d4d46422f92405953b9b0b	192347063b49bae33de9e3178e82741e227650affa42bd9d4a294c1ca452e7ad
2026-08-30T13:05:12Z	cpt_t2b_mean_noise_seed123	step76	2490368	12041668	dev	ko	NA	NA	1.862517	NA	NA	86f61d7f852e2a80c3d4d46422f92405953b9b0b	192347063b49bae33de9e3178e82741e227650affa42bd9d4a294c1ca452e7ad
2026-08-30T13:05:12Z	cpt_t2b_mean_noise_seed123	step76	2490368	12041668	dev	en	NA	NA	0.833343	NA	NA	86f61d7f852e2a80c3d4d46422f92405953b9b0b	192347063b49bae33de9e3178e82741e227650affa42bd9d4a294c1ca452e7ad
2026-08-30T13:05:12Z	cpt_t2b_mean_noise_seed123	step76	2490368	12041668	dev	code	NA	NA	0.490717	NA	NA	86f61d7f852e2a80c3d4d46422f92405953b9b0b	192347063b49bae33de9e3178e82741e227650affa42bd9d4a294c1ca452e7ad
2026-08-30T13:06:39Z	cpt_t2b_mean_noise_seed123	step95	3112960	15049281	dev	ko	NA	NA	1.859722	NA	NA	86f61d7f852e2a80c3d4d46422f92405953b9b0b	192347063b49bae33de9e3178e82741e227650affa42bd9d4a294c1ca452e7ad
2026-08-30T13:06:39Z	cpt_t2b_mean_noise_seed123	step95	3112960	15049281	dev	en	NA	NA	0.833364	NA	NA	86f61d7f852e2a80c3d4d46422f92405953b9b0b	192347063b49bae33de9e3178e82741e227650affa42bd9d4a294c1ca452e7ad
2026-08-30T13:06:39Z	cpt_t2b_mean_noise_seed123	step95	3112960	15049281	dev	code	NA	NA	0.490789	NA	NA	86f61d7f852e2a80c3d4d46422f92405953b9b0b	192347063b49bae33de9e3178e82741e227650affa42bd9d4a294c1ca452e7ad
2026-08-30T13:07:57Z	cpt_t2b_mean_noise_seed123	final	3624960	17509979	dev	ko	NA	NA	1.859202	NA	NA	86f61d7f852e2a80c3d4d46422f92405953b9b0b	192347063b49bae33de9e3178e82741e227650affa42bd9d4a294c1ca452e7ad
2026-08-30T13:07:57Z	cpt_t2b_mean_noise_seed123	final	3624960	17509979	dev	en	NA	NA	0.833395	NA	NA	86f61d7f852e2a80c3d4d46422f92405953b9b0b	192347063b49bae33de9e3178e82741e227650affa42bd9d4a294c1ca452e7ad
2026-08-30T13:07:57Z	cpt_t2b_mean_noise_seed123	final	3624960	17509979	dev	code	NA	NA	0.490774	NA	NA	86f61d7f852e2a80c3d4d46422f92405953b9b0b	192347063b49bae33de9e3178e82741e227650affa42bd9d4a294c1ca452e7ad
2026-08-30T13:12:03Z	cpt_t2b_mean_noise_seed2026	step20	655360	3140298	dev	ko	NA	NA	1.974568	NA	NA	86f61d7f852e2a80c3d4d46422f92405953b9b0b	4bf985c0c283435609cf5dfdd1469954b92b6ff4df49552589f9f9fb664176ec
2026-08-30T13:12:03Z	cpt_t2b_mean_noise_seed2026	step20	655360	3140298	dev	en	NA	NA	0.832476	NA	NA	86f61d7f852e2a80c3d4d46422f92405953b9b0b	4bf985c0c283435609cf5dfdd1469954b92b6ff4df49552589f9f9fb664176ec
2026-08-30T13:12:03Z	cpt_t2b_mean_noise_seed2026	step20	655360	3140298	dev	code	NA	NA	0.489436	NA	NA	86f61d7f852e2a80c3d4d46422f92405953b9b0b	4bf985c0c283435609cf5dfdd1469954b92b6ff4df49552589f9f9fb664176ec
2026-08-30T13:13:29Z	cpt_t2b_mean_noise_seed2026	step39	1277952	6117493	dev	ko	NA	NA	1.901437	NA	NA	86f61d7f852e2a80c3d4d46422f92405953b9b0b	4bf985c0c283435609cf5dfdd1469954b92b6ff4df49552589f9f9fb664176ec
2026-08-30T13:13:29Z	cpt_t2b_mean_noise_seed2026	step39	1277952	6117493	dev	en	NA	NA	0.833126	NA	NA	86f61d7f852e2a80c3d4d46422f92405953b9b0b	4bf985c0c283435609cf5dfdd1469954b92b6ff4df49552589f9f9fb664176ec
2026-08-30T13:13:29Z	cpt_t2b_mean_noise_seed2026	step39	1277952	6117493	dev	code	NA	NA	0.490319	NA	NA	86f61d7f852e2a80c3d4d46422f92405953b9b0b	4bf985c0c283435609cf5dfdd1469954b92b6ff4df49552589f9f9fb664176ec
2026-08-30T13:14:54Z	cpt_t2b_mean_noise_seed2026	step57	1867776	9001663	dev	ko	NA	NA	1.874195	NA	NA	86f61d7f852e2a80c3d4d46422f92405953b9b0b	4bf985c0c283435609cf5dfdd1469954b92b6ff4df49552589f9f9fb664176ec
2026-08-30T13:14:54Z	cpt_t2b_mean_noise_seed2026	step57	1867776	9001663	dev	en	NA	NA	0.833307	NA	NA	86f61d7f852e2a80c3d4d46422f92405953b9b0b	4bf985c0c283435609cf5dfdd1469954b92b6ff4df49552589f9f9fb664176ec
2026-08-30T13:14:54Z	cpt_t2b_mean_noise_seed2026	step57	1867776	9001663	dev	code	NA	NA	0.490582	NA	NA	86f61d7f852e2a80c3d4d46422f92405953b9b0b	4bf985c0c283435609cf5dfdd1469954b92b6ff4df49552589f9f9fb664176ec
2026-08-30T13:16:22Z	cpt_t2b_mean_noise_seed2026	step76	2490368	12051565	dev	ko	NA	NA	1.863284	NA	NA	86f61d7f852e2a80c3d4d46422f92405953b9b0b	4bf985c0c283435609cf5dfdd1469954b92b6ff4df49552589f9f9fb664176ec
2026-08-30T13:16:22Z	cpt_t2b_mean_noise_seed2026	step76	2490368	12051565	dev	en	NA	NA	0.833384	NA	NA	86f61d7f852e2a80c3d4d46422f92405953b9b0b	4bf985c0c283435609cf5dfdd1469954b92b6ff4df49552589f9f9fb664176ec
2026-08-30T13:16:22Z	cpt_t2b_mean_noise_seed2026	step76	2490368	12051565	dev	code	NA	NA	0.490652	NA	NA	86f61d7f852e2a80c3d4d46422f92405953b9b0b	4bf985c0c283435609cf5dfdd1469954b92b6ff4df49552589f9f9fb664176ec
2026-08-30T13:17:50Z	cpt_t2b_mean_noise_seed2026	step95	3112960	15059117	dev	ko	NA	NA	1.860551	NA	NA	86f61d7f852e2a80c3d4d46422f92405953b9b0b	4bf985c0c283435609cf5dfdd1469954b92b6ff4df49552589f9f9fb664176ec
2026-08-30T13:17:50Z	cpt_t2b_mean_noise_seed2026	step95	3112960	15059117	dev	en	NA	NA	0.833435	NA	NA	86f61d7f852e2a80c3d4d46422f92405953b9b0b	4bf985c0c283435609cf5dfdd1469954b92b6ff4df49552589f9f9fb664176ec
2026-08-30T13:17:50Z	cpt_t2b_mean_noise_seed2026	step95	3112960	15059117	dev	code	NA	NA	0.490733	NA	NA	86f61d7f852e2a80c3d4d46422f92405953b9b0b	4bf985c0c283435609cf5dfdd1469954b92b6ff4df49552589f9f9fb664176ec
2026-08-30T13:19:03Z	cpt_t2b_mean_noise_seed2026	final	3616768	17504870	dev	ko	NA	NA	1.859917	NA	NA	86f61d7f852e2a80c3d4d46422f92405953b9b0b	4bf985c0c283435609cf5dfdd1469954b92b6ff4df49552589f9f9fb664176ec
2026-08-30T13:19:03Z	cpt_t2b_mean_noise_seed2026	final	3616768	17504870	dev	en	NA	NA	0.833436	NA	NA	86f61d7f852e2a80c3d4d46422f92405953b9b0b	4bf985c0c283435609cf5dfdd1469954b92b6ff4df49552589f9f9fb664176ec
2026-08-30T13:19:03Z	cpt_t2b_mean_noise_seed2026	final	3616768	17504870	dev	code	NA	NA	0.490691	NA	NA	86f61d7f852e2a80c3d4d46422f92405953b9b0b	4bf985c0c283435609cf5dfdd1469954b92b6ff4df49552589f9f9fb664176ec
2026-08-30T13:24:46Z	cpt_c0_qwen_noise2_seed42	step27	884736	3015407	dev	ko	NA	NA	1.152488	NA	NA	86f61d7f852e2a80c3d4d46422f92405953b9b0b	c5d7d8598808fb136764219d88290c51457409a0bde539eb9da766d7dac688e3
2026-08-30T13:24:46Z	cpt_c0_qwen_noise2_seed42	step27	884736	3015407	dev	en	NA	NA	0.827607	NA	NA	86f61d7f852e2a80c3d4d46422f92405953b9b0b	c5d7d8598808fb136764219d88290c51457409a0bde539eb9da766d7dac688e3
2026-08-30T13:24:46Z	cpt_c0_qwen_noise2_seed42	step27	884736	3015407	dev	code	NA	NA	0.483804	NA	NA	86f61d7f852e2a80c3d4d46422f92405953b9b0b	c5d7d8598808fb136764219d88290c51457409a0bde539eb9da766d7dac688e3
2026-08-30T13:26:45Z	cpt_c0_qwen_noise2_seed42	step55	1802240	6065031	dev	ko	NA	NA	1.150877	NA	NA	86f61d7f852e2a80c3d4d46422f92405953b9b0b	c5d7d8598808fb136764219d88290c51457409a0bde539eb9da766d7dac688e3
2026-08-30T13:26:45Z	cpt_c0_qwen_noise2_seed42	step55	1802240	6065031	dev	en	NA	NA	0.827623	NA	NA	86f61d7f852e2a80c3d4d46422f92405953b9b0b	c5d7d8598808fb136764219d88290c51457409a0bde539eb9da766d7dac688e3
2026-08-30T13:26:45Z	cpt_c0_qwen_noise2_seed42	step55	1802240	6065031	dev	code	NA	NA	0.483837	NA	NA	86f61d7f852e2a80c3d4d46422f92405953b9b0b	c5d7d8598808fb136764219d88290c51457409a0bde539eb9da766d7dac688e3
2026-08-30T13:28:39Z	cpt_c0_qwen_noise2_seed42	step82	2686976	9042537	dev	ko	NA	NA	1.150118	NA	NA	86f61d7f852e2a80c3d4d46422f92405953b9b0b	c5d7d8598808fb136764219d88290c51457409a0bde539eb9da766d7dac688e3
2026-08-30T13:28:39Z	cpt_c0_qwen_noise2_seed42	step82	2686976	9042537	dev	en	NA	NA	0.827669	NA	NA	86f61d7f852e2a80c3d4d46422f92405953b9b0b	c5d7d8598808fb136764219d88290c51457409a0bde539eb9da766d7dac688e3
2026-08-30T13:28:39Z	cpt_c0_qwen_noise2_seed42	step82	2686976	9042537	dev	code	NA	NA	0.483802	NA	NA	86f61d7f852e2a80c3d4d46422f92405953b9b0b	c5d7d8598808fb136764219d88290c51457409a0bde539eb9da766d7dac688e3
2026-08-30T13:30:34Z	cpt_c0_qwen_noise2_seed42	step109	3571712	12047031	dev	ko	NA	NA	1.149759	NA	NA	86f61d7f852e2a80c3d4d46422f92405953b9b0b	c5d7d8598808fb136764219d88290c51457409a0bde539eb9da766d7dac688e3
2026-08-30T13:30:34Z	cpt_c0_qwen_noise2_seed42	step109	3571712	12047031	dev	en	NA	NA	0.8277	NA	NA	86f61d7f852e2a80c3d4d46422f92405953b9b0b	c5d7d8598808fb136764219d88290c51457409a0bde539eb9da766d7dac688e3
2026-08-30T13:30:34Z	cpt_c0_qwen_noise2_seed42	step109	3571712	12047031	dev	code	NA	NA	0.483819	NA	NA	86f61d7f852e2a80c3d4d46422f92405953b9b0b	c5d7d8598808fb136764219d88290c51457409a0bde539eb9da766d7dac688e3
2026-08-30T13:32:28Z	cpt_c0_qwen_noise2_seed42	step136	4456448	15020039	dev	ko	NA	NA	1.149629	NA	NA	86f61d7f852e2a80c3d4d46422f92405953b9b0b	c5d7d8598808fb136764219d88290c51457409a0bde539eb9da766d7dac688e3
2026-08-30T13:32:28Z	cpt_c0_qwen_noise2_seed42	step136	4456448	15020039	dev	en	NA	NA	0.82766	NA	NA	86f61d7f852e2a80c3d4d46422f92405953b9b0b	c5d7d8598808fb136764219d88290c51457409a0bde539eb9da766d7dac688e3
2026-08-30T13:32:28Z	cpt_c0_qwen_noise2_seed42	step136	4456448	15020039	dev	code	NA	NA	0.483822	NA	NA	86f61d7f852e2a80c3d4d46422f92405953b9b0b	c5d7d8598808fb136764219d88290c51457409a0bde539eb9da766d7dac688e3
2026-08-30T13:34:08Z	cpt_c0_qwen_noise2_seed42	final	5197824	17512264	dev	ko	NA	NA	1.149622	NA	NA	86f61d7f852e2a80c3d4d46422f92405953b9b0b	c5d7d8598808fb136764219d88290c51457409a0bde539eb9da766d7dac688e3
2026-08-30T13:34:08Z	cpt_c0_qwen_noise2_seed42	final	5197824	17512264	dev	en	NA	NA	0.827699	NA	NA	86f61d7f852e2a80c3d4d46422f92405953b9b0b	c5d7d8598808fb136764219d88290c51457409a0bde539eb9da766d7dac688e3
2026-08-30T13:34:08Z	cpt_c0_qwen_noise2_seed42	final	5197824	17512264	dev	code	NA	NA	0.483812	NA	NA	86f61d7f852e2a80c3d4d46422f92405953b9b0b	c5d7d8598808fb136764219d88290c51457409a0bde539eb9da766d7dac688e3
2026-08-30T13:38:44Z	cpt_c0_qwen_noise2_seed123	step28	917504	3072880	dev	ko	NA	NA	1.152562	NA	NA	86f61d7f852e2a80c3d4d46422f92405953b9b0b	af68625696bb72378e89cd419412777e966e5c6bd59ef2d231650052ddaddd4b
2026-08-30T13:38:44Z	cpt_c0_qwen_noise2_seed123	step28	917504	3072880	dev	en	NA	NA	0.827602	NA	NA	86f61d7f852e2a80c3d4d46422f92405953b9b0b	af68625696bb72378e89cd419412777e966e5c6bd59ef2d231650052ddaddd4b
2026-08-30T13:38:44Z	cpt_c0_qwen_noise2_seed123	step28	917504	3072880	dev	code	NA	NA	0.48383	NA	NA	86f61d7f852e2a80c3d4d46422f92405953b9b0b	af68625696bb72378e89cd419412777e966e5c6bd59ef2d231650052ddaddd4b
2026-08-30T13:40:37Z	cpt_c0_qwen_noise2_seed123	step55	1802240	6035086	dev	ko	NA	NA	1.150976	NA	NA	86f61d7f852e2a80c3d4d46422f92405953b9b0b	af68625696bb72378e89cd419412777e966e5c6bd59ef2d231650052ddaddd4b
2026-08-30T13:40:37Z	cpt_c0_qwen_noise2_seed123	step55	1802240	6035086	dev	en	NA	NA	0.827729	NA	NA	86f61d7f852e2a80c3d4d46422f92405953b9b0b	af68625696bb72378e89cd419412777e966e5c6bd59ef2d231650052ddaddd4b
2026-08-30T13:40:37Z	cpt_c0_qwen_noise2_seed123	step55	1802240	6035086	dev	code	NA	NA	0.483911	NA	NA	86f61d7f852e2a80c3d4d46422f92405953b9b0b	af68625696bb72378e89cd419412777e966e5c6bd59ef2d231650052ddaddd4b
2026-08-30T13:42:31Z	cpt_c0_qwen_noise2_seed123	step82	2686976	9032933	dev	ko	NA	NA	1.150237	NA	NA	86f61d7f852e2a80c3d4d46422f92405953b9b0b	af68625696bb72378e89cd419412777e966e5c6bd59ef2d231650052ddaddd4b
2026-08-30T13:42:32Z	cpt_c0_qwen_noise2_seed123	step82	2686976	9032933	dev	en	NA	NA	0.827728	NA	NA	86f61d7f852e2a80c3d4d46422f92405953b9b0b	af68625696bb72378e89cd419412777e966e5c6bd59ef2d231650052ddaddd4b
2026-08-30T13:42:32Z	cpt_c0_qwen_noise2_seed123	step82	2686976	9032933	dev	code	NA	NA	0.483907	NA	NA	86f61d7f852e2a80c3d4d46422f92405953b9b0b	af68625696bb72378e89cd419412777e966e5c6bd59ef2d231650052ddaddd4b
2026-08-30T13:44:25Z	cpt_c0_qwen_noise2_seed123	step109	3571712	12035016	dev	ko	NA	NA	1.149885	NA	NA	86f61d7f852e2a80c3d4d46422f92405953b9b0b	af68625696bb72378e89cd419412777e966e5c6bd59ef2d231650052ddaddd4b
2026-08-30T13:44:25Z	cpt_c0_qwen_noise2_seed123	step109	3571712	12035016	dev	en	NA	NA	0.827725	NA	NA	86f61d7f852e2a80c3d4d46422f92405953b9b0b	af68625696bb72378e89cd419412777e966e5c6bd59ef2d231650052ddaddd4b
2026-08-30T13:44:25Z	cpt_c0_qwen_noise2_seed123	step109	3571712	12035016	dev	code	NA	NA	0.483946	NA	NA	86f61d7f852e2a80c3d4d46422f92405953b9b0b	af68625696bb72378e89cd419412777e966e5c6bd59ef2d231650052ddaddd4b
2026-08-30T13:46:20Z	cpt_c0_qwen_noise2_seed123	step136	4456448	15022072	dev	ko	NA	NA	1.149785	NA	NA	86f61d7f852e2a80c3d4d46422f92405953b9b0b	af68625696bb72378e89cd419412777e966e5c6bd59ef2d231650052ddaddd4b
2026-08-30T13:46:20Z	cpt_c0_qwen_noise2_seed123	step136	4456448	15022072	dev	en	NA	NA	0.8277	NA	NA	86f61d7f852e2a80c3d4d46422f92405953b9b0b	af68625696bb72378e89cd419412777e966e5c6bd59ef2d231650052ddaddd4b
2026-08-30T13:46:20Z	cpt_c0_qwen_noise2_seed123	step136	4456448	15022072	dev	code	NA	NA	0.483911	NA	NA	86f61d7f852e2a80c3d4d46422f92405953b9b0b	af68625696bb72378e89cd419412777e966e5c6bd59ef2d231650052ddaddd4b
2026-08-30T13:48:00Z	cpt_c0_qwen_noise2_seed123	final	5193728	17502912	dev	ko	NA	NA	1.149741	NA	NA	86f61d7f852e2a80c3d4d46422f92405953b9b0b	af68625696bb72378e89cd419412777e966e5c6bd59ef2d231650052ddaddd4b
2026-08-30T13:48:00Z	cpt_c0_qwen_noise2_seed123	final	5193728	17502912	dev	en	NA	NA	0.827735	NA	NA	86f61d7f852e2a80c3d4d46422f92405953b9b0b	af68625696bb72378e89cd419412777e966e5c6bd59ef2d231650052ddaddd4b
2026-08-30T13:48:00Z	cpt_c0_qwen_noise2_seed123	final	5193728	17502912	dev	code	NA	NA	0.483919	NA	NA	86f61d7f852e2a80c3d4d46422f92405953b9b0b	af68625696bb72378e89cd419412777e966e5c6bd59ef2d231650052ddaddd4b
2026-08-30T13:52:36Z	cpt_c0_qwen_noise2_seed2026	step28	917504	3070502	dev	ko	NA	NA	1.152558	NA	NA	86f61d7f852e2a80c3d4d46422f92405953b9b0b	56fb2a0dc85daed8acb48e47b961e280f60320f385e46d296e864bcdf3d53094
2026-08-30T13:52:36Z	cpt_c0_qwen_noise2_seed2026	step28	917504	3070502	dev	en	NA	NA	0.82764	NA	NA	86f61d7f852e2a80c3d4d46422f92405953b9b0b	56fb2a0dc85daed8acb48e47b961e280f60320f385e46d296e864bcdf3d53094
2026-08-30T13:52:36Z	cpt_c0_qwen_noise2_seed2026	step28	917504	3070502	dev	code	NA	NA	0.483768	NA	NA	86f61d7f852e2a80c3d4d46422f92405953b9b0b	56fb2a0dc85daed8acb48e47b961e280f60320f385e46d296e864bcdf3d53094
2026-08-30T13:54:30Z	cpt_c0_qwen_noise2_seed2026	step55	1802240	6029687	dev	ko	NA	NA	1.151109	NA	NA	86f61d7f852e2a80c3d4d46422f92405953b9b0b	56fb2a0dc85daed8acb48e47b961e280f60320f385e46d296e864bcdf3d53094
2026-08-30T13:54:30Z	cpt_c0_qwen_noise2_seed2026	step55	1802240	6029687	dev	en	NA	NA	0.827699	NA	NA	86f61d7f852e2a80c3d4d46422f92405953b9b0b	56fb2a0dc85daed8acb48e47b961e280f60320f385e46d296e864bcdf3d53094
2026-08-30T13:54:30Z	cpt_c0_qwen_noise2_seed2026	step55	1802240	6029687	dev	code	NA	NA	0.483839	NA	NA	86f61d7f852e2a80c3d4d46422f92405953b9b0b	56fb2a0dc85daed8acb48e47b961e280f60320f385e46d296e864bcdf3d53094
2026-08-30T13:56:25Z	cpt_c0_qwen_noise2_seed2026	step82	2686976	9031064	dev	ko	NA	NA	1.150158	NA	NA	86f61d7f852e2a80c3d4d46422f92405953b9b0b	56fb2a0dc85daed8acb48e47b961e280f60320f385e46d296e864bcdf3d53094
2026-08-30T13:56:25Z	cpt_c0_qwen_noise2_seed2026	step82	2686976	9031064	dev	en	NA	NA	0.82772	NA	NA	86f61d7f852e2a80c3d4d46422f92405953b9b0b	56fb2a0dc85daed8acb48e47b961e280f60320f385e46d296e864bcdf3d53094
2026-08-30T13:56:25Z	cpt_c0_qwen_noise2_seed2026	step82	2686976	9031064	dev	code	NA	NA	0.483824	NA	NA	86f61d7f852e2a80c3d4d46422f92405953b9b0b	56fb2a0dc85daed8acb48e47b961e280f60320f385e46d296e864bcdf3d53094
2026-08-30T13:58:18Z	cpt_c0_qwen_noise2_seed2026	step109	3571712	12043883	dev	ko	NA	NA	1.149837	NA	NA	86f61d7f852e2a80c3d4d46422f92405953b9b0b	56fb2a0dc85daed8acb48e47b961e280f60320f385e46d296e864bcdf3d53094
2026-08-30T13:58:19Z	cpt_c0_qwen_noise2_seed2026	step109	3571712	12043883	dev	en	NA	NA	0.827738	NA	NA	86f61d7f852e2a80c3d4d46422f92405953b9b0b	56fb2a0dc85daed8acb48e47b961e280f60320f385e46d296e864bcdf3d53094
2026-08-30T13:58:19Z	cpt_c0_qwen_noise2_seed2026	step109	3571712	12043883	dev	code	NA	NA	0.483863	NA	NA	86f61d7f852e2a80c3d4d46422f92405953b9b0b	56fb2a0dc85daed8acb48e47b961e280f60320f385e46d296e864bcdf3d53094
2026-08-30T14:00:13Z	cpt_c0_qwen_noise2_seed2026	step136	4456448	15040954	dev	ko	NA	NA	1.149741	NA	NA	86f61d7f852e2a80c3d4d46422f92405953b9b0b	56fb2a0dc85daed8acb48e47b961e280f60320f385e46d296e864bcdf3d53094
2026-08-30T14:00:13Z	cpt_c0_qwen_noise2_seed2026	step136	4456448	15040954	dev	en	NA	NA	0.827737	NA	NA	86f61d7f852e2a80c3d4d46422f92405953b9b0b	56fb2a0dc85daed8acb48e47b961e280f60320f385e46d296e864bcdf3d53094
2026-08-30T14:00:13Z	cpt_c0_qwen_noise2_seed2026	step136	4456448	15040954	dev	code	NA	NA	0.483812	NA	NA	86f61d7f852e2a80c3d4d46422f92405953b9b0b	56fb2a0dc85daed8acb48e47b961e280f60320f385e46d296e864bcdf3d53094
2026-08-30T14:01:53Z	cpt_c0_qwen_noise2_seed2026	final	5185536	17506913	dev	ko	NA	NA	1.149731	NA	NA	86f61d7f852e2a80c3d4d46422f92405953b9b0b	56fb2a0dc85daed8acb48e47b961e280f60320f385e46d296e864bcdf3d53094
2026-08-30T14:01:53Z	cpt_c0_qwen_noise2_seed2026	final	5185536	17506913	dev	en	NA	NA	0.82776	NA	NA	86f61d7f852e2a80c3d4d46422f92405953b9b0b	56fb2a0dc85daed8acb48e47b961e280f60320f385e46d296e864bcdf3d53094
2026-08-30T14:01:53Z	cpt_c0_qwen_noise2_seed2026	final	5185536	17506913	dev	code	NA	NA	0.483864	NA	NA	86f61d7f852e2a80c3d4d46422f92405953b9b0b	56fb2a0dc85daed8acb48e47b961e280f60320f385e46d296e864bcdf3d53094
2026-08-30T14:17:04Z	cpt_c0_qwen_savecheck_seed42	step8	262144	894803	dev	ko	NA	NA	1.13637	NA	NA	14bb288649c940c032bfb05e439df7eeec312a3d	54793e4fabb22939161f1c0a19e9d30ceda7f70b71b063fb92563b5e21e71bdc
2026-08-30T14:17:04Z	cpt_c0_qwen_savecheck_seed42	step8	262144	894803	dev	en	NA	NA	0.829148	NA	NA	14bb288649c940c032bfb05e439df7eeec312a3d	54793e4fabb22939161f1c0a19e9d30ceda7f70b71b063fb92563b5e21e71bdc
2026-08-30T14:17:04Z	cpt_c0_qwen_savecheck_seed42	step8	262144	894803	dev	code	NA	NA	0.422718	NA	NA	14bb288649c940c032bfb05e439df7eeec312a3d	54793e4fabb22939161f1c0a19e9d30ceda7f70b71b063fb92563b5e21e71bdc
2026-08-30T14:17:10Z	cpt_c0_qwen_savecheck_seed42	final	266240	908491	dev	ko	NA	NA	1.13637	NA	NA	14bb288649c940c032bfb05e439df7eeec312a3d	54793e4fabb22939161f1c0a19e9d30ceda7f70b71b063fb92563b5e21e71bdc
2026-08-30T14:17:10Z	cpt_c0_qwen_savecheck_seed42	final	266240	908491	dev	en	NA	NA	0.829148	NA	NA	14bb288649c940c032bfb05e439df7eeec312a3d	54793e4fabb22939161f1c0a19e9d30ceda7f70b71b063fb92563b5e21e71bdc
2026-08-30T14:17:10Z	cpt_c0_qwen_savecheck_seed42	final	266240	908491	dev	code	NA	NA	0.422718	NA	NA	14bb288649c940c032bfb05e439df7eeec312a3d	54793e4fabb22939161f1c0a19e9d30ceda7f70b71b063fb92563b5e21e71bdc
2026-08-30T14:21:28Z	cpt_t2a_none_noise_seed42	step27	884736	3015394	dev	ko	NA	NA	1.151578	NA	NA	14bb288649c940c032bfb05e439df7eeec312a3d	f60b4537ffe956c6447f949137cde82a64756e2de804556e4353257672a416f9
2026-08-30T14:21:28Z	cpt_t2a_none_noise_seed42	step27	884736	3015394	dev	en	NA	NA	0.827585	NA	NA	14bb288649c940c032bfb05e439df7eeec312a3d	f60b4537ffe956c6447f949137cde82a64756e2de804556e4353257672a416f9
2026-08-30T14:21:28Z	cpt_t2a_none_noise_seed42	step27	884736	3015394	dev	code	NA	NA	0.485281	NA	NA	14bb288649c940c032bfb05e439df7eeec312a3d	f60b4537ffe956c6447f949137cde82a64756e2de804556e4353257672a416f9
2026-08-30T14:22:58Z	cpt_t2a_none_noise_seed42	step55	1802240	6064969	dev	ko	NA	NA	1.149919	NA	NA	14bb288649c940c032bfb05e439df7eeec312a3d	f60b4537ffe956c6447f949137cde82a64756e2de804556e4353257672a416f9
2026-08-30T14:22:58Z	cpt_t2a_none_noise_seed42	step55	1802240	6064969	dev	en	NA	NA	0.827587	NA	NA	14bb288649c940c032bfb05e439df7eeec312a3d	f60b4537ffe956c6447f949137cde82a64756e2de804556e4353257672a416f9
2026-08-30T14:22:58Z	cpt_t2a_none_noise_seed42	step55	1802240	6064969	dev	code	NA	NA	0.485319	NA	NA	14bb288649c940c032bfb05e439df7eeec312a3d	f60b4537ffe956c6447f949137cde82a64756e2de804556e4353257672a416f9
2026-08-30T14:24:25Z	cpt_t2a_none_noise_seed42	step82	2686976	9042368	dev	ko	NA	NA	1.149178	NA	NA	14bb288649c940c032bfb05e439df7eeec312a3d	f60b4537ffe956c6447f949137cde82a64756e2de804556e4353257672a416f9
2026-08-30T14:24:25Z	cpt_t2a_none_noise_seed42	step82	2686976	9042368	dev	en	NA	NA	0.827629	NA	NA	14bb288649c940c032bfb05e439df7eeec312a3d	f60b4537ffe956c6447f949137cde82a64756e2de804556e4353257672a416f9
2026-08-30T14:24:25Z	cpt_t2a_none_noise_seed42	step82	2686976	9042368	dev	code	NA	NA	0.485256	NA	NA	14bb288649c940c032bfb05e439df7eeec312a3d	f60b4537ffe956c6447f949137cde82a64756e2de804556e4353257672a416f9
2026-08-30T14:25:48Z	cpt_t2a_none_noise_seed42	step109	3571712	12046910	dev	ko	NA	NA	1.148837	NA	NA	14bb288649c940c032bfb05e439df7eeec312a3d	f60b4537ffe956c6447f949137cde82a64756e2de804556e4353257672a416f9
2026-08-30T14:25:48Z	cpt_t2a_none_noise_seed42	step109	3571712	12046910	dev	en	NA	NA	0.827652	NA	NA	14bb288649c940c032bfb05e439df7eeec312a3d	f60b4537ffe956c6447f949137cde82a64756e2de804556e4353257672a416f9
2026-08-30T14:25:48Z	cpt_t2a_none_noise_seed42	step109	3571712	12046910	dev	code	NA	NA	0.485312	NA	NA	14bb288649c940c032bfb05e439df7eeec312a3d	f60b4537ffe956c6447f949137cde82a64756e2de804556e4353257672a416f9
2026-08-30T14:27:13Z	cpt_t2a_none_noise_seed42	step136	4456448	15019814	dev	ko	NA	NA	1.148741	NA	NA	14bb288649c940c032bfb05e439df7eeec312a3d	f60b4537ffe956c6447f949137cde82a64756e2de804556e4353257672a416f9
2026-08-30T14:27:13Z	cpt_t2a_none_noise_seed42	step136	4456448	15019814	dev	en	NA	NA	0.827629	NA	NA	14bb288649c940c032bfb05e439df7eeec312a3d	f60b4537ffe956c6447f949137cde82a64756e2de804556e4353257672a416f9
2026-08-30T14:27:13Z	cpt_t2a_none_noise_seed42	step136	4456448	15019814	dev	code	NA	NA	0.485332	NA	NA	14bb288649c940c032bfb05e439df7eeec312a3d	f60b4537ffe956c6447f949137cde82a64756e2de804556e4353257672a416f9
2026-08-30T14:28:27Z	cpt_t2a_none_noise_seed42	final	5197824	17511851	dev	ko	NA	NA	1.148695	NA	NA	14bb288649c940c032bfb05e439df7eeec312a3d	f60b4537ffe956c6447f949137cde82a64756e2de804556e4353257672a416f9
2026-08-30T14:28:27Z	cpt_t2a_none_noise_seed42	final	5197824	17511851	dev	en	NA	NA	0.827675	NA	NA	14bb288649c940c032bfb05e439df7eeec312a3d	f60b4537ffe956c6447f949137cde82a64756e2de804556e4353257672a416f9
2026-08-30T14:28:27Z	cpt_t2a_none_noise_seed42	final	5197824	17511851	dev	code	NA	NA	0.48529	NA	NA	14bb288649c940c032bfb05e439df7eeec312a3d	f60b4537ffe956c6447f949137cde82a64756e2de804556e4353257672a416f9
2026-08-30T14:32:35Z	cpt_t2a_none_noise_seed123	step28	917504	3072863	dev	ko	NA	NA	1.15165	NA	NA	14bb288649c940c032bfb05e439df7eeec312a3d	64c2299ea00316734e7c42956ddead3435d6aceddcf74a2c8c471b4ba6deb087
2026-08-30T14:32:35Z	cpt_t2a_none_noise_seed123	step28	917504	3072863	dev	en	NA	NA	0.827572	NA	NA	14bb288649c940c032bfb05e439df7eeec312a3d	64c2299ea00316734e7c42956ddead3435d6aceddcf74a2c8c471b4ba6deb087
2026-08-30T14:32:35Z	cpt_t2a_none_noise_seed123	step28	917504	3072863	dev	code	NA	NA	0.485323	NA	NA	14bb288649c940c032bfb05e439df7eeec312a3d	64c2299ea00316734e7c42956ddead3435d6aceddcf74a2c8c471b4ba6deb087
2026-08-30T14:34:01Z	cpt_t2a_none_noise_seed123	step55	1802240	6035041	dev	ko	NA	NA	1.15007	NA	NA	14bb288649c940c032bfb05e439df7eeec312a3d	64c2299ea00316734e7c42956ddead3435d6aceddcf74a2c8c471b4ba6deb087
2026-08-30T14:34:01Z	cpt_t2a_none_noise_seed123	step55	1802240	6035041	dev	en	NA	NA	0.82771	NA	NA	14bb288649c940c032bfb05e439df7eeec312a3d	64c2299ea00316734e7c42956ddead3435d6aceddcf74a2c8c471b4ba6deb087
2026-08-30T14:34:01Z	cpt_t2a_none_noise_seed123	step55	1802240	6035041	dev	code	NA	NA	0.485343	NA	NA	14bb288649c940c032bfb05e439df7eeec312a3d	64c2299ea00316734e7c42956ddead3435d6aceddcf74a2c8c471b4ba6deb087
2026-08-30T14:35:28Z	cpt_t2a_none_noise_seed123	step82	2686976	9032818	dev	ko	NA	NA	1.14932	NA	NA	14bb288649c940c032bfb05e439df7eeec312a3d	64c2299ea00316734e7c42956ddead3435d6aceddcf74a2c8c471b4ba6deb087
2026-08-30T14:35:28Z	cpt_t2a_none_noise_seed123	step82	2686976	9032818	dev	en	NA	NA	0.827675	NA	NA	14bb288649c940c032bfb05e439df7eeec312a3d	64c2299ea00316734e7c42956ddead3435d6aceddcf74a2c8c471b4ba6deb087
2026-08-30T14:35:28Z	cpt_t2a_none_noise_seed123	step82	2686976	9032818	dev	code	NA	NA	0.485387	NA	NA	14bb288649c940c032bfb05e439df7eeec312a3d	64c2299ea00316734e7c42956ddead3435d6aceddcf74a2c8c471b4ba6deb087
2026-08-30T14:36:51Z	cpt_t2a_none_noise_seed123	step109	3571712	12034897	dev	ko	NA	NA	1.149007	NA	NA	14bb288649c940c032bfb05e439df7eeec312a3d	64c2299ea00316734e7c42956ddead3435d6aceddcf74a2c8c471b4ba6deb087
2026-08-30T14:36:51Z	cpt_t2a_none_noise_seed123	step109	3571712	12034897	dev	en	NA	NA	0.827663	NA	NA	14bb288649c940c032bfb05e439df7eeec312a3d	64c2299ea00316734e7c42956ddead3435d6aceddcf74a2c8c471b4ba6deb087
2026-08-30T14:36:51Z	cpt_t2a_none_noise_seed123	step109	3571712	12034897	dev	code	NA	NA	0.485387	NA	NA	14bb288649c940c032bfb05e439df7eeec312a3d	64c2299ea00316734e7c42956ddead3435d6aceddcf74a2c8c471b4ba6deb087
2026-08-30T14:39:17Z	cpt_t2a_none_noise_seed123	step136	4456448	15021787	dev	ko	NA	NA	1.148881	NA	NA	14bb288649c940c032bfb05e439df7eeec312a3d	64c2299ea00316734e7c42956ddead3435d6aceddcf74a2c8c471b4ba6deb087
2026-08-30T14:39:17Z	cpt_t2a_none_noise_seed123	step136	4456448	15021787	dev	en	NA	NA	0.827693	NA	NA	14bb288649c940c032bfb05e439df7eeec312a3d	64c2299ea00316734e7c42956ddead3435d6aceddcf74a2c8c471b4ba6deb087
2026-08-30T14:39:17Z	cpt_t2a_none_noise_seed123	step136	4456448	15021787	dev	code	NA	NA	0.485393	NA	NA	14bb288649c940c032bfb05e439df7eeec312a3d	64c2299ea00316734e7c42956ddead3435d6aceddcf74a2c8c471b4ba6deb087
2026-08-30T14:41:20Z	cpt_t2a_none_noise_seed123	final	5193728	17502696	dev	ko	NA	NA	1.148829	NA	NA	14bb288649c940c032bfb05e439df7eeec312a3d	64c2299ea00316734e7c42956ddead3435d6aceddcf74a2c8c471b4ba6deb087
2026-08-30T14:41:21Z	cpt_t2a_none_noise_seed123	final	5193728	17502696	dev	en	NA	NA	0.827704	NA	NA	14bb288649c940c032bfb05e439df7eeec312a3d	64c2299ea00316734e7c42956ddead3435d6aceddcf74a2c8c471b4ba6deb087
2026-08-30T14:41:21Z	cpt_t2a_none_noise_seed123	final	5193728	17502696	dev	code	NA	NA	0.485389	NA	NA	14bb288649c940c032bfb05e439df7eeec312a3d	64c2299ea00316734e7c42956ddead3435d6aceddcf74a2c8c471b4ba6deb087
2026-08-30T14:46:16Z	align_t2b_mean_smoke_seed42	align_0	0	0	dev	ko	NA	NA	2.321161	NA	NA	14bb288649c940c032bfb05e439df7eeec312a3d	43358a64ad57d9fbcae59d8b110c3115defaca41034d9f5050dace86fea46e7b
2026-08-30T14:54:32Z	cpt_t2a_none_noise_seed2026	step28	917504	3070398	dev	ko	NA	NA	1.151684	NA	NA	14bb288649c940c032bfb05e439df7eeec312a3d	8532f3d6f5ebd27a7eed79a429661f45b70f00467898ac9265875dd47aa12dd4
2026-08-30T14:54:32Z	cpt_t2a_none_noise_seed2026	step28	917504	3070398	dev	en	NA	NA	0.827598	NA	NA	14bb288649c940c032bfb05e439df7eeec312a3d	8532f3d6f5ebd27a7eed79a429661f45b70f00467898ac9265875dd47aa12dd4
2026-08-30T14:54:32Z	cpt_t2a_none_noise_seed2026	step28	917504	3070398	dev	code	NA	NA	0.485282	NA	NA	14bb288649c940c032bfb05e439df7eeec312a3d	8532f3d6f5ebd27a7eed79a429661f45b70f00467898ac9265875dd47aa12dd4
2026-08-30T14:56:00Z	cpt_t2a_none_noise_seed2026	step55	1802240	6029537	dev	ko	NA	NA	1.15012	NA	NA	14bb288649c940c032bfb05e439df7eeec312a3d	8532f3d6f5ebd27a7eed79a429661f45b70f00467898ac9265875dd47aa12dd4
2026-08-30T14:56:00Z	cpt_t2a_none_noise_seed2026	step55	1802240	6029537	dev	en	NA	NA	0.827701	NA	NA	14bb288649c940c032bfb05e439df7eeec312a3d	8532f3d6f5ebd27a7eed79a429661f45b70f00467898ac9265875dd47aa12dd4
2026-08-30T14:56:00Z	cpt_t2a_none_noise_seed2026	step55	1802240	6029537	dev	code	NA	NA	0.485327	NA	NA	14bb288649c940c032bfb05e439df7eeec312a3d	8532f3d6f5ebd27a7eed79a429661f45b70f00467898ac9265875dd47aa12dd4
2026-08-30T14:57:28Z	cpt_t2a_none_noise_seed2026	step82	2686976	9030821	dev	ko	NA	NA	1.1493	NA	NA	14bb288649c940c032bfb05e439df7eeec312a3d	8532f3d6f5ebd27a7eed79a429661f45b70f00467898ac9265875dd47aa12dd4
2026-08-30T14:57:28Z	cpt_t2a_none_noise_seed2026	step82	2686976	9030821	dev	en	NA	NA	0.827718	NA	NA	14bb288649c940c032bfb05e439df7eeec312a3d	8532f3d6f5ebd27a7eed79a429661f45b70f00467898ac9265875dd47aa12dd4
2026-08-30T14:57:28Z	cpt_t2a_none_noise_seed2026	step82	2686976	9030821	dev	code	NA	NA	0.485355	NA	NA	14bb288649c940c032bfb05e439df7eeec312a3d	8532f3d6f5ebd27a7eed79a429661f45b70f00467898ac9265875dd47aa12dd4
2026-08-30T14:58:56Z	cpt_t2a_none_noise_seed2026	step109	3571712	12043620	dev	ko	NA	NA	1.148942	NA	NA	14bb288649c940c032bfb05e439df7eeec312a3d	8532f3d6f5ebd27a7eed79a429661f45b70f00467898ac9265875dd47aa12dd4
2026-08-30T14:58:56Z	cpt_t2a_none_noise_seed2026	step109	3571712	12043620	dev	en	NA	NA	0.827712	NA	NA	14bb288649c940c032bfb05e439df7eeec312a3d	8532f3d6f5ebd27a7eed79a429661f45b70f00467898ac9265875dd47aa12dd4
2026-08-30T14:58:56Z	cpt_t2a_none_noise_seed2026	step109	3571712	12043620	dev	code	NA	NA	0.485318	NA	NA	14bb288649c940c032bfb05e439df7eeec312a3d	8532f3d6f5ebd27a7eed79a429661f45b70f00467898ac9265875dd47aa12dd4
2026-08-30T15:00:25Z	cpt_t2a_none_noise_seed2026	step136	4456448	15040591	dev	ko	NA	NA	1.14885	NA	NA	14bb288649c940c032bfb05e439df7eeec312a3d	8532f3d6f5ebd27a7eed79a429661f45b70f00467898ac9265875dd47aa12dd4
2026-08-30T15:00:25Z	cpt_t2a_none_noise_seed2026	step136	4456448	15040591	dev	en	NA	NA	0.827736	NA	NA	14bb288649c940c032bfb05e439df7eeec312a3d	8532f3d6f5ebd27a7eed79a429661f45b70f00467898ac9265875dd47aa12dd4
2026-08-30T15:00:25Z	cpt_t2a_none_noise_seed2026	step136	4456448	15040591	dev	code	NA	NA	0.485331	NA	NA	14bb288649c940c032bfb05e439df7eeec312a3d	8532f3d6f5ebd27a7eed79a429661f45b70f00467898ac9265875dd47aa12dd4
2026-08-30T15:01:41Z	cpt_t2a_none_noise_seed2026	final	5185536	17506498	dev	ko	NA	NA	1.148867	NA	NA	14bb288649c940c032bfb05e439df7eeec312a3d	8532f3d6f5ebd27a7eed79a429661f45b70f00467898ac9265875dd47aa12dd4
2026-08-30T15:01:41Z	cpt_t2a_none_noise_seed2026	final	5185536	17506498	dev	en	NA	NA	0.827702	NA	NA	14bb288649c940c032bfb05e439df7eeec312a3d	8532f3d6f5ebd27a7eed79a429661f45b70f00467898ac9265875dd47aa12dd4
2026-08-30T15:01:41Z	cpt_t2a_none_noise_seed2026	final	5185536	17506498	dev	code	NA	NA	0.485345	NA	NA	14bb288649c940c032bfb05e439df7eeec312a3d	8532f3d6f5ebd27a7eed79a429661f45b70f00467898ac9265875dd47aa12dd4
2026-08-30T15:02:59Z	align_t2b_mean_smoke_seed42	align_0	0	0	dev	ko	NA	NA	2.321161	NA	NA	14bb288649c940c032bfb05e439df7eeec312a3d	43358a64ad57d9fbcae59d8b110c3115defaca41034d9f5050dace86fea46e7b
2026-08-30T15:03:34Z	align_t2b_mean_smoke_seed42	align_1MB	327680	1594687	dev	ko	NA	NA	1.970491	NA	NA	14bb288649c940c032bfb05e439df7eeec312a3d	43358a64ad57d9fbcae59d8b110c3115defaca41034d9f5050dace86fea46e7b
2026-08-30T15:03:34Z	align_t2b_mean_smoke_seed42	align_1MB	327680	1594687	dev	en	NA	NA	0.825752	NA	NA	14bb288649c940c032bfb05e439df7eeec312a3d	43358a64ad57d9fbcae59d8b110c3115defaca41034d9f5050dace86fea46e7b
2026-08-30T15:03:34Z	align_t2b_mean_smoke_seed42	align_1MB	327680	1594687	dev	code	NA	NA	0.415139	NA	NA	14bb288649c940c032bfb05e439df7eeec312a3d	43358a64ad57d9fbcae59d8b110c3115defaca41034d9f5050dace86fea46e7b
2026-08-30T15:06:36Z	align_c0_qwen_v1_seed42	align_0	0	0	dev	ko	NA	NA	1.154998	NA	NA	14bb288649c940c032bfb05e439df7eeec312a3d	6e0ff0461ba5a1638834a0383b6f1f097de29577faee60dd0e4242f492c74b3e
2026-08-30T15:08:23Z	align_c0_qwen_v1_seed42	align_3MB	1015808	3405328	dev	ko	NA	NA	1.150632	NA	NA	14bb288649c940c032bfb05e439df7eeec312a3d	6e0ff0461ba5a1638834a0383b6f1f097de29577faee60dd0e4242f492c74b3e
2026-08-30T15:08:23Z	align_c0_qwen_v1_seed42	align_3MB	1015808	3405328	dev	en	NA	NA	0.839564	NA	NA	14bb288649c940c032bfb05e439df7eeec312a3d	6e0ff0461ba5a1638834a0383b6f1f097de29577faee60dd0e4242f492c74b3e
2026-08-30T15:08:23Z	align_c0_qwen_v1_seed42	align_3MB	1015808	3405328	dev	code	NA	NA	0.493769	NA	NA	14bb288649c940c032bfb05e439df7eeec312a3d	6e0ff0461ba5a1638834a0383b6f1f097de29577faee60dd0e4242f492c74b3e
2026-08-30T15:14:16Z	align_c0_qwen_v1_seed42	align_17MB	5046272	17003077	dev	ko	NA	NA	1.146524	NA	NA	a04ae54d073be765967502b7282a1179249c4553	6e0ff0461ba5a1638834a0383b6f1f097de29577faee60dd0e4242f492c74b3e
2026-08-30T15:14:16Z	align_c0_qwen_v1_seed42	align_17MB	5046272	17003077	dev	en	NA	NA	0.87657	NA	NA	a04ae54d073be765967502b7282a1179249c4553	6e0ff0461ba5a1638834a0383b6f1f097de29577faee60dd0e4242f492c74b3e
2026-08-30T15:14:16Z	align_c0_qwen_v1_seed42	align_17MB	5046272	17003077	dev	code	NA	NA	0.524007	NA	NA	a04ae54d073be765967502b7282a1179249c4553	6e0ff0461ba5a1638834a0383b6f1f097de29577faee60dd0e4242f492c74b3e
2026-08-30T15:21:31Z	align_c0_qwen_v1_seed42	align_34MB	10092544	34063345	dev	ko	NA	NA	1.143215	NA	NA	a04ae54d073be765967502b7282a1179249c4553	6e0ff0461ba5a1638834a0383b6f1f097de29577faee60dd0e4242f492c74b3e
2026-08-30T15:21:31Z	align_c0_qwen_v1_seed42	align_34MB	10092544	34063345	dev	en	NA	NA	0.899836	NA	NA	a04ae54d073be765967502b7282a1179249c4553	6e0ff0461ba5a1638834a0383b6f1f097de29577faee60dd0e4242f492c74b3e
2026-08-30T15:21:31Z	align_c0_qwen_v1_seed42	align_34MB	10092544	34063345	dev	code	NA	NA	0.547255	NA	NA	a04ae54d073be765967502b7282a1179249c4553	6e0ff0461ba5a1638834a0383b6f1f097de29577faee60dd0e4242f492c74b3e
2026-08-30T15:37:21Z	align_t2a_none_v1_seed42	align_0	0	0	dev	ko	NA	NA	1.154045	NA	NA	a04ae54d073be765967502b7282a1179249c4553	ae464841a16e898d10f4cfc9229e15305e1ce3417329fa12fa1298c74ee64a40
2026-08-30T15:38:39Z	align_t2a_none_v1_seed42	align_3MB	1015808	3405251	dev	ko	NA	NA	1.150577	NA	NA	a04ae54d073be765967502b7282a1179249c4553	ae464841a16e898d10f4cfc9229e15305e1ce3417329fa12fa1298c74ee64a40
2026-08-30T15:38:39Z	align_t2a_none_v1_seed42	align_3MB	1015808	3405251	dev	en	NA	NA	0.839818	NA	NA	a04ae54d073be765967502b7282a1179249c4553	ae464841a16e898d10f4cfc9229e15305e1ce3417329fa12fa1298c74ee64a40
2026-08-30T15:38:39Z	align_t2a_none_v1_seed42	align_3MB	1015808	3405251	dev	code	NA	NA	0.494845	NA	NA	a04ae54d073be765967502b7282a1179249c4553	ae464841a16e898d10f4cfc9229e15305e1ce3417329fa12fa1298c74ee64a40
2026-08-30T15:42:51Z	align_t2a_none_v1_seed42	align_17MB	5046272	17002847	dev	ko	NA	NA	1.146627	NA	NA	a04ae54d073be765967502b7282a1179249c4553	ae464841a16e898d10f4cfc9229e15305e1ce3417329fa12fa1298c74ee64a40
2026-08-30T15:42:51Z	align_t2a_none_v1_seed42	align_17MB	5046272	17002847	dev	en	NA	NA	0.876185	NA	NA	a04ae54d073be765967502b7282a1179249c4553	ae464841a16e898d10f4cfc9229e15305e1ce3417329fa12fa1298c74ee64a40
2026-08-30T15:42:51Z	align_t2a_none_v1_seed42	align_17MB	5046272	17002847	dev	code	NA	NA	0.526155	NA	NA	a04ae54d073be765967502b7282a1179249c4553	ae464841a16e898d10f4cfc9229e15305e1ce3417329fa12fa1298c74ee64a40
2026-08-30T15:48:00Z	align_t2a_none_v1_seed42	align_34MB	10092544	34062648	dev	ko	NA	NA	1.143439	NA	NA	a04ae54d073be765967502b7282a1179249c4553	ae464841a16e898d10f4cfc9229e15305e1ce3417329fa12fa1298c74ee64a40
2026-08-30T15:48:00Z	align_t2a_none_v1_seed42	align_34MB	10092544	34062648	dev	en	NA	NA	0.899778	NA	NA	a04ae54d073be765967502b7282a1179249c4553	ae464841a16e898d10f4cfc9229e15305e1ce3417329fa12fa1298c74ee64a40
2026-08-30T15:48:00Z	align_t2a_none_v1_seed42	align_34MB	10092544	34062648	dev	code	NA	NA	0.549596	NA	NA	a04ae54d073be765967502b7282a1179249c4553	ae464841a16e898d10f4cfc9229e15305e1ce3417329fa12fa1298c74ee64a40
2026-08-30T16:05:47Z	align_t2b_mean_smokemix_seed42	align_0	0	0	dev	ko	NA	NA	2.321161	NA	NA	a04ae54d073be765967502b7282a1179249c4553	f1cec03c78b219a1260b5c908f4c308a70d03ad9cd5e0e0986da49526fa75ba8
2026-08-30T16:06:26Z	align_t2b_mean_smokemix_seed42	align_1MB	360448	1593391	dev	ko	NA	NA	1.99833	NA	NA	a04ae54d073be765967502b7282a1179249c4553	f1cec03c78b219a1260b5c908f4c308a70d03ad9cd5e0e0986da49526fa75ba8
2026-08-30T16:06:26Z	align_t2b_mean_smokemix_seed42	align_1MB	360448	1593391	dev	en	NA	NA	0.828304	NA	NA	a04ae54d073be765967502b7282a1179249c4553	f1cec03c78b219a1260b5c908f4c308a70d03ad9cd5e0e0986da49526fa75ba8
2026-08-30T16:06:26Z	align_t2b_mean_smokemix_seed42	align_1MB	360448	1593391	dev	code	NA	NA	0.415622	NA	NA	a04ae54d073be765967502b7282a1179249c4553	f1cec03c78b219a1260b5c908f4c308a70d03ad9cd5e0e0986da49526fa75ba8
2026-08-30T16:07:01Z	align_t2b_mean_smokemix_seed42	align_final	679936	3012321	dev	ko	NA	NA	1.967689	NA	NA	a04ae54d073be765967502b7282a1179249c4553	f1cec03c78b219a1260b5c908f4c308a70d03ad9cd5e0e0986da49526fa75ba8
2026-08-30T16:07:01Z	align_t2b_mean_smokemix_seed42	align_final	679936	3012321	dev	en	NA	NA	0.828623	NA	NA	a04ae54d073be765967502b7282a1179249c4553	f1cec03c78b219a1260b5c908f4c308a70d03ad9cd5e0e0986da49526fa75ba8
2026-08-30T16:07:01Z	align_t2b_mean_smokemix_seed42	align_final	679936	3012321	dev	code	NA	NA	0.415746	NA	NA	a04ae54d073be765967502b7282a1179249c4553	f1cec03c78b219a1260b5c908f4c308a70d03ad9cd5e0e0986da49526fa75ba8
2026-08-31T05:13:49Z	align_t2b_mean_smoke_seed42	align_0	0	0	dev	ko	NA	NA	2.321161	NA	NA	c39627c2f5f892cbe4f1a30bc408bbac7a5c23b8	f1cec03c78b219a1260b5c908f4c308a70d03ad9cd5e0e0986da49526fa75ba8
2026-08-31T05:14:32Z	align_t2b_mean_smoke_seed42	align_1MB	360448	1593391	dev	ko	NA	NA	1.99815	NA	NA	c39627c2f5f892cbe4f1a30bc408bbac7a5c23b8	f1cec03c78b219a1260b5c908f4c308a70d03ad9cd5e0e0986da49526fa75ba8
2026-08-31T05:14:32Z	align_t2b_mean_smoke_seed42	align_1MB	360448	1593391	dev	en	NA	NA	0.828206	NA	NA	c39627c2f5f892cbe4f1a30bc408bbac7a5c23b8	f1cec03c78b219a1260b5c908f4c308a70d03ad9cd5e0e0986da49526fa75ba8
2026-08-31T05:14:32Z	align_t2b_mean_smoke_seed42	align_1MB	360448	1593391	dev	code	NA	NA	0.415677	NA	NA	c39627c2f5f892cbe4f1a30bc408bbac7a5c23b8	f1cec03c78b219a1260b5c908f4c308a70d03ad9cd5e0e0986da49526fa75ba8
2026-08-31T05:15:07Z	align_t2b_mean_smoke_seed42	align_final	679936	3012321	dev	ko	NA	NA	1.967506	NA	NA	c39627c2f5f892cbe4f1a30bc408bbac7a5c23b8	f1cec03c78b219a1260b5c908f4c308a70d03ad9cd5e0e0986da49526fa75ba8
2026-08-31T05:15:07Z	align_t2b_mean_smoke_seed42	align_final	679936	3012321	dev	en	NA	NA	0.828726	NA	NA	c39627c2f5f892cbe4f1a30bc408bbac7a5c23b8	f1cec03c78b219a1260b5c908f4c308a70d03ad9cd5e0e0986da49526fa75ba8
2026-08-31T05:15:07Z	align_t2b_mean_smoke_seed42	align_final	679936	3012321	dev	code	NA	NA	0.415855	NA	NA	c39627c2f5f892cbe4f1a30bc408bbac7a5c23b8	f1cec03c78b219a1260b5c908f4c308a70d03ad9cd5e0e0986da49526fa75ba8
2026-08-31T05:18:03Z	align_c0_qwen_probe_ko10en00code00_seed42	align_0	0	0	dev	ko	NA	NA	1.154998	NA	NA	c39627c2f5f892cbe4f1a30bc408bbac7a5c23b8	13e5b3da90b1ea8f586a6770514e10f28d0b0c7d90d232e60855263b8893b236
2026-08-31T05:29:44Z	align_c0_qwen_probe_ko10en00code00_seed42	align_17MB	5046272	17003077	dev	ko	NA	NA	1.147409	NA	NA	c39627c2f5f892cbe4f1a30bc408bbac7a5c23b8	13e5b3da90b1ea8f586a6770514e10f28d0b0c7d90d232e60855263b8893b236
2026-08-31T05:29:44Z	align_c0_qwen_probe_ko10en00code00_seed42	align_17MB	5046272	17003077	dev	en	NA	NA	0.857256	NA	NA	c39627c2f5f892cbe4f1a30bc408bbac7a5c23b8	13e5b3da90b1ea8f586a6770514e10f28d0b0c7d90d232e60855263b8893b236
2026-08-31T05:29:44Z	align_c0_qwen_probe_ko10en00code00_seed42	align_17MB	5046272	17003077	dev	code	NA	NA	0.508497	NA	NA	c39627c2f5f892cbe4f1a30bc408bbac7a5c23b8	13e5b3da90b1ea8f586a6770514e10f28d0b0c7d90d232e60855263b8893b236
2026-08-31T05:30:20Z	align_c0_qwen_probe_ko10en00code00_seed42	align_final	5046272	17003077	dev	ko	NA	NA	1.147409	NA	NA	c39627c2f5f892cbe4f1a30bc408bbac7a5c23b8	13e5b3da90b1ea8f586a6770514e10f28d0b0c7d90d232e60855263b8893b236
2026-08-31T05:30:20Z	align_c0_qwen_probe_ko10en00code00_seed42	align_final	5046272	17003077	dev	en	NA	NA	0.857256	NA	NA	c39627c2f5f892cbe4f1a30bc408bbac7a5c23b8	13e5b3da90b1ea8f586a6770514e10f28d0b0c7d90d232e60855263b8893b236
2026-08-31T05:30:20Z	align_c0_qwen_probe_ko10en00code00_seed42	align_final	5046272	17003077	dev	code	NA	NA	0.508497	NA	NA	c39627c2f5f892cbe4f1a30bc408bbac7a5c23b8	13e5b3da90b1ea8f586a6770514e10f28d0b0c7d90d232e60855263b8893b236
2026-08-31T05:33:08Z	align_c0_qwen_probe_ko08en01code01_seed42	align_0	0	0	dev	ko	NA	NA	1.154998	NA	NA	c39627c2f5f892cbe4f1a30bc408bbac7a5c23b8	6880bc722d2a917e4fc2e7324c1ede586116cf63e723300b0fbc87b93c5d6c8f
2026-08-31T05:40:53Z	align_c0_qwen_probe_ko08en01code01_seed42	align_17MB	4882432	17005589	dev	ko	NA	NA	1.147582	NA	NA	c39627c2f5f892cbe4f1a30bc408bbac7a5c23b8	6880bc722d2a917e4fc2e7324c1ede586116cf63e723300b0fbc87b93c5d6c8f
2026-08-31T05:40:53Z	align_c0_qwen_probe_ko08en01code01_seed42	align_17MB	4882432	17005589	dev	en	NA	NA	0.857512	NA	NA	c39627c2f5f892cbe4f1a30bc408bbac7a5c23b8	6880bc722d2a917e4fc2e7324c1ede586116cf63e723300b0fbc87b93c5d6c8f
2026-08-31T05:40:53Z	align_c0_qwen_probe_ko08en01code01_seed42	align_17MB	4882432	17005589	dev	code	NA	NA	0.50415	NA	NA	c39627c2f5f892cbe4f1a30bc408bbac7a5c23b8	6880bc722d2a917e4fc2e7324c1ede586116cf63e723300b0fbc87b93c5d6c8f
2026-08-31T05:41:17Z	align_c0_qwen_probe_ko08en01code01_seed42	align_final	4882432	17005589	dev	ko	NA	NA	1.147582	NA	NA	c39627c2f5f892cbe4f1a30bc408bbac7a5c23b8	6880bc722d2a917e4fc2e7324c1ede586116cf63e723300b0fbc87b93c5d6c8f
2026-08-31T05:41:17Z	align_c0_qwen_probe_ko08en01code01_seed42	align_final	4882432	17005589	dev	en	NA	NA	0.857512	NA	NA	c39627c2f5f892cbe4f1a30bc408bbac7a5c23b8	6880bc722d2a917e4fc2e7324c1ede586116cf63e723300b0fbc87b93c5d6c8f
2026-08-31T05:41:17Z	align_c0_qwen_probe_ko08en01code01_seed42	align_final	4882432	17005589	dev	code	NA	NA	0.50415	NA	NA	c39627c2f5f892cbe4f1a30bc408bbac7a5c23b8	6880bc722d2a917e4fc2e7324c1ede586116cf63e723300b0fbc87b93c5d6c8f
2026-08-31T05:44:01Z	align_c0_qwen_probe_ko06en02code02_seed42	align_0	0	0	dev	ko	NA	NA	1.154998	NA	NA	c39627c2f5f892cbe4f1a30bc408bbac7a5c23b8	afaf9e88810cc9638e206740ce2422df3ef58effbcd13887c6a6b090f2bafc92
2026-08-31T05:50:58Z	align_c0_qwen_probe_ko06en02code02_seed42	align_final	4698112	17005914	dev	ko	NA	NA	1.149087	NA	NA	c39627c2f5f892cbe4f1a30bc408bbac7a5c23b8	afaf9e88810cc9638e206740ce2422df3ef58effbcd13887c6a6b090f2bafc92
2026-08-31T05:50:58Z	align_c0_qwen_probe_ko06en02code02_seed42	align_final	4698112	17005914	dev	en	NA	NA	0.853715	NA	NA	c39627c2f5f892cbe4f1a30bc408bbac7a5c23b8	afaf9e88810cc9638e206740ce2422df3ef58effbcd13887c6a6b090f2bafc92
2026-08-31T05:50:58Z	align_c0_qwen_probe_ko06en02code02_seed42	align_final	4698112	17005914	dev	code	NA	NA	0.503828	NA	NA	c39627c2f5f892cbe4f1a30bc408bbac7a5c23b8	afaf9e88810cc9638e206740ce2422df3ef58effbcd13887c6a6b090f2bafc92
2026-08-31T05:57:21Z	align_c0_qwen_probelr1e5ko100_seed42	align_0	0	0	dev	ko	NA	NA	1.154998	NA	NA	8bfd1230c7f9db8c5c702ab0e46a990258bf3227	7cdcddbe91978d73ad37e053b987a27c547d98c310ab9e701b9af6dd4e136418
2026-08-31T06:04:56Z	align_c0_qwen_probelr1e5ko100_seed42	align_17MB	5046272	17003077	dev	ko	NA	NA	1.153759	NA	NA	8bfd1230c7f9db8c5c702ab0e46a990258bf3227	7cdcddbe91978d73ad37e053b987a27c547d98c310ab9e701b9af6dd4e136418
2026-08-31T06:04:56Z	align_c0_qwen_probelr1e5ko100_seed42	align_17MB	5046272	17003077	dev	en	NA	NA	0.827546	NA	NA	8bfd1230c7f9db8c5c702ab0e46a990258bf3227	7cdcddbe91978d73ad37e053b987a27c547d98c310ab9e701b9af6dd4e136418
2026-08-31T06:04:57Z	align_c0_qwen_probelr1e5ko100_seed42	align_17MB	5046272	17003077	dev	code	NA	NA	0.483782	NA	NA	8bfd1230c7f9db8c5c702ab0e46a990258bf3227	7cdcddbe91978d73ad37e053b987a27c547d98c310ab9e701b9af6dd4e136418
2026-08-31T06:05:28Z	align_c0_qwen_probelr1e5ko100_seed42	align_final	5046272	17003077	dev	ko	NA	NA	1.153759	NA	NA	8bfd1230c7f9db8c5c702ab0e46a990258bf3227	7cdcddbe91978d73ad37e053b987a27c547d98c310ab9e701b9af6dd4e136418
2026-08-31T06:05:28Z	align_c0_qwen_probelr1e5ko100_seed42	align_final	5046272	17003077	dev	en	NA	NA	0.827546	NA	NA	8bfd1230c7f9db8c5c702ab0e46a990258bf3227	7cdcddbe91978d73ad37e053b987a27c547d98c310ab9e701b9af6dd4e136418
2026-08-31T06:05:28Z	align_c0_qwen_probelr1e5ko100_seed42	align_final	5046272	17003077	dev	code	NA	NA	0.483782	NA	NA	8bfd1230c7f9db8c5c702ab0e46a990258bf3227	7cdcddbe91978d73ad37e053b987a27c547d98c310ab9e701b9af6dd4e136418
2026-08-31T06:08:55Z	align_t2b_mean_probelr1e5t2b_seed42	align_0	0	0	dev	ko	NA	NA	2.380758	NA	NA	8bfd1230c7f9db8c5c702ab0e46a990258bf3227	804cd18f1f188912855dff540797fd1536814e7e0714ba1d26b6157b59f74a19
2026-08-31T06:14:23Z	align_t2b_mean_probelr1e5t2b_seed42	align_final	3522560	17011135	dev	ko	NA	NA	2.308592	NA	NA	8bfd1230c7f9db8c5c702ab0e46a990258bf3227	804cd18f1f188912855dff540797fd1536814e7e0714ba1d26b6157b59f74a19
2026-08-31T06:14:23Z	align_t2b_mean_probelr1e5t2b_seed42	align_final	3522560	17011135	dev	en	NA	NA	0.828821	NA	NA	8bfd1230c7f9db8c5c702ab0e46a990258bf3227	804cd18f1f188912855dff540797fd1536814e7e0714ba1d26b6157b59f74a19
2026-08-31T06:14:23Z	align_t2b_mean_probelr1e5t2b_seed42	align_final	3522560	17011135	dev	code	NA	NA	0.487095	NA	NA	8bfd1230c7f9db8c5c702ab0e46a990258bf3227	804cd18f1f188912855dff540797fd1536814e7e0714ba1d26b6157b59f74a19
2026-08-31T06:37:26Z	cpt_c0_qwen_main_seed42	step181	5931008	20096824	dev	ko	NA	NA	1.148386	NA	NA	a6dc77c678932e0f177eb861ffbfe6f7a9fa0a07	c16f813e2213bacb0a3bea3419d274f7217bc9e3f765148b7e7fee93c5850ff8
2026-08-31T06:37:26Z	cpt_c0_qwen_main_seed42	step181	5931008	20096824	dev	en	NA	NA	0.812032	NA	NA	a6dc77c678932e0f177eb861ffbfe6f7a9fa0a07	c16f813e2213bacb0a3bea3419d274f7217bc9e3f765148b7e7fee93c5850ff8
2026-08-31T06:37:26Z	cpt_c0_qwen_main_seed42	step181	5931008	20096824	dev	code	NA	NA	0.438908	NA	NA	a6dc77c678932e0f177eb861ffbfe6f7a9fa0a07	c16f813e2213bacb0a3bea3419d274f7217bc9e3f765148b7e7fee93c5850ff8
2026-08-31T06:48:23Z	cpt_c0_qwen_main_seed42	step362	11862016	40100666	dev	ko	NA	NA	1.143644	NA	NA	a6dc77c678932e0f177eb861ffbfe6f7a9fa0a07	c16f813e2213bacb0a3bea3419d274f7217bc9e3f765148b7e7fee93c5850ff8
2026-08-31T06:48:23Z	cpt_c0_qwen_main_seed42	step362	11862016	40100666	dev	en	NA	NA	0.812614	NA	NA	a6dc77c678932e0f177eb861ffbfe6f7a9fa0a07	c16f813e2213bacb0a3bea3419d274f7217bc9e3f765148b7e7fee93c5850ff8
2026-08-31T06:48:23Z	cpt_c0_qwen_main_seed42	step362	11862016	40100666	dev	code	NA	NA	0.439507	NA	NA	a6dc77c678932e0f177eb861ffbfe6f7a9fa0a07	c16f813e2213bacb0a3bea3419d274f7217bc9e3f765148b7e7fee93c5850ff8
2026-08-31T06:59:10Z	cpt_c0_qwen_main_seed42	step542	17760256	60002315	dev	ko	NA	NA	1.140762	NA	NA	a6dc77c678932e0f177eb861ffbfe6f7a9fa0a07	c16f813e2213bacb0a3bea3419d274f7217bc9e3f765148b7e7fee93c5850ff8
2026-08-31T06:59:10Z	cpt_c0_qwen_main_seed42	step542	17760256	60002315	dev	en	NA	NA	0.812918	NA	NA	a6dc77c678932e0f177eb861ffbfe6f7a9fa0a07	c16f813e2213bacb0a3bea3419d274f7217bc9e3f765148b7e7fee93c5850ff8
2026-08-31T06:59:10Z	cpt_c0_qwen_main_seed42	step542	17760256	60002315	dev	code	NA	NA	0.439908	NA	NA	a6dc77c678932e0f177eb861ffbfe6f7a9fa0a07	c16f813e2213bacb0a3bea3419d274f7217bc9e3f765148b7e7fee93c5850ff8
2026-08-31T07:09:54Z	cpt_c0_qwen_main_seed42	step724	23724032	80076926	dev	ko	NA	NA	1.139109	NA	NA	a6dc77c678932e0f177eb861ffbfe6f7a9fa0a07	c16f813e2213bacb0a3bea3419d274f7217bc9e3f765148b7e7fee93c5850ff8
2026-08-31T07:09:54Z	cpt_c0_qwen_main_seed42	step724	23724032	80076926	dev	en	NA	NA	0.81313	NA	NA	a6dc77c678932e0f177eb861ffbfe6f7a9fa0a07	c16f813e2213bacb0a3bea3419d274f7217bc9e3f765148b7e7fee93c5850ff8
2026-08-31T07:09:54Z	cpt_c0_qwen_main_seed42	step724	23724032	80076926	dev	code	NA	NA	0.440158	NA	NA	a6dc77c678932e0f177eb861ffbfe6f7a9fa0a07	c16f813e2213bacb0a3bea3419d274f7217bc9e3f765148b7e7fee93c5850ff8
2026-08-31T07:20:34Z	cpt_c0_qwen_main_seed42	step905	29655040	100093133	dev	ko	NA	NA	1.138161	NA	NA	a6dc77c678932e0f177eb861ffbfe6f7a9fa0a07	c16f813e2213bacb0a3bea3419d274f7217bc9e3f765148b7e7fee93c5850ff8
2026-08-31T07:20:34Z	cpt_c0_qwen_main_seed42	step905	29655040	100093133	dev	en	NA	NA	0.813252	NA	NA	a6dc77c678932e0f177eb861ffbfe6f7a9fa0a07	c16f813e2213bacb0a3bea3419d274f7217bc9e3f765148b7e7fee93c5850ff8
2026-08-31T07:20:34Z	cpt_c0_qwen_main_seed42	step905	29655040	100093133	dev	code	NA	NA	0.440318	NA	NA	a6dc77c678932e0f177eb861ffbfe6f7a9fa0a07	c16f813e2213bacb0a3bea3419d274f7217bc9e3f765148b7e7fee93c5850ff8
2026-08-31T07:32:10Z	cpt_c0_qwen_main_seed42	step1085	35553280	120006161	dev	ko	NA	NA	1.13777	NA	NA	a6dc77c678932e0f177eb861ffbfe6f7a9fa0a07	c16f813e2213bacb0a3bea3419d274f7217bc9e3f765148b7e7fee93c5850ff8
2026-08-31T07:32:10Z	cpt_c0_qwen_main_seed42	step1085	35553280	120006161	dev	en	NA	NA	0.81325	NA	NA	a6dc77c678932e0f177eb861ffbfe6f7a9fa0a07	c16f813e2213bacb0a3bea3419d274f7217bc9e3f765148b7e7fee93c5850ff8
2026-08-31T07:32:10Z	cpt_c0_qwen_main_seed42	step1085	35553280	120006161	dev	code	NA	NA	0.440369	NA	NA	a6dc77c678932e0f177eb861ffbfe6f7a9fa0a07	c16f813e2213bacb0a3bea3419d274f7217bc9e3f765148b7e7fee93c5850ff8
2026-08-31T07:43:53Z	cpt_c0_qwen_main_seed42	step1266	41484288	140001526	dev	ko	NA	NA	1.137619	NA	NA	a6dc77c678932e0f177eb861ffbfe6f7a9fa0a07	c16f813e2213bacb0a3bea3419d274f7217bc9e3f765148b7e7fee93c5850ff8
2026-08-31T07:43:53Z	cpt_c0_qwen_main_seed42	step1266	41484288	140001526	dev	en	NA	NA	0.813303	NA	NA	a6dc77c678932e0f177eb861ffbfe6f7a9fa0a07	c16f813e2213bacb0a3bea3419d274f7217bc9e3f765148b7e7fee93c5850ff8
2026-08-31T07:43:53Z	cpt_c0_qwen_main_seed42	step1266	41484288	140001526	dev	code	NA	NA	0.440421	NA	NA	a6dc77c678932e0f177eb861ffbfe6f7a9fa0a07	c16f813e2213bacb0a3bea3419d274f7217bc9e3f765148b7e7fee93c5850ff8
2026-08-31T07:55:29Z	cpt_c0_qwen_main_seed42	step1447	47415296	160036442	dev	ko	NA	NA	1.137529	NA	NA	a6dc77c678932e0f177eb861ffbfe6f7a9fa0a07	c16f813e2213bacb0a3bea3419d274f7217bc9e3f765148b7e7fee93c5850ff8
2026-08-31T07:55:29Z	cpt_c0_qwen_main_seed42	step1447	47415296	160036442	dev	en	NA	NA	0.813293	NA	NA	a6dc77c678932e0f177eb861ffbfe6f7a9fa0a07	c16f813e2213bacb0a3bea3419d274f7217bc9e3f765148b7e7fee93c5850ff8
2026-08-31T07:55:29Z	cpt_c0_qwen_main_seed42	step1447	47415296	160036442	dev	code	NA	NA	0.44043	NA	NA	a6dc77c678932e0f177eb861ffbfe6f7a9fa0a07	c16f813e2213bacb0a3bea3419d274f7217bc9e3f765148b7e7fee93c5850ff8
2026-08-31T08:01:01Z	cpt_c0_qwen_main_seed42	final	49922048	168505891	dev	ko	NA	NA	1.13754	NA	NA	a6dc77c678932e0f177eb861ffbfe6f7a9fa0a07	c16f813e2213bacb0a3bea3419d274f7217bc9e3f765148b7e7fee93c5850ff8
2026-08-31T08:01:01Z	cpt_c0_qwen_main_seed42	final	49922048	168505891	dev	en	NA	NA	0.813282	NA	NA	a6dc77c678932e0f177eb861ffbfe6f7a9fa0a07	c16f813e2213bacb0a3bea3419d274f7217bc9e3f765148b7e7fee93c5850ff8
2026-08-31T08:01:01Z	cpt_c0_qwen_main_seed42	final	49922048	168505891	dev	code	NA	NA	0.44042	NA	NA	a6dc77c678932e0f177eb861ffbfe6f7a9fa0a07	c16f813e2213bacb0a3bea3419d274f7217bc9e3f765148b7e7fee93c5850ff8
2026-08-31T08:15:14Z	cpt_t2a_none_main_seed42	step181	5931008	20096513	dev	ko	NA	NA	1.14759	NA	NA	a6dc77c678932e0f177eb861ffbfe6f7a9fa0a07	c762a84588af654ccefa1fcc88693cd1f6fe2e2ec4807b306b71ed71e92647aa
2026-08-31T08:15:14Z	cpt_t2a_none_main_seed42	step181	5931008	20096513	dev	en	NA	NA	0.812139	NA	NA	a6dc77c678932e0f177eb861ffbfe6f7a9fa0a07	c762a84588af654ccefa1fcc88693cd1f6fe2e2ec4807b306b71ed71e92647aa
2026-08-31T08:15:14Z	cpt_t2a_none_main_seed42	step181	5931008	20096513	dev	code	NA	NA	0.440112	NA	NA	a6dc77c678932e0f177eb861ffbfe6f7a9fa0a07	c762a84588af654ccefa1fcc88693cd1f6fe2e2ec4807b306b71ed71e92647aa
2026-08-31T08:30:26Z	cpt_t2a_none_main_seed42	step362	11862016	40099967	dev	ko	NA	NA	1.142964	NA	NA	a6dc77c678932e0f177eb861ffbfe6f7a9fa0a07	c762a84588af654ccefa1fcc88693cd1f6fe2e2ec4807b306b71ed71e92647aa
2026-08-31T08:30:26Z	cpt_t2a_none_main_seed42	step362	11862016	40099967	dev	en	NA	NA	0.812678	NA	NA	a6dc77c678932e0f177eb861ffbfe6f7a9fa0a07	c762a84588af654ccefa1fcc88693cd1f6fe2e2ec4807b306b71ed71e92647aa
2026-08-31T08:30:26Z	cpt_t2a_none_main_seed42	step362	11862016	40099967	dev	code	NA	NA	0.44078	NA	NA	a6dc77c678932e0f177eb861ffbfe6f7a9fa0a07	c762a84588af654ccefa1fcc88693cd1f6fe2e2ec4807b306b71ed71e92647aa
2026-08-31T08:44:48Z	cpt_t2a_none_main_seed42	step542	17760256	60001129	dev	ko	NA	NA	1.140108	NA	NA	a6dc77c678932e0f177eb861ffbfe6f7a9fa0a07	c762a84588af654ccefa1fcc88693cd1f6fe2e2ec4807b306b71ed71e92647aa
2026-08-31T08:44:48Z	cpt_t2a_none_main_seed42	step542	17760256	60001129	dev	en	NA	NA	0.813035	NA	NA	a6dc77c678932e0f177eb861ffbfe6f7a9fa0a07	c762a84588af654ccefa1fcc88693cd1f6fe2e2ec4807b306b71ed71e92647aa
2026-08-31T08:44:48Z	cpt_t2a_none_main_seed42	step542	17760256	60001129	dev	code	NA	NA	0.441157	NA	NA	a6dc77c678932e0f177eb861ffbfe6f7a9fa0a07	c762a84588af654ccefa1fcc88693cd1f6fe2e2ec4807b306b71ed71e92647aa
2026-08-31T08:53:36Z	cpt_t2a_none_main_seed42	step724	23724032	80075466	dev	ko	NA	NA	1.138441	NA	NA	a6dc77c678932e0f177eb861ffbfe6f7a9fa0a07	c762a84588af654ccefa1fcc88693cd1f6fe2e2ec4807b306b71ed71e92647aa
2026-08-31T08:53:36Z	cpt_t2a_none_main_seed42	step724	23724032	80075466	dev	en	NA	NA	0.813255	NA	NA	a6dc77c678932e0f177eb861ffbfe6f7a9fa0a07	c762a84588af654ccefa1fcc88693cd1f6fe2e2ec4807b306b71ed71e92647aa
2026-08-31T08:53:36Z	cpt_t2a_none_main_seed42	step724	23724032	80075466	dev	code	NA	NA	0.441406	NA	NA	a6dc77c678932e0f177eb861ffbfe6f7a9fa0a07	c762a84588af654ccefa1fcc88693cd1f6fe2e2ec4807b306b71ed71e92647aa
2026-08-31T09:02:18Z	cpt_t2a_none_main_seed42	step905	29655040	100091185	dev	ko	NA	NA	1.137511	NA	NA	a6dc77c678932e0f177eb861ffbfe6f7a9fa0a07	c762a84588af654ccefa1fcc88693cd1f6fe2e2ec4807b306b71ed71e92647aa
2026-08-31T09:02:18Z	cpt_t2a_none_main_seed42	step905	29655040	100091185	dev	en	NA	NA	0.813332	NA	NA	a6dc77c678932e0f177eb861ffbfe6f7a9fa0a07	c762a84588af654ccefa1fcc88693cd1f6fe2e2ec4807b306b71ed71e92647aa
2026-08-31T09:02:18Z	cpt_t2a_none_main_seed42	step905	29655040	100091185	dev	code	NA	NA	0.441526	NA	NA	a6dc77c678932e0f177eb861ffbfe6f7a9fa0a07	c762a84588af654ccefa1fcc88693cd1f6fe2e2ec4807b306b71ed71e92647aa
2026-08-31T09:10:53Z	cpt_t2a_none_main_seed42	step1085	35553280	120003631	dev	ko	NA	NA	1.137109	NA	NA	a6dc77c678932e0f177eb861ffbfe6f7a9fa0a07	c762a84588af654ccefa1fcc88693cd1f6fe2e2ec4807b306b71ed71e92647aa
2026-08-31T09:10:53Z	cpt_t2a_none_main_seed42	step1085	35553280	120003631	dev	en	NA	NA	0.813398	NA	NA	a6dc77c678932e0f177eb861ffbfe6f7a9fa0a07	c762a84588af654ccefa1fcc88693cd1f6fe2e2ec4807b306b71ed71e92647aa
2026-08-31T09:10:53Z	cpt_t2a_none_main_seed42	step1085	35553280	120003631	dev	code	NA	NA	0.441565	NA	NA	a6dc77c678932e0f177eb861ffbfe6f7a9fa0a07	c762a84588af654ccefa1fcc88693cd1f6fe2e2ec4807b306b71ed71e92647aa
2026-08-31T09:25:07Z	cpt_t2a_none_main_seed42	step1267	41517056	140109266	dev	ko	NA	NA	1.136917	NA	NA	a6dc77c678932e0f177eb861ffbfe6f7a9fa0a07	c762a84588af654ccefa1fcc88693cd1f6fe2e2ec4807b306b71ed71e92647aa
2026-08-31T09:25:07Z	cpt_t2a_none_main_seed42	step1267	41517056	140109266	dev	en	NA	NA	0.813404	NA	NA	a6dc77c678932e0f177eb861ffbfe6f7a9fa0a07	c762a84588af654ccefa1fcc88693cd1f6fe2e2ec4807b306b71ed71e92647aa
2026-08-31T09:25:07Z	cpt_t2a_none_main_seed42	step1267	41517056	140109266	dev	code	NA	NA	0.441603	NA	NA	a6dc77c678932e0f177eb861ffbfe6f7a9fa0a07	c762a84588af654ccefa1fcc88693cd1f6fe2e2ec4807b306b71ed71e92647aa
2026-08-31T09:42:15Z	cpt_t2a_none_main_seed42	step1447	47415296	160032643	dev	ko	NA	NA	1.136907	NA	NA	a6dc77c678932e0f177eb861ffbfe6f7a9fa0a07	c762a84588af654ccefa1fcc88693cd1f6fe2e2ec4807b306b71ed71e92647aa
2026-08-31T09:42:15Z	cpt_t2a_none_main_seed42	step1447	47415296	160032643	dev	en	NA	NA	0.813375	NA	NA	a6dc77c678932e0f177eb861ffbfe6f7a9fa0a07	c762a84588af654ccefa1fcc88693cd1f6fe2e2ec4807b306b71ed71e92647aa
2026-08-31T09:42:15Z	cpt_t2a_none_main_seed42	step1447	47415296	160032643	dev	code	NA	NA	0.441601	NA	NA	a6dc77c678932e0f177eb861ffbfe6f7a9fa0a07	c762a84588af654ccefa1fcc88693cd1f6fe2e2ec4807b306b71ed71e92647aa
2026-08-31T09:48:56Z	cpt_t2a_none_main_seed42	final	49922048	168501724	dev	ko	NA	NA	1.136817	NA	NA	a6dc77c678932e0f177eb861ffbfe6f7a9fa0a07	c762a84588af654ccefa1fcc88693cd1f6fe2e2ec4807b306b71ed71e92647aa
2026-08-31T09:48:56Z	cpt_t2a_none_main_seed42	final	49922048	168501724	dev	en	NA	NA	0.813393	NA	NA	a6dc77c678932e0f177eb861ffbfe6f7a9fa0a07	c762a84588af654ccefa1fcc88693cd1f6fe2e2ec4807b306b71ed71e92647aa
2026-08-31T09:48:56Z	cpt_t2a_none_main_seed42	final	49922048	168501724	dev	code	NA	NA	0.441564	NA	NA	a6dc77c678932e0f177eb861ffbfe6f7a9fa0a07	c762a84588af654ccefa1fcc88693cd1f6fe2e2ec4807b306b71ed71e92647aa
2026-08-31T10:00:53Z	cpt_t2b_mean_main_seed42	step126	4128768	20043945	dev	ko	NA	NA	1.743704	NA	NA	a6dc77c678932e0f177eb861ffbfe6f7a9fa0a07	0c9c7394fa43089f225d4fa50c94431f15ab2d386b2c429812ef9455eb048bc2
2026-08-31T10:00:53Z	cpt_t2b_mean_main_seed42	step126	4128768	20043945	dev	en	NA	NA	0.818457	NA	NA	a6dc77c678932e0f177eb861ffbfe6f7a9fa0a07	0c9c7394fa43089f225d4fa50c94431f15ab2d386b2c429812ef9455eb048bc2
2026-08-31T10:00:53Z	cpt_t2b_mean_main_seed42	step126	4128768	20043945	dev	code	NA	NA	0.44554	NA	NA	a6dc77c678932e0f177eb861ffbfe6f7a9fa0a07	0c9c7394fa43089f225d4fa50c94431f15ab2d386b2c429812ef9455eb048bc2
2026-08-31T10:08:43Z	cpt_t2b_mean_main_seed42	step253	8290304	40162535	dev	ko	NA	NA	1.647153	NA	NA	a6dc77c678932e0f177eb861ffbfe6f7a9fa0a07	0c9c7394fa43089f225d4fa50c94431f15ab2d386b2c429812ef9455eb048bc2
2026-08-31T10:08:43Z	cpt_t2b_mean_main_seed42	step253	8290304	40162535	dev	en	NA	NA	0.819785	NA	NA	a6dc77c678932e0f177eb861ffbfe6f7a9fa0a07	0c9c7394fa43089f225d4fa50c94431f15ab2d386b2c429812ef9455eb048bc2
2026-08-31T10:08:43Z	cpt_t2b_mean_main_seed42	step253	8290304	40162535	dev	code	NA	NA	0.446641	NA	NA	a6dc77c678932e0f177eb861ffbfe6f7a9fa0a07	0c9c7394fa43089f225d4fa50c94431f15ab2d386b2c429812ef9455eb048bc2
2026-08-31T10:16:27Z	cpt_t2b_mean_main_seed42	step379	12419072	60128473	dev	ko	NA	NA	1.603496	NA	NA	a6dc77c678932e0f177eb861ffbfe6f7a9fa0a07	0c9c7394fa43089f225d4fa50c94431f15ab2d386b2c429812ef9455eb048bc2
2026-08-31T10:16:27Z	cpt_t2b_mean_main_seed42	step379	12419072	60128473	dev	en	NA	NA	0.820318	NA	NA	a6dc77c678932e0f177eb861ffbfe6f7a9fa0a07	0c9c7394fa43089f225d4fa50c94431f15ab2d386b2c429812ef9455eb048bc2
2026-08-31T10:16:27Z	cpt_t2b_mean_main_seed42	step379	12419072	60128473	dev	code	NA	NA	0.447465	NA	NA	a6dc77c678932e0f177eb861ffbfe6f7a9fa0a07	0c9c7394fa43089f225d4fa50c94431f15ab2d386b2c429812ef9455eb048bc2
2026-08-31T10:24:08Z	cpt_t2b_mean_main_seed42	step505	16547840	80052469	dev	ko	NA	NA	1.58181	NA	NA	a6dc77c678932e0f177eb861ffbfe6f7a9fa0a07	0c9c7394fa43089f225d4fa50c94431f15ab2d386b2c429812ef9455eb048bc2
2026-08-31T10:24:08Z	cpt_t2b_mean_main_seed42	step505	16547840	80052469	dev	en	NA	NA	0.82081	NA	NA	a6dc77c678932e0f177eb861ffbfe6f7a9fa0a07	0c9c7394fa43089f225d4fa50c94431f15ab2d386b2c429812ef9455eb048bc2
2026-08-31T10:24:08Z	cpt_t2b_mean_main_seed42	step505	16547840	80052469	dev	code	NA	NA	0.447935	NA	NA	a6dc77c678932e0f177eb861ffbfe6f7a9fa0a07	0c9c7394fa43089f225d4fa50c94431f15ab2d386b2c429812ef9455eb048bc2
2026-08-31T10:32:04Z	cpt_t2b_mean_main_seed42	step631	20676608	100047691	dev	ko	NA	NA	1.572184	NA	NA	a6dc77c678932e0f177eb861ffbfe6f7a9fa0a07	0c9c7394fa43089f225d4fa50c94431f15ab2d386b2c429812ef9455eb048bc2
2026-08-31T10:32:04Z	cpt_t2b_mean_main_seed42	step631	20676608	100047691	dev	en	NA	NA	0.821103	NA	NA	a6dc77c678932e0f177eb861ffbfe6f7a9fa0a07	0c9c7394fa43089f225d4fa50c94431f15ab2d386b2c429812ef9455eb048bc2
2026-08-31T10:32:04Z	cpt_t2b_mean_main_seed42	step631	20676608	100047691	dev	code	NA	NA	0.448331	NA	NA	a6dc77c678932e0f177eb861ffbfe6f7a9fa0a07	0c9c7394fa43089f225d4fa50c94431f15ab2d386b2c429812ef9455eb048bc2
2026-08-31T10:39:59Z	cpt_t2b_mean_main_seed42	step757	24805376	120020420	dev	ko	NA	NA	1.568658	NA	NA	a6dc77c678932e0f177eb861ffbfe6f7a9fa0a07	0c9c7394fa43089f225d4fa50c94431f15ab2d386b2c429812ef9455eb048bc2
2026-08-31T10:39:59Z	cpt_t2b_mean_main_seed42	step757	24805376	120020420	dev	en	NA	NA	0.821205	NA	NA	a6dc77c678932e0f177eb861ffbfe6f7a9fa0a07	0c9c7394fa43089f225d4fa50c94431f15ab2d386b2c429812ef9455eb048bc2
2026-08-31T10:39:59Z	cpt_t2b_mean_main_seed42	step757	24805376	120020420	dev	code	NA	NA	0.448521	NA	NA	a6dc77c678932e0f177eb861ffbfe6f7a9fa0a07	0c9c7394fa43089f225d4fa50c94431f15ab2d386b2c429812ef9455eb048bc2
2026-08-31T10:48:40Z	cpt_t2b_mean_main_seed42	step884	28966912	140137266	dev	ko	NA	NA	1.567515	NA	NA	a6dc77c678932e0f177eb861ffbfe6f7a9fa0a07	0c9c7394fa43089f225d4fa50c94431f15ab2d386b2c429812ef9455eb048bc2
2026-08-31T10:48:40Z	cpt_t2b_mean_main_seed42	step884	28966912	140137266	dev	en	NA	NA	0.821235	NA	NA	a6dc77c678932e0f177eb861ffbfe6f7a9fa0a07	0c9c7394fa43089f225d4fa50c94431f15ab2d386b2c429812ef9455eb048bc2
2026-08-31T10:48:40Z	cpt_t2b_mean_main_seed42	step884	28966912	140137266	dev	code	NA	NA	0.448584	NA	NA	a6dc77c678932e0f177eb861ffbfe6f7a9fa0a07	0c9c7394fa43089f225d4fa50c94431f15ab2d386b2c429812ef9455eb048bc2
2026-08-31T10:57:31Z	cpt_t2b_mean_main_seed42	step1010	33095680	160082668	dev	ko	NA	NA	1.567169	NA	NA	a6dc77c678932e0f177eb861ffbfe6f7a9fa0a07	0c9c7394fa43089f225d4fa50c94431f15ab2d386b2c429812ef9455eb048bc2
2026-08-31T10:57:31Z	cpt_t2b_mean_main_seed42	step1010	33095680	160082668	dev	en	NA	NA	0.821238	NA	NA	a6dc77c678932e0f177eb861ffbfe6f7a9fa0a07	0c9c7394fa43089f225d4fa50c94431f15ab2d386b2c429812ef9455eb048bc2
2026-08-31T10:57:31Z	cpt_t2b_mean_main_seed42	step1010	33095680	160082668	dev	code	NA	NA	0.448557	NA	NA	a6dc77c678932e0f177eb861ffbfe6f7a9fa0a07	0c9c7394fa43089f225d4fa50c94431f15ab2d386b2c429812ef9455eb048bc2
2026-08-31T11:01:26Z	cpt_t2b_mean_main_seed42	final	34832384	168502276	dev	ko	NA	NA	1.567095	NA	NA	a6dc77c678932e0f177eb861ffbfe6f7a9fa0a07	0c9c7394fa43089f225d4fa50c94431f15ab2d386b2c429812ef9455eb048bc2
2026-08-31T11:01:26Z	cpt_t2b_mean_main_seed42	final	34832384	168502276	dev	en	NA	NA	0.821234	NA	NA	a6dc77c678932e0f177eb861ffbfe6f7a9fa0a07	0c9c7394fa43089f225d4fa50c94431f15ab2d386b2c429812ef9455eb048bc2
2026-08-31T11:01:26Z	cpt_t2b_mean_main_seed42	final	34832384	168502276	dev	code	NA	NA	0.448528	NA	NA	a6dc77c678932e0f177eb861ffbfe6f7a9fa0a07	0c9c7394fa43089f225d4fa50c94431f15ab2d386b2c429812ef9455eb048bc2
2026-08-31T11:19:41Z	eval_bpb_c0_qwen_main0	pre_cpt	0	0	dev	ko	2085616	1672430.323	1.15688	2.676376	15.298	a6dc77c678932e0f177eb861ffbfe6f7a9fa0a07	34c9b45f0f7e5856068aca3fff9253bf775b547049b5017113ff5e88a14903d9
2026-08-31T11:20:58Z	eval_bpb_c0_qwen_main0	pre_cpt	0	0	dev	en	1999393	1124659.238	0.811516	0.815115	13.6821	a6dc77c678932e0f177eb861ffbfe6f7a9fa0a07	34c9b45f0f7e5856068aca3fff9253bf775b547049b5017113ff5e88a14903d9
2026-08-31T11:22:02Z	eval_bpb_c0_qwen_main0	pre_cpt	0	0	dev	code	2042087	620927.6944	0.438673	0.44267	2.9048	a6dc77c678932e0f177eb861ffbfe6f7a9fa0a07	34c9b45f0f7e5856068aca3fff9253bf775b547049b5017113ff5e88a14903d9
2026-08-31T11:23:42Z	eval_bpb_t2a_none_main0	pre_cpt	0	0	dev	ko	2085614	1671029.664	1.155912	2.674138	15.2626	a6dc77c678932e0f177eb861ffbfe6f7a9fa0a07	6d4a63b060ca035271774a16c2b1a0b5d5265698020a4a8e6a933a6d36186eb7
2026-08-31T11:25:01Z	eval_bpb_t2a_none_main0	pre_cpt	0	0	dev	en	1999397	1124773.263	0.811597	0.815196	13.6821	a6dc77c678932e0f177eb861ffbfe6f7a9fa0a07	6d4a63b060ca035271774a16c2b1a0b5d5265698020a4a8e6a933a6d36186eb7
2026-08-31T11:26:04Z	eval_bpb_t2a_none_main0	pre_cpt	0	0	dev	code	2042110	622581.6664	0.439837	0.443844	2.9092	a6dc77c678932e0f177eb861ffbfe6f7a9fa0a07	6d4a63b060ca035271774a16c2b1a0b5d5265698020a4a8e6a933a6d36186eb7
2026-08-31T11:27:48Z	eval_bpb_t2b_mean_main0	pre_cpt	0	0	dev	ko	2085223	3440401.515	2.380297	5.506501	3166.4752	a6dc77c678932e0f177eb861ffbfe6f7a9fa0a07	7a4d1e035fb04950c47ff3e6dfae4bd12459626b7bc0a4cbe454f86a62fb4283
2026-08-31T11:29:06Z	eval_bpb_t2b_mean_main0	pre_cpt	0	0	dev	en	1999391	1126215.026	0.81264	0.816244	13.7317	a6dc77c678932e0f177eb861ffbfe6f7a9fa0a07	7a4d1e035fb04950c47ff3e6dfae4bd12459626b7bc0a4cbe454f86a62fb4283
2026-08-31T11:30:11Z	eval_bpb_t2b_mean_main0	pre_cpt	0	0	dev	code	2042109	624691.1534	0.441327	0.445348	2.92	a6dc77c678932e0f177eb861ffbfe6f7a9fa0a07	7a4d1e035fb04950c47ff3e6dfae4bd12459626b7bc0a4cbe454f86a62fb4283
2026-08-31T11:49:21Z	cpt_smoketok_smoketok_seed42	step0	0	0	dev	ko	NA	NA	1.136646	NA	NA	702f0aff984fa724b60312e56879665d14014c0b	3af18c9e666fa37e3b2c1a21ed3e230e6caad92c7aa2fdf83cfd941890bade89
2026-08-31T11:49:21Z	cpt_smoketok_smoketok_seed42	step0	0	0	dev	en	NA	NA	0.828905	NA	NA	702f0aff984fa724b60312e56879665d14014c0b	3af18c9e666fa37e3b2c1a21ed3e230e6caad92c7aa2fdf83cfd941890bade89
2026-08-31T11:49:21Z	cpt_smoketok_smoketok_seed42	step0	0	0	dev	code	NA	NA	0.422544	NA	NA	702f0aff984fa724b60312e56879665d14014c0b	3af18c9e666fa37e3b2c1a21ed3e230e6caad92c7aa2fdf83cfd941890bade89
2026-08-31T11:50:35Z	cpt_smoketok_smoketok_seed42	step3	98304	331807	dev	ko	NA	NA	1.136285	NA	NA	702f0aff984fa724b60312e56879665d14014c0b	3af18c9e666fa37e3b2c1a21ed3e230e6caad92c7aa2fdf83cfd941890bade89
2026-08-31T11:50:35Z	cpt_smoketok_smoketok_seed42	step3	98304	331807	dev	en	NA	NA	0.828981	NA	NA	702f0aff984fa724b60312e56879665d14014c0b	3af18c9e666fa37e3b2c1a21ed3e230e6caad92c7aa2fdf83cfd941890bade89
2026-08-31T11:50:35Z	cpt_smoketok_smoketok_seed42	step3	98304	331807	dev	code	NA	NA	0.422628	NA	NA	702f0aff984fa724b60312e56879665d14014c0b	3af18c9e666fa37e3b2c1a21ed3e230e6caad92c7aa2fdf83cfd941890bade89
2026-08-31T11:51:23Z	cpt_smoketok_smoketok_seed42	final	122880	414656	dev	ko	NA	NA	1.136285	NA	NA	702f0aff984fa724b60312e56879665d14014c0b	3af18c9e666fa37e3b2c1a21ed3e230e6caad92c7aa2fdf83cfd941890bade89
2026-08-31T11:51:23Z	cpt_smoketok_smoketok_seed42	final	122880	414656	dev	en	NA	NA	0.828981	NA	NA	702f0aff984fa724b60312e56879665d14014c0b	3af18c9e666fa37e3b2c1a21ed3e230e6caad92c7aa2fdf83cfd941890bade89
2026-08-31T11:51:23Z	cpt_smoketok_smoketok_seed42	final	122880	414656	dev	code	NA	NA	0.422628	NA	NA	702f0aff984fa724b60312e56879665d14014c0b	3af18c9e666fa37e3b2c1a21ed3e230e6caad92c7aa2fdf83cfd941890bade89
2026-09-01T03:42:21Z	cpt_t2b_mean_eqtok_seed42	step0	0	0	dev	ko	NA	NA	2.380297	NA	NA	9ded083e16ba399436426fed989bad844a11cc63	b5309b1ab4e7bf2457c9068a8b2380b12dfb79812a4e05c2afca219195a0799e
2026-09-01T03:42:21Z	cpt_t2b_mean_eqtok_seed42	step0	0	0	dev	en	NA	NA	0.81264	NA	NA	9ded083e16ba399436426fed989bad844a11cc63	b5309b1ab4e7bf2457c9068a8b2380b12dfb79812a4e05c2afca219195a0799e
2026-09-01T03:42:21Z	cpt_t2b_mean_eqtok_seed42	step0	0	0	dev	code	NA	NA	0.441327	NA	NA	9ded083e16ba399436426fed989bad844a11cc63	b5309b1ab4e7bf2457c9068a8b2380b12dfb79812a4e05c2afca219195a0799e
2026-09-01T03:51:29Z	cpt_t2b_mean_eqtok_seed42	step127	4161536	20084061	dev	ko	NA	NA	1.748235	NA	NA	9ded083e16ba399436426fed989bad844a11cc63	b5309b1ab4e7bf2457c9068a8b2380b12dfb79812a4e05c2afca219195a0799e
2026-09-01T03:51:29Z	cpt_t2b_mean_eqtok_seed42	step127	4161536	20084061	dev	en	NA	NA	0.818538	NA	NA	9ded083e16ba399436426fed989bad844a11cc63	b5309b1ab4e7bf2457c9068a8b2380b12dfb79812a4e05c2afca219195a0799e
2026-09-01T03:51:29Z	cpt_t2b_mean_eqtok_seed42	step127	4161536	20084061	dev	code	NA	NA	0.445621	NA	NA	9ded083e16ba399436426fed989bad844a11cc63	b5309b1ab4e7bf2457c9068a8b2380b12dfb79812a4e05c2afca219195a0799e
2026-09-01T04:00:26Z	cpt_t2b_mean_eqtok_seed42	step253	8290304	40014587	dev	ko	NA	NA	1.645699	NA	NA	9ded083e16ba399436426fed989bad844a11cc63	b5309b1ab4e7bf2457c9068a8b2380b12dfb79812a4e05c2afca219195a0799e
2026-09-01T04:00:26Z	cpt_t2b_mean_eqtok_seed42	step253	8290304	40014587	dev	en	NA	NA	0.820032	NA	NA	9ded083e16ba399436426fed989bad844a11cc63	b5309b1ab4e7bf2457c9068a8b2380b12dfb79812a4e05c2afca219195a0799e
2026-09-01T04:00:26Z	cpt_t2b_mean_eqtok_seed42	step253	8290304	40014587	dev	code	NA	NA	0.446866	NA	NA	9ded083e16ba399436426fed989bad844a11cc63	b5309b1ab4e7bf2457c9068a8b2380b12dfb79812a4e05c2afca219195a0799e
2026-09-01T04:08:48Z	cpt_t2b_mean_eqtok_seed42	step380	12451840	60126058	dev	ko	NA	NA	1.593648	NA	NA	9ded083e16ba399436426fed989bad844a11cc63	b5309b1ab4e7bf2457c9068a8b2380b12dfb79812a4e05c2afca219195a0799e
2026-09-01T04:08:48Z	cpt_t2b_mean_eqtok_seed42	step380	12451840	60126058	dev	en	NA	NA	0.820881	NA	NA	9ded083e16ba399436426fed989bad844a11cc63	b5309b1ab4e7bf2457c9068a8b2380b12dfb79812a4e05c2afca219195a0799e
2026-09-01T04:08:48Z	cpt_t2b_mean_eqtok_seed42	step380	12451840	60126058	dev	code	NA	NA	0.448211	NA	NA	9ded083e16ba399436426fed989bad844a11cc63	b5309b1ab4e7bf2457c9068a8b2380b12dfb79812a4e05c2afca219195a0799e
2026-09-01T04:17:10Z	cpt_t2b_mean_eqtok_seed42	step506	16580608	80114374	dev	ko	NA	NA	1.565473	NA	NA	9ded083e16ba399436426fed989bad844a11cc63	b5309b1ab4e7bf2457c9068a8b2380b12dfb79812a4e05c2afca219195a0799e
2026-09-01T04:17:10Z	cpt_t2b_mean_eqtok_seed42	step506	16580608	80114374	dev	en	NA	NA	0.821494	NA	NA	9ded083e16ba399436426fed989bad844a11cc63	b5309b1ab4e7bf2457c9068a8b2380b12dfb79812a4e05c2afca219195a0799e
2026-09-01T04:17:10Z	cpt_t2b_mean_eqtok_seed42	step506	16580608	80114374	dev	code	NA	NA	0.448806	NA	NA	9ded083e16ba399436426fed989bad844a11cc63	b5309b1ab4e7bf2457c9068a8b2380b12dfb79812a4e05c2afca219195a0799e
2026-09-01T04:25:39Z	cpt_t2b_mean_eqtok_seed42	step632	20709376	100104159	dev	ko	NA	NA	1.549026	NA	NA	9ded083e16ba399436426fed989bad844a11cc63	b5309b1ab4e7bf2457c9068a8b2380b12dfb79812a4e05c2afca219195a0799e
2026-09-01T04:25:39Z	cpt_t2b_mean_eqtok_seed42	step632	20709376	100104159	dev	en	NA	NA	0.82168	NA	NA	9ded083e16ba399436426fed989bad844a11cc63	b5309b1ab4e7bf2457c9068a8b2380b12dfb79812a4e05c2afca219195a0799e
2026-09-01T04:25:39Z	cpt_t2b_mean_eqtok_seed42	step632	20709376	100104159	dev	code	NA	NA	0.449199	NA	NA	9ded083e16ba399436426fed989bad844a11cc63	b5309b1ab4e7bf2457c9068a8b2380b12dfb79812a4e05c2afca219195a0799e
2026-09-01T04:33:45Z	cpt_t2b_mean_eqtok_seed42	step758	24838144	120113770	dev	ko	NA	NA	1.540045	NA	NA	9ded083e16ba399436426fed989bad844a11cc63	b5309b1ab4e7bf2457c9068a8b2380b12dfb79812a4e05c2afca219195a0799e
2026-09-01T04:33:45Z	cpt_t2b_mean_eqtok_seed42	step758	24838144	120113770	dev	en	NA	NA	0.821946	NA	NA	9ded083e16ba399436426fed989bad844a11cc63	b5309b1ab4e7bf2457c9068a8b2380b12dfb79812a4e05c2afca219195a0799e
2026-09-01T04:33:45Z	cpt_t2b_mean_eqtok_seed42	step758	24838144	120113770	dev	code	NA	NA	0.449599	NA	NA	9ded083e16ba399436426fed989bad844a11cc63	b5309b1ab4e7bf2457c9068a8b2380b12dfb79812a4e05c2afca219195a0799e
2026-09-01T04:41:58Z	cpt_t2b_mean_eqtok_seed42	step884	28966912	140093409	dev	ko	NA	NA	1.535933	NA	NA	9ded083e16ba399436426fed989bad844a11cc63	b5309b1ab4e7bf2457c9068a8b2380b12dfb79812a4e05c2afca219195a0799e
2026-09-01T04:41:58Z	cpt_t2b_mean_eqtok_seed42	step884	28966912	140093409	dev	en	NA	NA	0.822163	NA	NA	9ded083e16ba399436426fed989bad844a11cc63	b5309b1ab4e7bf2457c9068a8b2380b12dfb79812a4e05c2afca219195a0799e
2026-09-01T04:41:58Z	cpt_t2b_mean_eqtok_seed42	step884	28966912	140093409	dev	code	NA	NA	0.449876	NA	NA	9ded083e16ba399436426fed989bad844a11cc63	b5309b1ab4e7bf2457c9068a8b2380b12dfb79812a4e05c2afca219195a0799e
2026-09-01T04:50:01Z	cpt_t2b_mean_eqtok_seed42	step1010	33095680	160102854	dev	ko	NA	NA	1.533806	NA	NA	9ded083e16ba399436426fed989bad844a11cc63	b5309b1ab4e7bf2457c9068a8b2380b12dfb79812a4e05c2afca219195a0799e
2026-09-01T04:50:01Z	cpt_t2b_mean_eqtok_seed42	step1010	33095680	160102854	dev	en	NA	NA	0.822256	NA	NA	9ded083e16ba399436426fed989bad844a11cc63	b5309b1ab4e7bf2457c9068a8b2380b12dfb79812a4e05c2afca219195a0799e
2026-09-01T04:50:01Z	cpt_t2b_mean_eqtok_seed42	step1010	33095680	160102854	dev	code	NA	NA	0.449956	NA	NA	9ded083e16ba399436426fed989bad844a11cc63	b5309b1ab4e7bf2457c9068a8b2380b12dfb79812a4e05c2afca219195a0799e
2026-09-01T04:58:05Z	cpt_t2b_mean_eqtok_seed42	step1136	37224448	180062780	dev	ko	NA	NA	1.532882	NA	NA	9ded083e16ba399436426fed989bad844a11cc63	b5309b1ab4e7bf2457c9068a8b2380b12dfb79812a4e05c2afca219195a0799e
2026-09-01T04:58:05Z	cpt_t2b_mean_eqtok_seed42	step1136	37224448	180062780	dev	en	NA	NA	0.822274	NA	NA	9ded083e16ba399436426fed989bad844a11cc63	b5309b1ab4e7bf2457c9068a8b2380b12dfb79812a4e05c2afca219195a0799e
2026-09-01T04:58:05Z	cpt_t2b_mean_eqtok_seed42	step1136	37224448	180062780	dev	code	NA	NA	0.450001	NA	NA	9ded083e16ba399436426fed989bad844a11cc63	b5309b1ab4e7bf2457c9068a8b2380b12dfb79812a4e05c2afca219195a0799e
2026-09-01T05:06:06Z	cpt_t2b_mean_eqtok_seed42	step1262	41353216	200078965	dev	ko	NA	NA	1.532463	NA	NA	9ded083e16ba399436426fed989bad844a11cc63	b5309b1ab4e7bf2457c9068a8b2380b12dfb79812a4e05c2afca219195a0799e
2026-09-01T05:06:06Z	cpt_t2b_mean_eqtok_seed42	step1262	41353216	200078965	dev	en	NA	NA	0.822266	NA	NA	9ded083e16ba399436426fed989bad844a11cc63	b5309b1ab4e7bf2457c9068a8b2380b12dfb79812a4e05c2afca219195a0799e
2026-09-01T05:06:06Z	cpt_t2b_mean_eqtok_seed42	step1262	41353216	200078965	dev	code	NA	NA	0.450046	NA	NA	9ded083e16ba399436426fed989bad844a11cc63	b5309b1ab4e7bf2457c9068a8b2380b12dfb79812a4e05c2afca219195a0799e
2026-09-01T05:14:13Z	cpt_t2b_mean_eqtok_seed42	step1389	45514752	220153944	dev	ko	NA	NA	1.532321	NA	NA	9ded083e16ba399436426fed989bad844a11cc63	b5309b1ab4e7bf2457c9068a8b2380b12dfb79812a4e05c2afca219195a0799e
2026-09-01T05:14:13Z	cpt_t2b_mean_eqtok_seed42	step1389	45514752	220153944	dev	en	NA	NA	0.822317	NA	NA	9ded083e16ba399436426fed989bad844a11cc63	b5309b1ab4e7bf2457c9068a8b2380b12dfb79812a4e05c2afca219195a0799e
2026-09-01T05:14:13Z	cpt_t2b_mean_eqtok_seed42	step1389	45514752	220153944	dev	code	NA	NA	0.45004	NA	NA	9ded083e16ba399436426fed989bad844a11cc63	b5309b1ab4e7bf2457c9068a8b2380b12dfb79812a4e05c2afca219195a0799e
2026-09-01T05:22:17Z	cpt_t2b_mean_eqtok_seed42	step1515	49643520	240053754	dev	ko	NA	NA	1.532221	NA	NA	9ded083e16ba399436426fed989bad844a11cc63	b5309b1ab4e7bf2457c9068a8b2380b12dfb79812a4e05c2afca219195a0799e
2026-09-01T05:22:17Z	cpt_t2b_mean_eqtok_seed42	step1515	49643520	240053754	dev	en	NA	NA	0.822303	NA	NA	9ded083e16ba399436426fed989bad844a11cc63	b5309b1ab4e7bf2457c9068a8b2380b12dfb79812a4e05c2afca219195a0799e
2026-09-01T05:22:17Z	cpt_t2b_mean_eqtok_seed42	step1515	49643520	240053754	dev	code	NA	NA	0.450038	NA	NA	9ded083e16ba399436426fed989bad844a11cc63	b5309b1ab4e7bf2457c9068a8b2380b12dfb79812a4e05c2afca219195a0799e
2026-09-01T05:23:29Z	cpt_t2b_mean_eqtok_seed42	final	49922048	241390978	dev	ko	NA	NA	1.532183	NA	NA	9ded083e16ba399436426fed989bad844a11cc63	b5309b1ab4e7bf2457c9068a8b2380b12dfb79812a4e05c2afca219195a0799e
2026-09-01T05:23:29Z	cpt_t2b_mean_eqtok_seed42	final	49922048	241390978	dev	en	NA	NA	0.822307	NA	NA	9ded083e16ba399436426fed989bad844a11cc63	b5309b1ab4e7bf2457c9068a8b2380b12dfb79812a4e05c2afca219195a0799e
2026-09-01T05:23:29Z	cpt_t2b_mean_eqtok_seed42	final	49922048	241390978	dev	code	NA	NA	0.450057	NA	NA	9ded083e16ba399436426fed989bad844a11cc63	b5309b1ab4e7bf2457c9068a8b2380b12dfb79812a4e05c2afca219195a0799e
2026-09-01T05:27:57Z	cpt_t2b10k_mean_main_seed42	step0	0	0	dev	ko	NA	NA	2.1918	NA	NA	9ded083e16ba399436426fed989bad844a11cc63	43a54b48b1863462e643c5298761ac4b4ce68462599e0fc35650a76e38e01e16
2026-09-01T05:27:57Z	cpt_t2b10k_mean_main_seed42	step0	0	0	dev	en	NA	NA	0.811744	NA	NA	9ded083e16ba399436426fed989bad844a11cc63	43a54b48b1863462e643c5298761ac4b4ce68462599e0fc35650a76e38e01e16
2026-09-01T05:27:57Z	cpt_t2b10k_mean_main_seed42	step0	0	0	dev	code	NA	NA	0.43919	NA	NA	9ded083e16ba399436426fed989bad844a11cc63	43a54b48b1863462e643c5298761ac4b4ce68462599e0fc35650a76e38e01e16
2026-09-01T05:35:25Z	cpt_t2b10k_mean_main_seed42	step135	4423680	20035821	dev	ko	NA	NA	1.64885	NA	NA	9ded083e16ba399436426fed989bad844a11cc63	43a54b48b1863462e643c5298761ac4b4ce68462599e0fc35650a76e38e01e16
2026-09-01T05:35:25Z	cpt_t2b10k_mean_main_seed42	step135	4423680	20035821	dev	en	NA	NA	0.816187	NA	NA	9ded083e16ba399436426fed989bad844a11cc63	43a54b48b1863462e643c5298761ac4b4ce68462599e0fc35650a76e38e01e16
2026-09-01T05:35:25Z	cpt_t2b10k_mean_main_seed42	step135	4423680	20035821	dev	code	NA	NA	0.442393	NA	NA	9ded083e16ba399436426fed989bad844a11cc63	43a54b48b1863462e643c5298761ac4b4ce68462599e0fc35650a76e38e01e16
2026-09-01T05:42:55Z	cpt_t2b10k_mean_main_seed42	step271	8880128	40127395	dev	ko	NA	NA	1.56509	NA	NA	9ded083e16ba399436426fed989bad844a11cc63	43a54b48b1863462e643c5298761ac4b4ce68462599e0fc35650a76e38e01e16
2026-09-01T05:42:55Z	cpt_t2b10k_mean_main_seed42	step271	8880128	40127395	dev	en	NA	NA	0.817281	NA	NA	9ded083e16ba399436426fed989bad844a11cc63	43a54b48b1863462e643c5298761ac4b4ce68462599e0fc35650a76e38e01e16
2026-09-01T05:42:55Z	cpt_t2b10k_mean_main_seed42	step271	8880128	40127395	dev	code	NA	NA	0.443348	NA	NA	9ded083e16ba399436426fed989bad844a11cc63	43a54b48b1863462e643c5298761ac4b4ce68462599e0fc35650a76e38e01e16
2026-09-01T05:50:23Z	cpt_t2b10k_mean_main_seed42	step406	13303808	60074744	dev	ko	NA	NA	1.527797	NA	NA	9ded083e16ba399436426fed989bad844a11cc63	43a54b48b1863462e643c5298761ac4b4ce68462599e0fc35650a76e38e01e16
2026-09-01T05:50:23Z	cpt_t2b10k_mean_main_seed42	step406	13303808	60074744	dev	en	NA	NA	0.817851	NA	NA	9ded083e16ba399436426fed989bad844a11cc63	43a54b48b1863462e643c5298761ac4b4ce68462599e0fc35650a76e38e01e16
2026-09-01T05:50:23Z	cpt_t2b10k_mean_main_seed42	step406	13303808	60074744	dev	code	NA	NA	0.444059	NA	NA	9ded083e16ba399436426fed989bad844a11cc63	43a54b48b1863462e643c5298761ac4b4ce68462599e0fc35650a76e38e01e16
2026-09-01T05:57:53Z	cpt_t2b10k_mean_main_seed42	step542	17760256	80132965	dev	ko	NA	NA	1.509325	NA	NA	fcec1fcd39e4515c946c5d58583e12c326c52793	43a54b48b1863462e643c5298761ac4b4ce68462599e0fc35650a76e38e01e16
2026-09-01T05:57:53Z	cpt_t2b10k_mean_main_seed42	step542	17760256	80132965	dev	en	NA	NA	0.818723	NA	NA	fcec1fcd39e4515c946c5d58583e12c326c52793	43a54b48b1863462e643c5298761ac4b4ce68462599e0fc35650a76e38e01e16
2026-09-01T05:57:53Z	cpt_t2b10k_mean_main_seed42	step542	17760256	80132965	dev	code	NA	NA	0.444762	NA	NA	fcec1fcd39e4515c946c5d58583e12c326c52793	43a54b48b1863462e643c5298761ac4b4ce68462599e0fc35650a76e38e01e16
2026-09-01T06:05:20Z	cpt_t2b10k_mean_main_seed42	step677	22183936	100098523	dev	ko	NA	NA	1.501453	NA	NA	fcec1fcd39e4515c946c5d58583e12c326c52793	43a54b48b1863462e643c5298761ac4b4ce68462599e0fc35650a76e38e01e16
2026-09-01T06:05:20Z	cpt_t2b10k_mean_main_seed42	step677	22183936	100098523	dev	en	NA	NA	0.818573	NA	NA	fcec1fcd39e4515c946c5d58583e12c326c52793	43a54b48b1863462e643c5298761ac4b4ce68462599e0fc35650a76e38e01e16
2026-09-01T06:05:20Z	cpt_t2b10k_mean_main_seed42	step677	22183936	100098523	dev	code	NA	NA	0.444973	NA	NA	fcec1fcd39e4515c946c5d58583e12c326c52793	43a54b48b1863462e643c5298761ac4b4ce68462599e0fc35650a76e38e01e16
2026-09-01T06:12:47Z	cpt_t2b10k_mean_main_seed42	step812	26607616	120049654	dev	ko	NA	NA	1.498596	NA	NA	fcec1fcd39e4515c946c5d58583e12c326c52793	43a54b48b1863462e643c5298761ac4b4ce68462599e0fc35650a76e38e01e16
2026-09-01T06:12:47Z	cpt_t2b10k_mean_main_seed42	step812	26607616	120049654	dev	en	NA	NA	0.818659	NA	NA	fcec1fcd39e4515c946c5d58583e12c326c52793	43a54b48b1863462e643c5298761ac4b4ce68462599e0fc35650a76e38e01e16
2026-09-01T06:12:47Z	cpt_t2b10k_mean_main_seed42	step812	26607616	120049654	dev	code	NA	NA	0.445058	NA	NA	fcec1fcd39e4515c946c5d58583e12c326c52793	43a54b48b1863462e643c5298761ac4b4ce68462599e0fc35650a76e38e01e16
2026-09-01T06:20:17Z	cpt_t2b10k_mean_main_seed42	step948	31064064	140136989	dev	ko	NA	NA	1.497661	NA	NA	fcec1fcd39e4515c946c5d58583e12c326c52793	43a54b48b1863462e643c5298761ac4b4ce68462599e0fc35650a76e38e01e16
2026-09-01T06:20:17Z	cpt_t2b10k_mean_main_seed42	step948	31064064	140136989	dev	en	NA	NA	0.818679	NA	NA	fcec1fcd39e4515c946c5d58583e12c326c52793	43a54b48b1863462e643c5298761ac4b4ce68462599e0fc35650a76e38e01e16
2026-09-01T06:20:17Z	cpt_t2b10k_mean_main_seed42	step948	31064064	140136989	dev	code	NA	NA	0.445082	NA	NA	fcec1fcd39e4515c946c5d58583e12c326c52793	43a54b48b1863462e643c5298761ac4b4ce68462599e0fc35650a76e38e01e16
2026-09-01T06:27:43Z	cpt_t2b10k_mean_main_seed42	step1083	35487744	160077741	dev	ko	NA	NA	1.497337	NA	NA	fcec1fcd39e4515c946c5d58583e12c326c52793	43a54b48b1863462e643c5298761ac4b4ce68462599e0fc35650a76e38e01e16
2026-09-01T06:27:43Z	cpt_t2b10k_mean_main_seed42	step1083	35487744	160077741	dev	en	NA	NA	0.818699	NA	NA	fcec1fcd39e4515c946c5d58583e12c326c52793	43a54b48b1863462e643c5298761ac4b4ce68462599e0fc35650a76e38e01e16
2026-09-01T06:27:43Z	cpt_t2b10k_mean_main_seed42	step1083	35487744	160077741	dev	code	NA	NA	0.445072	NA	NA	fcec1fcd39e4515c946c5d58583e12c326c52793	43a54b48b1863462e643c5298761ac4b4ce68462599e0fc35650a76e38e01e16
2026-09-01T06:31:16Z	cpt_t2b10k_mean_main_seed42	final	37351424	168501452	dev	ko	NA	NA	1.497272	NA	NA	fcec1fcd39e4515c946c5d58583e12c326c52793	43a54b48b1863462e643c5298761ac4b4ce68462599e0fc35650a76e38e01e16
2026-09-01T06:31:16Z	cpt_t2b10k_mean_main_seed42	final	37351424	168501452	dev	en	NA	NA	0.818725	NA	NA	fcec1fcd39e4515c946c5d58583e12c326c52793	43a54b48b1863462e643c5298761ac4b4ce68462599e0fc35650a76e38e01e16
2026-09-01T06:31:16Z	cpt_t2b10k_mean_main_seed42	final	37351424	168501452	dev	code	NA	NA	0.445057	NA	NA	fcec1fcd39e4515c946c5d58583e12c326c52793	43a54b48b1863462e643c5298761ac4b4ce68462599e0fc35650a76e38e01e16
2026-09-01T06:33:56Z	cpt_t2b10k_mean_noise_seed42	step0	0	0	dev	ko	NA	NA	2.190429	NA	NA	fcec1fcd39e4515c946c5d58583e12c326c52793	093622f5d8c185b574b6d113ac0272f696e589309c779aafbe03cd02ea2ac1d9
2026-09-01T06:33:56Z	cpt_t2b10k_mean_noise_seed42	step0	0	0	dev	en	NA	NA	0.827625	NA	NA	fcec1fcd39e4515c946c5d58583e12c326c52793	093622f5d8c185b574b6d113ac0272f696e589309c779aafbe03cd02ea2ac1d9
2026-09-01T06:33:56Z	cpt_t2b10k_mean_noise_seed42	step0	0	0	dev	code	NA	NA	0.484637	NA	NA	fcec1fcd39e4515c946c5d58583e12c326c52793	093622f5d8c185b574b6d113ac0272f696e589309c779aafbe03cd02ea2ac1d9
2026-09-01T06:34:40Z	cpt_t2b10k_mean_noise_seed42	step7	229376	1054813	dev	ko	NA	NA	1.974755	NA	NA	fcec1fcd39e4515c946c5d58583e12c326c52793	093622f5d8c185b574b6d113ac0272f696e589309c779aafbe03cd02ea2ac1d9
2026-09-01T06:34:40Z	cpt_t2b10k_mean_noise_seed42	step7	229376	1054813	dev	en	NA	NA	0.829534	NA	NA	fcec1fcd39e4515c946c5d58583e12c326c52793	093622f5d8c185b574b6d113ac0272f696e589309c779aafbe03cd02ea2ac1d9
2026-09-01T06:34:40Z	cpt_t2b10k_mean_noise_seed42	step7	229376	1054813	dev	code	NA	NA	0.485604	NA	NA	fcec1fcd39e4515c946c5d58583e12c326c52793	093622f5d8c185b574b6d113ac0272f696e589309c779aafbe03cd02ea2ac1d9
2026-09-01T06:35:23Z	cpt_t2b10k_mean_noise_seed42	step14	458752	2082354	dev	ko	NA	NA	1.898934	NA	NA	fcec1fcd39e4515c946c5d58583e12c326c52793	093622f5d8c185b574b6d113ac0272f696e589309c779aafbe03cd02ea2ac1d9
2026-09-01T06:35:23Z	cpt_t2b10k_mean_noise_seed42	step14	458752	2082354	dev	en	NA	NA	0.830589	NA	NA	fcec1fcd39e4515c946c5d58583e12c326c52793	093622f5d8c185b574b6d113ac0272f696e589309c779aafbe03cd02ea2ac1d9
2026-09-01T06:35:23Z	cpt_t2b10k_mean_noise_seed42	step14	458752	2082354	dev	code	NA	NA	0.486067	NA	NA	fcec1fcd39e4515c946c5d58583e12c326c52793	093622f5d8c185b574b6d113ac0272f696e589309c779aafbe03cd02ea2ac1d9
2026-09-01T06:36:06Z	cpt_t2b10k_mean_noise_seed42	step21	688128	3130407	dev	ko	NA	NA	1.853781	NA	NA	fcec1fcd39e4515c946c5d58583e12c326c52793	093622f5d8c185b574b6d113ac0272f696e589309c779aafbe03cd02ea2ac1d9
2026-09-01T06:36:06Z	cpt_t2b10k_mean_noise_seed42	step21	688128	3130407	dev	en	NA	NA	0.83065	NA	NA	fcec1fcd39e4515c946c5d58583e12c326c52793	093622f5d8c185b574b6d113ac0272f696e589309c779aafbe03cd02ea2ac1d9
2026-09-01T06:36:06Z	cpt_t2b10k_mean_noise_seed42	step21	688128	3130407	dev	code	NA	NA	0.486214	NA	NA	fcec1fcd39e4515c946c5d58583e12c326c52793	093622f5d8c185b574b6d113ac0272f696e589309c779aafbe03cd02ea2ac1d9
2026-09-01T06:36:46Z	cpt_t2b10k_mean_noise_seed42	step27	884736	4013307	dev	ko	NA	NA	1.827066	NA	NA	fcec1fcd39e4515c946c5d58583e12c326c52793	093622f5d8c185b574b6d113ac0272f696e589309c779aafbe03cd02ea2ac1d9
2026-09-01T06:36:46Z	cpt_t2b10k_mean_noise_seed42	step27	884736	4013307	dev	en	NA	NA	0.830837	NA	NA	fcec1fcd39e4515c946c5d58583e12c326c52793	093622f5d8c185b574b6d113ac0272f696e589309c779aafbe03cd02ea2ac1d9
2026-09-01T06:36:46Z	cpt_t2b10k_mean_noise_seed42	step27	884736	4013307	dev	code	NA	NA	0.486437	NA	NA	fcec1fcd39e4515c946c5d58583e12c326c52793	093622f5d8c185b574b6d113ac0272f696e589309c779aafbe03cd02ea2ac1d9
2026-09-01T06:37:29Z	cpt_t2b10k_mean_noise_seed42	step34	1114112	5042960	dev	ko	NA	NA	1.804502	NA	NA	fcec1fcd39e4515c946c5d58583e12c326c52793	093622f5d8c185b574b6d113ac0272f696e589309c779aafbe03cd02ea2ac1d9
2026-09-01T06:37:29Z	cpt_t2b10k_mean_noise_seed42	step34	1114112	5042960	dev	en	NA	NA	0.830956	NA	NA	fcec1fcd39e4515c946c5d58583e12c326c52793	093622f5d8c185b574b6d113ac0272f696e589309c779aafbe03cd02ea2ac1d9
2026-09-01T06:37:29Z	cpt_t2b10k_mean_noise_seed42	step34	1114112	5042960	dev	code	NA	NA	0.486689	NA	NA	fcec1fcd39e4515c946c5d58583e12c326c52793	093622f5d8c185b574b6d113ac0272f696e589309c779aafbe03cd02ea2ac1d9
2026-09-01T06:38:12Z	cpt_t2b10k_mean_noise_seed42	step41	1343488	6037893	dev	ko	NA	NA	1.789195	NA	NA	fcec1fcd39e4515c946c5d58583e12c326c52793	093622f5d8c185b574b6d113ac0272f696e589309c779aafbe03cd02ea2ac1d9
2026-09-01T06:38:12Z	cpt_t2b10k_mean_noise_seed42	step41	1343488	6037893	dev	en	NA	NA	0.830992	NA	NA	fcec1fcd39e4515c946c5d58583e12c326c52793	093622f5d8c185b574b6d113ac0272f696e589309c779aafbe03cd02ea2ac1d9
2026-09-01T06:38:12Z	cpt_t2b10k_mean_noise_seed42	step41	1343488	6037893	dev	code	NA	NA	0.486855	NA	NA	fcec1fcd39e4515c946c5d58583e12c326c52793	093622f5d8c185b574b6d113ac0272f696e589309c779aafbe03cd02ea2ac1d9
2026-09-01T06:38:55Z	cpt_t2b10k_mean_noise_seed42	step48	1572864	7072818	dev	ko	NA	NA	1.778173	NA	NA	fcec1fcd39e4515c946c5d58583e12c326c52793	093622f5d8c185b574b6d113ac0272f696e589309c779aafbe03cd02ea2ac1d9
2026-09-01T06:38:55Z	cpt_t2b10k_mean_noise_seed42	step48	1572864	7072818	dev	en	NA	NA	0.83109	NA	NA	fcec1fcd39e4515c946c5d58583e12c326c52793	093622f5d8c185b574b6d113ac0272f696e589309c779aafbe03cd02ea2ac1d9
2026-09-01T06:38:55Z	cpt_t2b10k_mean_noise_seed42	step48	1572864	7072818	dev	code	NA	NA	0.486942	NA	NA	fcec1fcd39e4515c946c5d58583e12c326c52793	093622f5d8c185b574b6d113ac0272f696e589309c779aafbe03cd02ea2ac1d9
2026-09-01T06:39:37Z	cpt_t2b10k_mean_noise_seed42	step55	1802240	8121918	dev	ko	NA	NA	1.769751	NA	NA	fcec1fcd39e4515c946c5d58583e12c326c52793	093622f5d8c185b574b6d113ac0272f696e589309c779aafbe03cd02ea2ac1d9
2026-09-01T06:39:37Z	cpt_t2b10k_mean_noise_seed42	step55	1802240	8121918	dev	en	NA	NA	0.831091	NA	NA	fcec1fcd39e4515c946c5d58583e12c326c52793	093622f5d8c185b574b6d113ac0272f696e589309c779aafbe03cd02ea2ac1d9
2026-09-01T06:39:37Z	cpt_t2b10k_mean_noise_seed42	step55	1802240	8121918	dev	code	NA	NA	0.486987	NA	NA	fcec1fcd39e4515c946c5d58583e12c326c52793	093622f5d8c185b574b6d113ac0272f696e589309c779aafbe03cd02ea2ac1d9
2026-09-01T06:40:20Z	cpt_t2b10k_mean_noise_seed42	step62	2031616	9115617	dev	ko	NA	NA	1.763691	NA	NA	fcec1fcd39e4515c946c5d58583e12c326c52793	093622f5d8c185b574b6d113ac0272f696e589309c779aafbe03cd02ea2ac1d9
2026-09-01T06:40:20Z	cpt_t2b10k_mean_noise_seed42	step62	2031616	9115617	dev	en	NA	NA	0.83109	NA	NA	fcec1fcd39e4515c946c5d58583e12c326c52793	093622f5d8c185b574b6d113ac0272f696e589309c779aafbe03cd02ea2ac1d9
2026-09-01T06:40:20Z	cpt_t2b10k_mean_noise_seed42	step62	2031616	9115617	dev	code	NA	NA	0.486985	NA	NA	fcec1fcd39e4515c946c5d58583e12c326c52793	093622f5d8c185b574b6d113ac0272f696e589309c779aafbe03cd02ea2ac1d9
2026-09-01T06:41:00Z	cpt_t2b10k_mean_noise_seed42	step68	2228224	10026696	dev	ko	NA	NA	1.759776	NA	NA	fcec1fcd39e4515c946c5d58583e12c326c52793	093622f5d8c185b574b6d113ac0272f696e589309c779aafbe03cd02ea2ac1d9
2026-09-01T06:41:00Z	cpt_t2b10k_mean_noise_seed42	step68	2228224	10026696	dev	en	NA	NA	0.831107	NA	NA	fcec1fcd39e4515c946c5d58583e12c326c52793	093622f5d8c185b574b6d113ac0272f696e589309c779aafbe03cd02ea2ac1d9
2026-09-01T06:41:00Z	cpt_t2b10k_mean_noise_seed42	step68	2228224	10026696	dev	code	NA	NA	0.48707	NA	NA	fcec1fcd39e4515c946c5d58583e12c326c52793	093622f5d8c185b574b6d113ac0272f696e589309c779aafbe03cd02ea2ac1d9
2026-09-01T06:41:43Z	cpt_t2b10k_mean_noise_seed42	step75	2457600	11055749	dev	ko	NA	NA	1.756868	NA	NA	fcec1fcd39e4515c946c5d58583e12c326c52793	093622f5d8c185b574b6d113ac0272f696e589309c779aafbe03cd02ea2ac1d9
2026-09-01T06:41:43Z	cpt_t2b10k_mean_noise_seed42	step75	2457600	11055749	dev	en	NA	NA	0.831136	NA	NA	fcec1fcd39e4515c946c5d58583e12c326c52793	093622f5d8c185b574b6d113ac0272f696e589309c779aafbe03cd02ea2ac1d9
2026-09-01T06:41:43Z	cpt_t2b10k_mean_noise_seed42	step75	2457600	11055749	dev	code	NA	NA	0.487107	NA	NA	fcec1fcd39e4515c946c5d58583e12c326c52793	093622f5d8c185b574b6d113ac0272f696e589309c779aafbe03cd02ea2ac1d9
2026-09-01T06:42:26Z	cpt_t2b10k_mean_noise_seed42	step82	2686976	12097802	dev	ko	NA	NA	1.754827	NA	NA	fcec1fcd39e4515c946c5d58583e12c326c52793	093622f5d8c185b574b6d113ac0272f696e589309c779aafbe03cd02ea2ac1d9
2026-09-01T06:42:26Z	cpt_t2b10k_mean_noise_seed42	step82	2686976	12097802	dev	en	NA	NA	0.831171	NA	NA	fcec1fcd39e4515c946c5d58583e12c326c52793	093622f5d8c185b574b6d113ac0272f696e589309c779aafbe03cd02ea2ac1d9
2026-09-01T06:42:26Z	cpt_t2b10k_mean_noise_seed42	step82	2686976	12097802	dev	code	NA	NA	0.48707	NA	NA	fcec1fcd39e4515c946c5d58583e12c326c52793	093622f5d8c185b574b6d113ac0272f696e589309c779aafbe03cd02ea2ac1d9
2026-09-01T06:43:09Z	cpt_t2b10k_mean_noise_seed42	step89	2916352	13129486	dev	ko	NA	NA	1.753561	NA	NA	fcec1fcd39e4515c946c5d58583e12c326c52793	093622f5d8c185b574b6d113ac0272f696e589309c779aafbe03cd02ea2ac1d9
2026-09-01T06:43:09Z	cpt_t2b10k_mean_noise_seed42	step89	2916352	13129486	dev	en	NA	NA	0.831175	NA	NA	fcec1fcd39e4515c946c5d58583e12c326c52793	093622f5d8c185b574b6d113ac0272f696e589309c779aafbe03cd02ea2ac1d9
2026-09-01T06:43:09Z	cpt_t2b10k_mean_noise_seed42	step89	2916352	13129486	dev	code	NA	NA	0.487134	NA	NA	fcec1fcd39e4515c946c5d58583e12c326c52793	093622f5d8c185b574b6d113ac0272f696e589309c779aafbe03cd02ea2ac1d9
2026-09-01T06:43:49Z	cpt_t2b10k_mean_noise_seed42	step95	3112960	14005881	dev	ko	NA	NA	1.752823	NA	NA	fcec1fcd39e4515c946c5d58583e12c326c52793	093622f5d8c185b574b6d113ac0272f696e589309c779aafbe03cd02ea2ac1d9
2026-09-01T06:43:49Z	cpt_t2b10k_mean_noise_seed42	step95	3112960	14005881	dev	en	NA	NA	0.831153	NA	NA	fcec1fcd39e4515c946c5d58583e12c326c52793	093622f5d8c185b574b6d113ac0272f696e589309c779aafbe03cd02ea2ac1d9
2026-09-01T06:43:49Z	cpt_t2b10k_mean_noise_seed42	step95	3112960	14005881	dev	code	NA	NA	0.487105	NA	NA	fcec1fcd39e4515c946c5d58583e12c326c52793	093622f5d8c185b574b6d113ac0272f696e589309c779aafbe03cd02ea2ac1d9
2026-09-01T06:44:31Z	cpt_t2b10k_mean_noise_seed42	step102	3342336	15046297	dev	ko	NA	NA	1.752425	NA	NA	fcec1fcd39e4515c946c5d58583e12c326c52793	093622f5d8c185b574b6d113ac0272f696e589309c779aafbe03cd02ea2ac1d9
2026-09-01T06:44:32Z	cpt_t2b10k_mean_noise_seed42	step102	3342336	15046297	dev	en	NA	NA	0.83121	NA	NA	fcec1fcd39e4515c946c5d58583e12c326c52793	093622f5d8c185b574b6d113ac0272f696e589309c779aafbe03cd02ea2ac1d9
2026-09-01T06:44:32Z	cpt_t2b10k_mean_noise_seed42	step102	3342336	15046297	dev	code	NA	NA	0.487119	NA	NA	fcec1fcd39e4515c946c5d58583e12c326c52793	093622f5d8c185b574b6d113ac0272f696e589309c779aafbe03cd02ea2ac1d9
2026-09-01T06:45:14Z	cpt_t2b10k_mean_noise_seed42	step109	3571712	16070759	dev	ko	NA	NA	1.75216	NA	NA	fcec1fcd39e4515c946c5d58583e12c326c52793	093622f5d8c185b574b6d113ac0272f696e589309c779aafbe03cd02ea2ac1d9
2026-09-01T06:45:14Z	cpt_t2b10k_mean_noise_seed42	step109	3571712	16070759	dev	en	NA	NA	0.831213	NA	NA	fcec1fcd39e4515c946c5d58583e12c326c52793	093622f5d8c185b574b6d113ac0272f696e589309c779aafbe03cd02ea2ac1d9
2026-09-01T06:45:14Z	cpt_t2b10k_mean_noise_seed42	step109	3571712	16070759	dev	code	NA	NA	0.487119	NA	NA	fcec1fcd39e4515c946c5d58583e12c326c52793	093622f5d8c185b574b6d113ac0272f696e589309c779aafbe03cd02ea2ac1d9
2026-09-01T06:45:57Z	cpt_t2b10k_mean_noise_seed42	step116	3801088	17097496	dev	ko	NA	NA	1.751948	NA	NA	fcec1fcd39e4515c946c5d58583e12c326c52793	093622f5d8c185b574b6d113ac0272f696e589309c779aafbe03cd02ea2ac1d9
2026-09-01T06:45:57Z	cpt_t2b10k_mean_noise_seed42	step116	3801088	17097496	dev	en	NA	NA	0.831212	NA	NA	fcec1fcd39e4515c946c5d58583e12c326c52793	093622f5d8c185b574b6d113ac0272f696e589309c779aafbe03cd02ea2ac1d9
2026-09-01T06:45:57Z	cpt_t2b10k_mean_noise_seed42	step116	3801088	17097496	dev	code	NA	NA	0.487152	NA	NA	fcec1fcd39e4515c946c5d58583e12c326c52793	093622f5d8c185b574b6d113ac0272f696e589309c779aafbe03cd02ea2ac1d9
2026-09-01T06:46:27Z	cpt_t2b10k_mean_noise_seed42	final	3891200	17510376	dev	ko	NA	NA	1.751896	NA	NA	fcec1fcd39e4515c946c5d58583e12c326c52793	093622f5d8c185b574b6d113ac0272f696e589309c779aafbe03cd02ea2ac1d9
2026-09-01T06:46:27Z	cpt_t2b10k_mean_noise_seed42	final	3891200	17510376	dev	en	NA	NA	0.83114	NA	NA	fcec1fcd39e4515c946c5d58583e12c326c52793	093622f5d8c185b574b6d113ac0272f696e589309c779aafbe03cd02ea2ac1d9
2026-09-01T06:46:27Z	cpt_t2b10k_mean_noise_seed42	final	3891200	17510376	dev	code	NA	NA	0.487155	NA	NA	fcec1fcd39e4515c946c5d58583e12c326c52793	093622f5d8c185b574b6d113ac0272f696e589309c779aafbe03cd02ea2ac1d9
2026-09-01T06:49:07Z	cpt_t2b10k_mean_noise_seed123	step0	0	0	dev	ko	NA	NA	2.190429	NA	NA	fcec1fcd39e4515c946c5d58583e12c326c52793	e830421dfc14b315b6134a180a9c1bc9336be4f0e809eec033cf7f2a853bf9ea
2026-09-01T06:49:07Z	cpt_t2b10k_mean_noise_seed123	step0	0	0	dev	en	NA	NA	0.827625	NA	NA	fcec1fcd39e4515c946c5d58583e12c326c52793	e830421dfc14b315b6134a180a9c1bc9336be4f0e809eec033cf7f2a853bf9ea
2026-09-01T06:49:07Z	cpt_t2b10k_mean_noise_seed123	step0	0	0	dev	code	NA	NA	0.484637	NA	NA	fcec1fcd39e4515c946c5d58583e12c326c52793	e830421dfc14b315b6134a180a9c1bc9336be4f0e809eec033cf7f2a853bf9ea
2026-09-01T06:49:53Z	cpt_t2b10k_mean_noise_seed123	step7	229376	1028340	dev	ko	NA	NA	1.973132	NA	NA	fcec1fcd39e4515c946c5d58583e12c326c52793	e830421dfc14b315b6134a180a9c1bc9336be4f0e809eec033cf7f2a853bf9ea
2026-09-01T06:49:53Z	cpt_t2b10k_mean_noise_seed123	step7	229376	1028340	dev	en	NA	NA	0.829512	NA	NA	fcec1fcd39e4515c946c5d58583e12c326c52793	e830421dfc14b315b6134a180a9c1bc9336be4f0e809eec033cf7f2a853bf9ea
2026-09-01T06:49:53Z	cpt_t2b10k_mean_noise_seed123	step7	229376	1028340	dev	code	NA	NA	0.485634	NA	NA	fcec1fcd39e4515c946c5d58583e12c326c52793	e830421dfc14b315b6134a180a9c1bc9336be4f0e809eec033cf7f2a853bf9ea
2026-09-01T06:50:38Z	cpt_t2b10k_mean_noise_seed123	step14	458752	2058388	dev	ko	NA	NA	1.89817	NA	NA	fcec1fcd39e4515c946c5d58583e12c326c52793	e830421dfc14b315b6134a180a9c1bc9336be4f0e809eec033cf7f2a853bf9ea
2026-09-01T06:50:38Z	cpt_t2b10k_mean_noise_seed123	step14	458752	2058388	dev	en	NA	NA	0.830705	NA	NA	fcec1fcd39e4515c946c5d58583e12c326c52793	e830421dfc14b315b6134a180a9c1bc9336be4f0e809eec033cf7f2a853bf9ea
2026-09-01T06:50:38Z	cpt_t2b10k_mean_noise_seed123	step14	458752	2058388	dev	code	NA	NA	0.486194	NA	NA	fcec1fcd39e4515c946c5d58583e12c326c52793	e830421dfc14b315b6134a180a9c1bc9336be4f0e809eec033cf7f2a853bf9ea
2026-09-01T06:51:22Z	cpt_t2b10k_mean_noise_seed123	step21	688128	3084994	dev	ko	NA	NA	1.851284	NA	NA	fcec1fcd39e4515c946c5d58583e12c326c52793	e830421dfc14b315b6134a180a9c1bc9336be4f0e809eec033cf7f2a853bf9ea
2026-09-01T06:51:22Z	cpt_t2b10k_mean_noise_seed123	step21	688128	3084994	dev	en	NA	NA	0.830763	NA	NA	fcec1fcd39e4515c946c5d58583e12c326c52793	e830421dfc14b315b6134a180a9c1bc9336be4f0e809eec033cf7f2a853bf9ea
2026-09-01T06:51:22Z	cpt_t2b10k_mean_noise_seed123	step21	688128	3084994	dev	code	NA	NA	0.486216	NA	NA	fcec1fcd39e4515c946c5d58583e12c326c52793	e830421dfc14b315b6134a180a9c1bc9336be4f0e809eec033cf7f2a853bf9ea
2026-09-01T06:52:07Z	cpt_t2b10k_mean_noise_seed123	step28	917504	4113613	dev	ko	NA	NA	1.820473	NA	NA	fcec1fcd39e4515c946c5d58583e12c326c52793	e830421dfc14b315b6134a180a9c1bc9336be4f0e809eec033cf7f2a853bf9ea
2026-09-01T06:52:07Z	cpt_t2b10k_mean_noise_seed123	step28	917504	4113613	dev	en	NA	NA	0.830903	NA	NA	fcec1fcd39e4515c946c5d58583e12c326c52793	e830421dfc14b315b6134a180a9c1bc9336be4f0e809eec033cf7f2a853bf9ea
2026-09-01T06:52:07Z	cpt_t2b10k_mean_noise_seed123	step28	917504	4113613	dev	code	NA	NA	0.486546	NA	NA	fcec1fcd39e4515c946c5d58583e12c326c52793	e830421dfc14b315b6134a180a9c1bc9336be4f0e809eec033cf7f2a853bf9ea
2026-09-01T06:52:51Z	cpt_t2b10k_mean_noise_seed123	step35	1146880	5120258	dev	ko	NA	NA	1.800614	NA	NA	fcec1fcd39e4515c946c5d58583e12c326c52793	e830421dfc14b315b6134a180a9c1bc9336be4f0e809eec033cf7f2a853bf9ea
2026-09-01T06:52:51Z	cpt_t2b10k_mean_noise_seed123	step35	1146880	5120258	dev	en	NA	NA	0.831032	NA	NA	fcec1fcd39e4515c946c5d58583e12c326c52793	e830421dfc14b315b6134a180a9c1bc9336be4f0e809eec033cf7f2a853bf9ea
2026-09-01T06:52:51Z	cpt_t2b10k_mean_noise_seed123	step35	1146880	5120258	dev	code	NA	NA	0.486829	NA	NA	fcec1fcd39e4515c946c5d58583e12c326c52793	e830421dfc14b315b6134a180a9c1bc9336be4f0e809eec033cf7f2a853bf9ea
2026-09-01T06:53:30Z	cpt_t2b10k_mean_noise_seed123	step41	1343488	6012182	dev	ko	NA	NA	1.787637	NA	NA	fcec1fcd39e4515c946c5d58583e12c326c52793	e830421dfc14b315b6134a180a9c1bc9336be4f0e809eec033cf7f2a853bf9ea
2026-09-01T06:53:30Z	cpt_t2b10k_mean_noise_seed123	step41	1343488	6012182	dev	en	NA	NA	0.831157	NA	NA	fcec1fcd39e4515c946c5d58583e12c326c52793	e830421dfc14b315b6134a180a9c1bc9336be4f0e809eec033cf7f2a853bf9ea
2026-09-01T06:53:30Z	cpt_t2b10k_mean_noise_seed123	step41	1343488	6012182	dev	code	NA	NA	0.487021	NA	NA	fcec1fcd39e4515c946c5d58583e12c326c52793	e830421dfc14b315b6134a180a9c1bc9336be4f0e809eec033cf7f2a853bf9ea
2026-09-01T06:54:14Z	cpt_t2b10k_mean_noise_seed123	step48	1572864	7053788	dev	ko	NA	NA	1.776284	NA	NA	fcec1fcd39e4515c946c5d58583e12c326c52793	e830421dfc14b315b6134a180a9c1bc9336be4f0e809eec033cf7f2a853bf9ea
2026-09-01T06:54:14Z	cpt_t2b10k_mean_noise_seed123	step48	1572864	7053788	dev	en	NA	NA	0.831156	NA	NA	fcec1fcd39e4515c946c5d58583e12c326c52793	e830421dfc14b315b6134a180a9c1bc9336be4f0e809eec033cf7f2a853bf9ea
2026-09-01T06:54:14Z	cpt_t2b10k_mean_noise_seed123	step48	1572864	7053788	dev	code	NA	NA	0.487063	NA	NA	fcec1fcd39e4515c946c5d58583e12c326c52793	e830421dfc14b315b6134a180a9c1bc9336be4f0e809eec033cf7f2a853bf9ea
2026-09-01T06:54:56Z	cpt_t2b10k_mean_noise_seed123	step55	1802240	8089745	dev	ko	NA	NA	1.767656	NA	NA	fcec1fcd39e4515c946c5d58583e12c326c52793	e830421dfc14b315b6134a180a9c1bc9336be4f0e809eec033cf7f2a853bf9ea
2026-09-01T06:54:56Z	cpt_t2b10k_mean_noise_seed123	step55	1802240	8089745	dev	en	NA	NA	0.831164	NA	NA	fcec1fcd39e4515c946c5d58583e12c326c52793	e830421dfc14b315b6134a180a9c1bc9336be4f0e809eec033cf7f2a853bf9ea
2026-09-01T06:54:56Z	cpt_t2b10k_mean_noise_seed123	step55	1802240	8089745	dev	code	NA	NA	0.487105	NA	NA	fcec1fcd39e4515c946c5d58583e12c326c52793	e830421dfc14b315b6134a180a9c1bc9336be4f0e809eec033cf7f2a853bf9ea
2026-09-01T06:55:38Z	cpt_t2b10k_mean_noise_seed123	step62	2031616	9123521	dev	ko	NA	NA	1.761271	NA	NA	fcec1fcd39e4515c946c5d58583e12c326c52793	e830421dfc14b315b6134a180a9c1bc9336be4f0e809eec033cf7f2a853bf9ea
2026-09-01T06:55:38Z	cpt_t2b10k_mean_noise_seed123	step62	2031616	9123521	dev	en	NA	NA	0.83114	NA	NA	fcec1fcd39e4515c946c5d58583e12c326c52793	e830421dfc14b315b6134a180a9c1bc9336be4f0e809eec033cf7f2a853bf9ea
2026-09-01T06:55:38Z	cpt_t2b10k_mean_noise_seed123	step62	2031616	9123521	dev	code	NA	NA	0.487109	NA	NA	fcec1fcd39e4515c946c5d58583e12c326c52793	e830421dfc14b315b6134a180a9c1bc9336be4f0e809eec033cf7f2a853bf9ea
2026-09-01T06:56:19Z	cpt_t2b10k_mean_noise_seed123	step68	2228224	10032965	dev	ko	NA	NA	1.757356	NA	NA	fcec1fcd39e4515c946c5d58583e12c326c52793	e830421dfc14b315b6134a180a9c1bc9336be4f0e809eec033cf7f2a853bf9ea
2026-09-01T06:56:19Z	cpt_t2b10k_mean_noise_seed123	step68	2228224	10032965	dev	en	NA	NA	0.831188	NA	NA	fcec1fcd39e4515c946c5d58583e12c326c52793	e830421dfc14b315b6134a180a9c1bc9336be4f0e809eec033cf7f2a853bf9ea
2026-09-01T06:56:19Z	cpt_t2b10k_mean_noise_seed123	step68	2228224	10032965	dev	code	NA	NA	0.487149	NA	NA	fcec1fcd39e4515c946c5d58583e12c326c52793	e830421dfc14b315b6134a180a9c1bc9336be4f0e809eec033cf7f2a853bf9ea
2026-09-01T06:57:03Z	cpt_t2b10k_mean_noise_seed123	step75	2457600	11070677	dev	ko	NA	NA	1.754387	NA	NA	fcec1fcd39e4515c946c5d58583e12c326c52793	e830421dfc14b315b6134a180a9c1bc9336be4f0e809eec033cf7f2a853bf9ea
2026-09-01T06:57:03Z	cpt_t2b10k_mean_noise_seed123	step75	2457600	11070677	dev	en	NA	NA	0.831206	NA	NA	fcec1fcd39e4515c946c5d58583e12c326c52793	e830421dfc14b315b6134a180a9c1bc9336be4f0e809eec033cf7f2a853bf9ea
2026-09-01T06:57:03Z	cpt_t2b10k_mean_noise_seed123	step75	2457600	11070677	dev	code	NA	NA	0.48716	NA	NA	fcec1fcd39e4515c946c5d58583e12c326c52793	e830421dfc14b315b6134a180a9c1bc9336be4f0e809eec033cf7f2a853bf9ea
2026-09-01T06:57:48Z	cpt_t2b10k_mean_noise_seed123	step82	2686976	12112181	dev	ko	NA	NA	1.752301	NA	NA	fcec1fcd39e4515c946c5d58583e12c326c52793	e830421dfc14b315b6134a180a9c1bc9336be4f0e809eec033cf7f2a853bf9ea
2026-09-01T06:57:48Z	cpt_t2b10k_mean_noise_seed123	step82	2686976	12112181	dev	en	NA	NA	0.831258	NA	NA	fcec1fcd39e4515c946c5d58583e12c326c52793	e830421dfc14b315b6134a180a9c1bc9336be4f0e809eec033cf7f2a853bf9ea
2026-09-01T06:57:48Z	cpt_t2b10k_mean_noise_seed123	step82	2686976	12112181	dev	code	NA	NA	0.487189	NA	NA	fcec1fcd39e4515c946c5d58583e12c326c52793	e830421dfc14b315b6134a180a9c1bc9336be4f0e809eec033cf7f2a853bf9ea
2026-09-01T06:58:29Z	cpt_t2b10k_mean_noise_seed123	step88	2883584	13012032	dev	ko	NA	NA	1.75118	NA	NA	fcec1fcd39e4515c946c5d58583e12c326c52793	e830421dfc14b315b6134a180a9c1bc9336be4f0e809eec033cf7f2a853bf9ea
2026-09-01T06:58:29Z	cpt_t2b10k_mean_noise_seed123	step88	2883584	13012032	dev	en	NA	NA	0.83126	NA	NA	fcec1fcd39e4515c946c5d58583e12c326c52793	e830421dfc14b315b6134a180a9c1bc9336be4f0e809eec033cf7f2a853bf9ea
2026-09-01T06:58:29Z	cpt_t2b10k_mean_noise_seed123	step88	2883584	13012032	dev	code	NA	NA	0.48723	NA	NA	fcec1fcd39e4515c946c5d58583e12c326c52793	e830421dfc14b315b6134a180a9c1bc9336be4f0e809eec033cf7f2a853bf9ea
2026-09-01T06:59:14Z	cpt_t2b10k_mean_noise_seed123	step95	3112960	14016123	dev	ko	NA	NA	1.750424	NA	NA	fcec1fcd39e4515c946c5d58583e12c326c52793	e830421dfc14b315b6134a180a9c1bc9336be4f0e809eec033cf7f2a853bf9ea
2026-09-01T06:59:14Z	cpt_t2b10k_mean_noise_seed123	step95	3112960	14016123	dev	en	NA	NA	0.831231	NA	NA	fcec1fcd39e4515c946c5d58583e12c326c52793	e830421dfc14b315b6134a180a9c1bc9336be4f0e809eec033cf7f2a853bf9ea
2026-09-01T06:59:14Z	cpt_t2b10k_mean_noise_seed123	step95	3112960	14016123	dev	code	NA	NA	0.487189	NA	NA	fcec1fcd39e4515c946c5d58583e12c326c52793	e830421dfc14b315b6134a180a9c1bc9336be4f0e809eec033cf7f2a853bf9ea
2026-09-01T06:59:57Z	cpt_t2b10k_mean_noise_seed123	step102	3342336	15062263	dev	ko	NA	NA	1.750032	NA	NA	fcec1fcd39e4515c946c5d58583e12c326c52793	e830421dfc14b315b6134a180a9c1bc9336be4f0e809eec033cf7f2a853bf9ea
2026-09-01T06:59:57Z	cpt_t2b10k_mean_noise_seed123	step102	3342336	15062263	dev	en	NA	NA	0.831224	NA	NA	fcec1fcd39e4515c946c5d58583e12c326c52793	e830421dfc14b315b6134a180a9c1bc9336be4f0e809eec033cf7f2a853bf9ea
2026-09-01T06:59:57Z	cpt_t2b10k_mean_noise_seed123	step102	3342336	15062263	dev	code	NA	NA	0.487226	NA	NA	fcec1fcd39e4515c946c5d58583e12c326c52793	e830421dfc14b315b6134a180a9c1bc9336be4f0e809eec033cf7f2a853bf9ea
2026-09-01T07:00:41Z	cpt_t2b10k_mean_noise_seed123	step109	3571712	16094067	dev	ko	NA	NA	1.749749	NA	NA	fcec1fcd39e4515c946c5d58583e12c326c52793	e830421dfc14b315b6134a180a9c1bc9336be4f0e809eec033cf7f2a853bf9ea
2026-09-01T07:00:41Z	cpt_t2b10k_mean_noise_seed123	step109	3571712	16094067	dev	en	NA	NA	0.83131	NA	NA	fcec1fcd39e4515c946c5d58583e12c326c52793	e830421dfc14b315b6134a180a9c1bc9336be4f0e809eec033cf7f2a853bf9ea
2026-09-01T07:00:41Z	cpt_t2b10k_mean_noise_seed123	step109	3571712	16094067	dev	code	NA	NA	0.487234	NA	NA	fcec1fcd39e4515c946c5d58583e12c326c52793	e830421dfc14b315b6134a180a9c1bc9336be4f0e809eec033cf7f2a853bf9ea
2026-09-01T07:01:23Z	cpt_t2b10k_mean_noise_seed123	step116	3801088	17113906	dev	ko	NA	NA	1.749604	NA	NA	fcec1fcd39e4515c946c5d58583e12c326c52793	e830421dfc14b315b6134a180a9c1bc9336be4f0e809eec033cf7f2a853bf9ea
2026-09-01T07:01:23Z	cpt_t2b10k_mean_noise_seed123	step116	3801088	17113906	dev	en	NA	NA	0.831237	NA	NA	fcec1fcd39e4515c946c5d58583e12c326c52793	e830421dfc14b315b6134a180a9c1bc9336be4f0e809eec033cf7f2a853bf9ea
2026-09-01T07:01:23Z	cpt_t2b10k_mean_noise_seed123	step116	3801088	17113906	dev	code	NA	NA	0.487229	NA	NA	fcec1fcd39e4515c946c5d58583e12c326c52793	e830421dfc14b315b6134a180a9c1bc9336be4f0e809eec033cf7f2a853bf9ea
2026-09-01T07:01:54Z	cpt_t2b10k_mean_noise_seed123	final	3887104	17503973	dev	ko	NA	NA	1.749567	NA	NA	fcec1fcd39e4515c946c5d58583e12c326c52793	e830421dfc14b315b6134a180a9c1bc9336be4f0e809eec033cf7f2a853bf9ea
2026-09-01T07:01:54Z	cpt_t2b10k_mean_noise_seed123	final	3887104	17503973	dev	en	NA	NA	0.831247	NA	NA	fcec1fcd39e4515c946c5d58583e12c326c52793	e830421dfc14b315b6134a180a9c1bc9336be4f0e809eec033cf7f2a853bf9ea
2026-09-01T07:01:54Z	cpt_t2b10k_mean_noise_seed123	final	3887104	17503973	dev	code	NA	NA	0.487217	NA	NA	fcec1fcd39e4515c946c5d58583e12c326c52793	e830421dfc14b315b6134a180a9c1bc9336be4f0e809eec033cf7f2a853bf9ea
2026-09-01T07:04:36Z	cpt_t2b10k_mean_noise_seed2026	step0	0	0	dev	ko	NA	NA	2.190429	NA	NA	fcec1fcd39e4515c946c5d58583e12c326c52793	d2779b1f0d81faffc4f9c2efadec70d7a2b9b6694b3beb1471a7adc3c5b35965
2026-09-01T07:04:36Z	cpt_t2b10k_mean_noise_seed2026	step0	0	0	dev	en	NA	NA	0.827625	NA	NA	fcec1fcd39e4515c946c5d58583e12c326c52793	d2779b1f0d81faffc4f9c2efadec70d7a2b9b6694b3beb1471a7adc3c5b35965
2026-09-01T07:04:36Z	cpt_t2b10k_mean_noise_seed2026	step0	0	0	dev	code	NA	NA	0.484637	NA	NA	fcec1fcd39e4515c946c5d58583e12c326c52793	d2779b1f0d81faffc4f9c2efadec70d7a2b9b6694b3beb1471a7adc3c5b35965
2026-09-01T07:05:20Z	cpt_t2b10k_mean_noise_seed2026	step7	229376	1023329	dev	ko	NA	NA	1.973056	NA	NA	fcec1fcd39e4515c946c5d58583e12c326c52793	d2779b1f0d81faffc4f9c2efadec70d7a2b9b6694b3beb1471a7adc3c5b35965
2026-09-01T07:05:20Z	cpt_t2b10k_mean_noise_seed2026	step7	229376	1023329	dev	en	NA	NA	0.829521	NA	NA	fcec1fcd39e4515c946c5d58583e12c326c52793	d2779b1f0d81faffc4f9c2efadec70d7a2b9b6694b3beb1471a7adc3c5b35965
2026-09-01T07:05:20Z	cpt_t2b10k_mean_noise_seed2026	step7	229376	1023329	dev	code	NA	NA	0.485635	NA	NA	fcec1fcd39e4515c946c5d58583e12c326c52793	d2779b1f0d81faffc4f9c2efadec70d7a2b9b6694b3beb1471a7adc3c5b35965
2026-09-01T07:06:03Z	cpt_t2b10k_mean_noise_seed2026	step14	458752	2045740	dev	ko	NA	NA	1.898261	NA	NA	fcec1fcd39e4515c946c5d58583e12c326c52793	d2779b1f0d81faffc4f9c2efadec70d7a2b9b6694b3beb1471a7adc3c5b35965
2026-09-01T07:06:03Z	cpt_t2b10k_mean_noise_seed2026	step14	458752	2045740	dev	en	NA	NA	0.830632	NA	NA	fcec1fcd39e4515c946c5d58583e12c326c52793	d2779b1f0d81faffc4f9c2efadec70d7a2b9b6694b3beb1471a7adc3c5b35965
2026-09-01T07:06:03Z	cpt_t2b10k_mean_noise_seed2026	step14	458752	2045740	dev	code	NA	NA	0.486104	NA	NA	fcec1fcd39e4515c946c5d58583e12c326c52793	d2779b1f0d81faffc4f9c2efadec70d7a2b9b6694b3beb1471a7adc3c5b35965
2026-09-01T07:06:47Z	cpt_t2b10k_mean_noise_seed2026	step21	688128	3074374	dev	ko	NA	NA	1.85203	NA	NA	fcec1fcd39e4515c946c5d58583e12c326c52793	d2779b1f0d81faffc4f9c2efadec70d7a2b9b6694b3beb1471a7adc3c5b35965
2026-09-01T07:06:47Z	cpt_t2b10k_mean_noise_seed2026	step21	688128	3074374	dev	en	NA	NA	0.830679	NA	NA	fcec1fcd39e4515c946c5d58583e12c326c52793	d2779b1f0d81faffc4f9c2efadec70d7a2b9b6694b3beb1471a7adc3c5b35965
2026-09-01T07:06:47Z	cpt_t2b10k_mean_noise_seed2026	step21	688128	3074374	dev	code	NA	NA	0.486131	NA	NA	fcec1fcd39e4515c946c5d58583e12c326c52793	d2779b1f0d81faffc4f9c2efadec70d7a2b9b6694b3beb1471a7adc3c5b35965
2026-09-01T07:07:31Z	cpt_t2b10k_mean_noise_seed2026	step28	917504	4122677	dev	ko	NA	NA	1.82116	NA	NA	fcec1fcd39e4515c946c5d58583e12c326c52793	d2779b1f0d81faffc4f9c2efadec70d7a2b9b6694b3beb1471a7adc3c5b35965
2026-09-01T07:07:31Z	cpt_t2b10k_mean_noise_seed2026	step28	917504	4122677	dev	en	NA	NA	0.830898	NA	NA	fcec1fcd39e4515c946c5d58583e12c326c52793	d2779b1f0d81faffc4f9c2efadec70d7a2b9b6694b3beb1471a7adc3c5b35965
2026-09-01T07:07:31Z	cpt_t2b10k_mean_noise_seed2026	step28	917504	4122677	dev	code	NA	NA	0.486467	NA	NA	fcec1fcd39e4515c946c5d58583e12c326c52793	d2779b1f0d81faffc4f9c2efadec70d7a2b9b6694b3beb1471a7adc3c5b35965
2026-09-01T07:08:16Z	cpt_t2b10k_mean_noise_seed2026	step35	1146880	5123159	dev	ko	NA	NA	1.800002	NA	NA	fcec1fcd39e4515c946c5d58583e12c326c52793	d2779b1f0d81faffc4f9c2efadec70d7a2b9b6694b3beb1471a7adc3c5b35965
2026-09-01T07:08:16Z	cpt_t2b10k_mean_noise_seed2026	step35	1146880	5123159	dev	en	NA	NA	0.830996	NA	NA	fcec1fcd39e4515c946c5d58583e12c326c52793	d2779b1f0d81faffc4f9c2efadec70d7a2b9b6694b3beb1471a7adc3c5b35965
2026-09-01T07:08:16Z	cpt_t2b10k_mean_noise_seed2026	step35	1146880	5123159	dev	code	NA	NA	0.486741	NA	NA	fcec1fcd39e4515c946c5d58583e12c326c52793	d2779b1f0d81faffc4f9c2efadec70d7a2b9b6694b3beb1471a7adc3c5b35965
2026-09-01T07:08:58Z	cpt_t2b10k_mean_noise_seed2026	step42	1376256	6144270	dev	ko	NA	NA	1.786532	NA	NA	fcec1fcd39e4515c946c5d58583e12c326c52793	d2779b1f0d81faffc4f9c2efadec70d7a2b9b6694b3beb1471a7adc3c5b35965
2026-09-01T07:08:58Z	cpt_t2b10k_mean_noise_seed2026	step42	1376256	6144270	dev	en	NA	NA	0.831072	NA	NA	fcec1fcd39e4515c946c5d58583e12c326c52793	d2779b1f0d81faffc4f9c2efadec70d7a2b9b6694b3beb1471a7adc3c5b35965
2026-09-01T07:08:58Z	cpt_t2b10k_mean_noise_seed2026	step42	1376256	6144270	dev	code	NA	NA	0.486887	NA	NA	fcec1fcd39e4515c946c5d58583e12c326c52793	d2779b1f0d81faffc4f9c2efadec70d7a2b9b6694b3beb1471a7adc3c5b35965
2026-09-01T07:09:39Z	cpt_t2b10k_mean_noise_seed2026	step48	1572864	7030068	dev	ko	NA	NA	1.777345	NA	NA	fcec1fcd39e4515c946c5d58583e12c326c52793	d2779b1f0d81faffc4f9c2efadec70d7a2b9b6694b3beb1471a7adc3c5b35965
2026-09-01T07:09:39Z	cpt_t2b10k_mean_noise_seed2026	step48	1572864	7030068	dev	en	NA	NA	0.831081	NA	NA	fcec1fcd39e4515c946c5d58583e12c326c52793	d2779b1f0d81faffc4f9c2efadec70d7a2b9b6694b3beb1471a7adc3c5b35965
2026-09-01T07:09:39Z	cpt_t2b10k_mean_noise_seed2026	step48	1572864	7030068	dev	code	NA	NA	0.486919	NA	NA	fcec1fcd39e4515c946c5d58583e12c326c52793	d2779b1f0d81faffc4f9c2efadec70d7a2b9b6694b3beb1471a7adc3c5b35965
2026-09-01T07:10:23Z	cpt_t2b10k_mean_noise_seed2026	step55	1802240	8074058	dev	ko	NA	NA	1.769017	NA	NA	fcec1fcd39e4515c946c5d58583e12c326c52793	d2779b1f0d81faffc4f9c2efadec70d7a2b9b6694b3beb1471a7adc3c5b35965
2026-09-01T07:10:23Z	cpt_t2b10k_mean_noise_seed2026	step55	1802240	8074058	dev	en	NA	NA	0.831232	NA	NA	fcec1fcd39e4515c946c5d58583e12c326c52793	d2779b1f0d81faffc4f9c2efadec70d7a2b9b6694b3beb1471a7adc3c5b35965
2026-09-01T07:10:23Z	cpt_t2b10k_mean_noise_seed2026	step55	1802240	8074058	dev	code	NA	NA	0.486984	NA	NA	fcec1fcd39e4515c946c5d58583e12c326c52793	d2779b1f0d81faffc4f9c2efadec70d7a2b9b6694b3beb1471a7adc3c5b35965
2026-09-01T07:11:07Z	cpt_t2b10k_mean_noise_seed2026	step62	2031616	9134350	dev	ko	NA	NA	1.762441	NA	NA	fcec1fcd39e4515c946c5d58583e12c326c52793	d2779b1f0d81faffc4f9c2efadec70d7a2b9b6694b3beb1471a7adc3c5b35965
2026-09-01T07:11:07Z	cpt_t2b10k_mean_noise_seed2026	step62	2031616	9134350	dev	en	NA	NA	0.831243	NA	NA	fcec1fcd39e4515c946c5d58583e12c326c52793	d2779b1f0d81faffc4f9c2efadec70d7a2b9b6694b3beb1471a7adc3c5b35965
2026-09-01T07:11:07Z	cpt_t2b10k_mean_noise_seed2026	step62	2031616	9134350	dev	code	NA	NA	0.48706	NA	NA	fcec1fcd39e4515c946c5d58583e12c326c52793	d2779b1f0d81faffc4f9c2efadec70d7a2b9b6694b3beb1471a7adc3c5b35965
2026-09-01T07:11:48Z	cpt_t2b10k_mean_noise_seed2026	step68	2228224	10043193	dev	ko	NA	NA	1.758417	NA	NA	fcec1fcd39e4515c946c5d58583e12c326c52793	d2779b1f0d81faffc4f9c2efadec70d7a2b9b6694b3beb1471a7adc3c5b35965
2026-09-01T07:11:48Z	cpt_t2b10k_mean_noise_seed2026	step68	2228224	10043193	dev	en	NA	NA	0.831278	NA	NA	fcec1fcd39e4515c946c5d58583e12c326c52793	d2779b1f0d81faffc4f9c2efadec70d7a2b9b6694b3beb1471a7adc3c5b35965
2026-09-01T07:11:48Z	cpt_t2b10k_mean_noise_seed2026	step68	2228224	10043193	dev	code	NA	NA	0.487032	NA	NA	fcec1fcd39e4515c946c5d58583e12c326c52793	d2779b1f0d81faffc4f9c2efadec70d7a2b9b6694b3beb1471a7adc3c5b35965
2026-09-01T07:12:33Z	cpt_t2b10k_mean_noise_seed2026	step75	2457600	11089064	dev	ko	NA	NA	1.755532	NA	NA	fcec1fcd39e4515c946c5d58583e12c326c52793	d2779b1f0d81faffc4f9c2efadec70d7a2b9b6694b3beb1471a7adc3c5b35965
2026-09-01T07:12:33Z	cpt_t2b10k_mean_noise_seed2026	step75	2457600	11089064	dev	en	NA	NA	0.831295	NA	NA	fcec1fcd39e4515c946c5d58583e12c326c52793	d2779b1f0d81faffc4f9c2efadec70d7a2b9b6694b3beb1471a7adc3c5b35965
2026-09-01T07:12:33Z	cpt_t2b10k_mean_noise_seed2026	step75	2457600	11089064	dev	code	NA	NA	0.487042	NA	NA	fcec1fcd39e4515c946c5d58583e12c326c52793	d2779b1f0d81faffc4f9c2efadec70d7a2b9b6694b3beb1471a7adc3c5b35965
2026-09-01T07:13:16Z	cpt_t2b10k_mean_noise_seed2026	step82	2686976	12118722	dev	ko	NA	NA	1.753654	NA	NA	fcec1fcd39e4515c946c5d58583e12c326c52793	d2779b1f0d81faffc4f9c2efadec70d7a2b9b6694b3beb1471a7adc3c5b35965
2026-09-01T07:13:16Z	cpt_t2b10k_mean_noise_seed2026	step82	2686976	12118722	dev	en	NA	NA	0.831273	NA	NA	fcec1fcd39e4515c946c5d58583e12c326c52793	d2779b1f0d81faffc4f9c2efadec70d7a2b9b6694b3beb1471a7adc3c5b35965
2026-09-01T07:13:16Z	cpt_t2b10k_mean_noise_seed2026	step82	2686976	12118722	dev	code	NA	NA	0.487069	NA	NA	fcec1fcd39e4515c946c5d58583e12c326c52793	d2779b1f0d81faffc4f9c2efadec70d7a2b9b6694b3beb1471a7adc3c5b35965
2026-09-01T07:14:01Z	cpt_t2b10k_mean_noise_seed2026	step89	2916352	13122545	dev	ko	NA	NA	1.752388	NA	NA	fcec1fcd39e4515c946c5d58583e12c326c52793	d2779b1f0d81faffc4f9c2efadec70d7a2b9b6694b3beb1471a7adc3c5b35965
2026-09-01T07:14:01Z	cpt_t2b10k_mean_noise_seed2026	step89	2916352	13122545	dev	en	NA	NA	0.83129	NA	NA	fcec1fcd39e4515c946c5d58583e12c326c52793	d2779b1f0d81faffc4f9c2efadec70d7a2b9b6694b3beb1471a7adc3c5b35965
2026-09-01T07:14:01Z	cpt_t2b10k_mean_noise_seed2026	step89	2916352	13122545	dev	code	NA	NA	0.487063	NA	NA	fcec1fcd39e4515c946c5d58583e12c326c52793	d2779b1f0d81faffc4f9c2efadec70d7a2b9b6694b3beb1471a7adc3c5b35965
2026-09-01T07:14:40Z	cpt_t2b10k_mean_noise_seed2026	step95	3112960	14023157	dev	ko	NA	NA	1.751776	NA	NA	fcec1fcd39e4515c946c5d58583e12c326c52793	d2779b1f0d81faffc4f9c2efadec70d7a2b9b6694b3beb1471a7adc3c5b35965
2026-09-01T07:14:40Z	cpt_t2b10k_mean_noise_seed2026	step95	3112960	14023157	dev	en	NA	NA	0.831305	NA	NA	fcec1fcd39e4515c946c5d58583e12c326c52793	d2779b1f0d81faffc4f9c2efadec70d7a2b9b6694b3beb1471a7adc3c5b35965
2026-09-01T07:14:40Z	cpt_t2b10k_mean_noise_seed2026	step95	3112960	14023157	dev	code	NA	NA	0.487053	NA	NA	fcec1fcd39e4515c946c5d58583e12c326c52793	d2779b1f0d81faffc4f9c2efadec70d7a2b9b6694b3beb1471a7adc3c5b35965
2026-09-01T07:15:24Z	cpt_t2b10k_mean_noise_seed2026	step102	3342336	15070592	dev	ko	NA	NA	1.751403	NA	NA	fcec1fcd39e4515c946c5d58583e12c326c52793	d2779b1f0d81faffc4f9c2efadec70d7a2b9b6694b3beb1471a7adc3c5b35965
2026-09-01T07:15:24Z	cpt_t2b10k_mean_noise_seed2026	step102	3342336	15070592	dev	en	NA	NA	0.83127	NA	NA	fcec1fcd39e4515c946c5d58583e12c326c52793	d2779b1f0d81faffc4f9c2efadec70d7a2b9b6694b3beb1471a7adc3c5b35965
2026-09-01T07:15:24Z	cpt_t2b10k_mean_noise_seed2026	step102	3342336	15070592	dev	code	NA	NA	0.487083	NA	NA	fcec1fcd39e4515c946c5d58583e12c326c52793	d2779b1f0d81faffc4f9c2efadec70d7a2b9b6694b3beb1471a7adc3c5b35965
2026-09-01T07:16:09Z	cpt_t2b10k_mean_noise_seed2026	step109	3571712	16100670	dev	ko	NA	NA	1.751091	NA	NA	fcec1fcd39e4515c946c5d58583e12c326c52793	d2779b1f0d81faffc4f9c2efadec70d7a2b9b6694b3beb1471a7adc3c5b35965
2026-09-01T07:16:09Z	cpt_t2b10k_mean_noise_seed2026	step109	3571712	16100670	dev	en	NA	NA	0.831243	NA	NA	fcec1fcd39e4515c946c5d58583e12c326c52793	d2779b1f0d81faffc4f9c2efadec70d7a2b9b6694b3beb1471a7adc3c5b35965
2026-09-01T07:16:09Z	cpt_t2b10k_mean_noise_seed2026	step109	3571712	16100670	dev	code	NA	NA	0.487085	NA	NA	fcec1fcd39e4515c946c5d58583e12c326c52793	d2779b1f0d81faffc4f9c2efadec70d7a2b9b6694b3beb1471a7adc3c5b35965
2026-09-01T07:16:52Z	cpt_t2b10k_mean_noise_seed2026	step116	3801088	17145018	dev	ko	NA	NA	1.75089	NA	NA	fcec1fcd39e4515c946c5d58583e12c326c52793	d2779b1f0d81faffc4f9c2efadec70d7a2b9b6694b3beb1471a7adc3c5b35965
2026-09-01T07:16:52Z	cpt_t2b10k_mean_noise_seed2026	step116	3801088	17145018	dev	en	NA	NA	0.831297	NA	NA	fcec1fcd39e4515c946c5d58583e12c326c52793	d2779b1f0d81faffc4f9c2efadec70d7a2b9b6694b3beb1471a7adc3c5b35965
2026-09-01T07:16:52Z	cpt_t2b10k_mean_noise_seed2026	step116	3801088	17145018	dev	code	NA	NA	0.487097	NA	NA	fcec1fcd39e4515c946c5d58583e12c326c52793	d2779b1f0d81faffc4f9c2efadec70d7a2b9b6694b3beb1471a7adc3c5b35965
2026-09-01T07:17:23Z	cpt_t2b10k_mean_noise_seed2026	final	3883008	17518644	dev	ko	NA	NA	1.750824	NA	NA	fcec1fcd39e4515c946c5d58583e12c326c52793	d2779b1f0d81faffc4f9c2efadec70d7a2b9b6694b3beb1471a7adc3c5b35965
2026-09-01T07:17:23Z	cpt_t2b10k_mean_noise_seed2026	final	3883008	17518644	dev	en	NA	NA	0.831335	NA	NA	fcec1fcd39e4515c946c5d58583e12c326c52793	d2779b1f0d81faffc4f9c2efadec70d7a2b9b6694b3beb1471a7adc3c5b35965
2026-09-01T07:17:23Z	cpt_t2b10k_mean_noise_seed2026	final	3883008	17518644	dev	code	NA	NA	0.487099	NA	NA	fcec1fcd39e4515c946c5d58583e12c326c52793	d2779b1f0d81faffc4f9c2efadec70d7a2b9b6694b3beb1471a7adc3c5b35965
2026-09-02T01:48:50Z	eval_bpb_qwen15b_base_scale15b	pre_cpt	0	0	dev	ko	2085616	1434183.624	0.992076	2.295112	10.3723	fc7f3ebee10926591c2557c926b4b58c86069060	f8a0540043da37f03aa6d7fe5ea4a64e1389028d39a441c2722d70e667910d82
2026-09-02T01:50:11Z	eval_bpb_qwen15b_base_scale15b	pre_cpt	0	0	dev	en	1999393	996636.8671	0.71914	0.722329	10.1583	fc7f3ebee10926591c2557c926b4b58c86069060	f8a0540043da37f03aa6d7fe5ea4a64e1389028d39a441c2722d70e667910d82
2026-09-02T01:51:22Z	eval_bpb_qwen15b_base_scale15b	pre_cpt	0	0	dev	code	2042087	500775.7081	0.353788	0.357011	2.3632	fc7f3ebee10926591c2557c926b4b58c86069060	f8a0540043da37f03aa6d7fe5ea4a64e1389028d39a441c2722d70e667910d82
2026-09-02T01:53:02Z	eval_bpb_t2b_mean_1p5b_scale15b	pre_cpt	0	0	dev	ko	2085223	3332957.177	2.30596	5.334532	2461.7984	fc7f3ebee10926591c2557c926b4b58c86069060	bb474cd3aec2b10fb737ca99a9fb2a841f64faa7d8f2c49d08be2f4dbe0749f0
2026-09-02T01:54:20Z	eval_bpb_t2b_mean_1p5b_scale15b	pre_cpt	0	0	dev	en	1999391	997981.7002	0.720111	0.723305	10.1902	fc7f3ebee10926591c2557c926b4b58c86069060	bb474cd3aec2b10fb737ca99a9fb2a841f64faa7d8f2c49d08be2f4dbe0749f0
2026-09-02T01:55:30Z	eval_bpb_t2b_mean_1p5b_scale15b	pre_cpt	0	0	dev	code	2042109	504421.5501	0.35636	0.359607	2.3756	fc7f3ebee10926591c2557c926b4b58c86069060	bb474cd3aec2b10fb737ca99a9fb2a841f64faa7d8f2c49d08be2f4dbe0749f0
2026-09-02T02:24:53Z	cpt_t2b_gradsmoke_gradsmoke_seed42	step0	0	0	dev	ko	NA	NA	2.328436	NA	NA	afd4b4f9610cbc8a6a18653829a5893b76e523ae	bfd3749393258228b9136ca703623792d1d64cc54bf2aac83657c9391a810a5b
2026-09-02T02:24:53Z	cpt_t2b_gradsmoke_gradsmoke_seed42	step0	0	0	dev	en	NA	NA	0.830299	NA	NA	afd4b4f9610cbc8a6a18653829a5893b76e523ae	bfd3749393258228b9136ca703623792d1d64cc54bf2aac83657c9391a810a5b
2026-09-02T02:24:53Z	cpt_t2b_gradsmoke_gradsmoke_seed42	step0	0	0	dev	code	NA	NA	0.423833	NA	NA	afd4b4f9610cbc8a6a18653829a5893b76e523ae	bfd3749393258228b9136ca703623792d1d64cc54bf2aac83657c9391a810a5b
2026-09-02T02:25:14Z	cpt_t2b_gradsmoke_gradsmoke_seed42	step4	131072	642712	dev	ko	NA	NA	2.170922	NA	NA	afd4b4f9610cbc8a6a18653829a5893b76e523ae	bfd3749393258228b9136ca703623792d1d64cc54bf2aac83657c9391a810a5b
2026-09-02T02:25:14Z	cpt_t2b_gradsmoke_gradsmoke_seed42	step4	131072	642712	dev	en	NA	NA	0.830804	NA	NA	afd4b4f9610cbc8a6a18653829a5893b76e523ae	bfd3749393258228b9136ca703623792d1d64cc54bf2aac83657c9391a810a5b
2026-09-02T02:25:14Z	cpt_t2b_gradsmoke_gradsmoke_seed42	step4	131072	642712	dev	code	NA	NA	0.424175	NA	NA	afd4b4f9610cbc8a6a18653829a5893b76e523ae	bfd3749393258228b9136ca703623792d1d64cc54bf2aac83657c9391a810a5b
2026-09-02T02:25:29Z	cpt_t2b_gradsmoke_gradsmoke_seed42	step7	229376	1117577	dev	ko	NA	NA	2.165463	NA	NA	afd4b4f9610cbc8a6a18653829a5893b76e523ae	bfd3749393258228b9136ca703623792d1d64cc54bf2aac83657c9391a810a5b
2026-09-02T02:25:29Z	cpt_t2b_gradsmoke_gradsmoke_seed42	step7	229376	1117577	dev	en	NA	NA	0.830774	NA	NA	afd4b4f9610cbc8a6a18653829a5893b76e523ae	bfd3749393258228b9136ca703623792d1d64cc54bf2aac83657c9391a810a5b
2026-09-02T02:25:29Z	cpt_t2b_gradsmoke_gradsmoke_seed42	step7	229376	1117577	dev	code	NA	NA	0.424168	NA	NA	afd4b4f9610cbc8a6a18653829a5893b76e523ae	bfd3749393258228b9136ca703623792d1d64cc54bf2aac83657c9391a810a5b
2026-09-02T02:25:36Z	cpt_t2b_gradsmoke_gradsmoke_seed42	final	249856	1214662	dev	ko	NA	NA	2.165463	NA	NA	afd4b4f9610cbc8a6a18653829a5893b76e523ae	bfd3749393258228b9136ca703623792d1d64cc54bf2aac83657c9391a810a5b
2026-09-02T02:25:36Z	cpt_t2b_gradsmoke_gradsmoke_seed42	final	249856	1214662	dev	en	NA	NA	0.830774	NA	NA	afd4b4f9610cbc8a6a18653829a5893b76e523ae	bfd3749393258228b9136ca703623792d1d64cc54bf2aac83657c9391a810a5b
2026-09-02T02:25:36Z	cpt_t2b_gradsmoke_gradsmoke_seed42	final	249856	1214662	dev	code	NA	NA	0.424168	NA	NA	afd4b4f9610cbc8a6a18653829a5893b76e523ae	bfd3749393258228b9136ca703623792d1d64cc54bf2aac83657c9391a810a5b
2026-09-02T02:29:49Z	cpt_t2b_mean_grad_seed42	step0	0	0	dev	ko	NA	NA	2.380297	NA	NA	ce7701b102f5f4e43e7b304cfe6dd2785819688f	999ba55f53c06596743ca1415cf2a1f800e9bf71994494947936394919a2b3e1
2026-09-02T02:29:49Z	cpt_t2b_mean_grad_seed42	step0	0	0	dev	en	NA	NA	0.81264	NA	NA	ce7701b102f5f4e43e7b304cfe6dd2785819688f	999ba55f53c06596743ca1415cf2a1f800e9bf71994494947936394919a2b3e1
2026-09-02T02:29:49Z	cpt_t2b_mean_grad_seed42	step0	0	0	dev	code	NA	NA	0.441327	NA	NA	ce7701b102f5f4e43e7b304cfe6dd2785819688f	999ba55f53c06596743ca1415cf2a1f800e9bf71994494947936394919a2b3e1
2026-09-02T02:37:55Z	cpt_t2b_mean_grad_seed42	step126	4128768	20043945	dev	ko	NA	NA	1.744113	NA	NA	ce7701b102f5f4e43e7b304cfe6dd2785819688f	999ba55f53c06596743ca1415cf2a1f800e9bf71994494947936394919a2b3e1
2026-09-02T02:37:55Z	cpt_t2b_mean_grad_seed42	step126	4128768	20043945	dev	en	NA	NA	0.818445	NA	NA	ce7701b102f5f4e43e7b304cfe6dd2785819688f	999ba55f53c06596743ca1415cf2a1f800e9bf71994494947936394919a2b3e1
2026-09-02T02:37:55Z	cpt_t2b_mean_grad_seed42	step126	4128768	20043945	dev	code	NA	NA	0.445491	NA	NA	ce7701b102f5f4e43e7b304cfe6dd2785819688f	999ba55f53c06596743ca1415cf2a1f800e9bf71994494947936394919a2b3e1
2026-09-02T02:46:02Z	cpt_t2b_mean_grad_seed42	step253	8290304	40162535	dev	ko	NA	NA	1.647383	NA	NA	ce7701b102f5f4e43e7b304cfe6dd2785819688f	999ba55f53c06596743ca1415cf2a1f800e9bf71994494947936394919a2b3e1
2026-09-02T02:46:02Z	cpt_t2b_mean_grad_seed42	step253	8290304	40162535	dev	en	NA	NA	0.819778	NA	NA	ce7701b102f5f4e43e7b304cfe6dd2785819688f	999ba55f53c06596743ca1415cf2a1f800e9bf71994494947936394919a2b3e1
2026-09-02T02:46:02Z	cpt_t2b_mean_grad_seed42	step253	8290304	40162535	dev	code	NA	NA	0.446686	NA	NA	ce7701b102f5f4e43e7b304cfe6dd2785819688f	999ba55f53c06596743ca1415cf2a1f800e9bf71994494947936394919a2b3e1
2026-09-02T02:54:23Z	cpt_t2b_mean_grad_seed42	step379	12419072	60128473	dev	ko	NA	NA	1.603833	NA	NA	ce7701b102f5f4e43e7b304cfe6dd2785819688f	999ba55f53c06596743ca1415cf2a1f800e9bf71994494947936394919a2b3e1
2026-09-02T02:54:23Z	cpt_t2b_mean_grad_seed42	step379	12419072	60128473	dev	en	NA	NA	0.820297	NA	NA	ce7701b102f5f4e43e7b304cfe6dd2785819688f	999ba55f53c06596743ca1415cf2a1f800e9bf71994494947936394919a2b3e1
2026-09-02T02:54:23Z	cpt_t2b_mean_grad_seed42	step379	12419072	60128473	dev	code	NA	NA	0.447477	NA	NA	ce7701b102f5f4e43e7b304cfe6dd2785819688f	999ba55f53c06596743ca1415cf2a1f800e9bf71994494947936394919a2b3e1
2026-09-02T03:02:43Z	cpt_t2b_mean_grad_seed42	step505	16547840	80052469	dev	ko	NA	NA	1.582153	NA	NA	ce7701b102f5f4e43e7b304cfe6dd2785819688f	999ba55f53c06596743ca1415cf2a1f800e9bf71994494947936394919a2b3e1
2026-09-02T03:02:43Z	cpt_t2b_mean_grad_seed42	step505	16547840	80052469	dev	en	NA	NA	0.820832	NA	NA	ce7701b102f5f4e43e7b304cfe6dd2785819688f	999ba55f53c06596743ca1415cf2a1f800e9bf71994494947936394919a2b3e1
2026-09-02T03:02:43Z	cpt_t2b_mean_grad_seed42	step505	16547840	80052469	dev	code	NA	NA	0.448014	NA	NA	ce7701b102f5f4e43e7b304cfe6dd2785819688f	999ba55f53c06596743ca1415cf2a1f800e9bf71994494947936394919a2b3e1
2026-09-02T03:11:03Z	cpt_t2b_mean_grad_seed42	step631	20676608	100047691	dev	ko	NA	NA	1.572605	NA	NA	0318527d55da0933b79e3764c69d44e95b8f2eb4	999ba55f53c06596743ca1415cf2a1f800e9bf71994494947936394919a2b3e1
2026-09-02T03:11:03Z	cpt_t2b_mean_grad_seed42	step631	20676608	100047691	dev	en	NA	NA	0.820994	NA	NA	0318527d55da0933b79e3764c69d44e95b8f2eb4	999ba55f53c06596743ca1415cf2a1f800e9bf71994494947936394919a2b3e1
2026-09-02T03:11:03Z	cpt_t2b_mean_grad_seed42	step631	20676608	100047691	dev	code	NA	NA	0.448242	NA	NA	0318527d55da0933b79e3764c69d44e95b8f2eb4	999ba55f53c06596743ca1415cf2a1f800e9bf71994494947936394919a2b3e1
2026-09-02T03:19:23Z	cpt_t2b_mean_grad_seed42	step757	24805376	120020420	dev	ko	NA	NA	1.569007	NA	NA	95eede8e407fc2a6060f43e1e58e4326100ebe1f	999ba55f53c06596743ca1415cf2a1f800e9bf71994494947936394919a2b3e1
2026-09-02T03:19:23Z	cpt_t2b_mean_grad_seed42	step757	24805376	120020420	dev	en	NA	NA	0.821127	NA	NA	95eede8e407fc2a6060f43e1e58e4326100ebe1f	999ba55f53c06596743ca1415cf2a1f800e9bf71994494947936394919a2b3e1
2026-09-02T03:19:23Z	cpt_t2b_mean_grad_seed42	step757	24805376	120020420	dev	code	NA	NA	0.448354	NA	NA	95eede8e407fc2a6060f43e1e58e4326100ebe1f	999ba55f53c06596743ca1415cf2a1f800e9bf71994494947936394919a2b3e1
2026-09-02T03:27:43Z	cpt_t2b_mean_grad_seed42	step884	28966912	140137266	dev	ko	NA	NA	1.567876	NA	NA	95eede8e407fc2a6060f43e1e58e4326100ebe1f	999ba55f53c06596743ca1415cf2a1f800e9bf71994494947936394919a2b3e1
2026-09-02T03:27:43Z	cpt_t2b_mean_grad_seed42	step884	28966912	140137266	dev	en	NA	NA	0.821135	NA	NA	95eede8e407fc2a6060f43e1e58e4326100ebe1f	999ba55f53c06596743ca1415cf2a1f800e9bf71994494947936394919a2b3e1
2026-09-02T03:27:43Z	cpt_t2b_mean_grad_seed42	step884	28966912	140137266	dev	code	NA	NA	0.448351	NA	NA	95eede8e407fc2a6060f43e1e58e4326100ebe1f	999ba55f53c06596743ca1415cf2a1f800e9bf71994494947936394919a2b3e1
2026-09-02T03:35:52Z	cpt_t2b_mean_grad_seed42	step1010	33095680	160082668	dev	ko	NA	NA	1.567534	NA	NA	95eede8e407fc2a6060f43e1e58e4326100ebe1f	999ba55f53c06596743ca1415cf2a1f800e9bf71994494947936394919a2b3e1
2026-09-02T03:35:52Z	cpt_t2b_mean_grad_seed42	step1010	33095680	160082668	dev	en	NA	NA	0.821153	NA	NA	95eede8e407fc2a6060f43e1e58e4326100ebe1f	999ba55f53c06596743ca1415cf2a1f800e9bf71994494947936394919a2b3e1
2026-09-02T03:35:52Z	cpt_t2b_mean_grad_seed42	step1010	33095680	160082668	dev	code	NA	NA	0.448351	NA	NA	95eede8e407fc2a6060f43e1e58e4326100ebe1f	999ba55f53c06596743ca1415cf2a1f800e9bf71994494947936394919a2b3e1
2026-09-02T03:39:40Z	cpt_t2b_mean_grad_seed42	final	34832384	168502276	dev	ko	NA	NA	1.567461	NA	NA	95eede8e407fc2a6060f43e1e58e4326100ebe1f	999ba55f53c06596743ca1415cf2a1f800e9bf71994494947936394919a2b3e1
2026-09-02T03:39:40Z	cpt_t2b_mean_grad_seed42	final	34832384	168502276	dev	en	NA	NA	0.821166	NA	NA	95eede8e407fc2a6060f43e1e58e4326100ebe1f	999ba55f53c06596743ca1415cf2a1f800e9bf71994494947936394919a2b3e1
2026-09-02T03:39:40Z	cpt_t2b_mean_grad_seed42	final	34832384	168502276	dev	code	NA	NA	0.448368	NA	NA	95eede8e407fc2a6060f43e1e58e4326100ebe1f	999ba55f53c06596743ca1415cf2a1f800e9bf71994494947936394919a2b3e1
2026-09-07T02:32:47Z	cpt_c0_tied_headsmoke_seed42	step0	0	0	dev	ko	NA	NA	1.136646	NA	NA	eed02d1e35b999db3358f3fb3e436533b5277e0a	8d126546352fc6b019653b9261d5458896a582f87a5205eefd1d674c862e367e
2026-09-07T02:32:47Z	cpt_c0_tied_headsmoke_seed42	step0	0	0	dev	en	NA	NA	0.828905	NA	NA	eed02d1e35b999db3358f3fb3e436533b5277e0a	8d126546352fc6b019653b9261d5458896a582f87a5205eefd1d674c862e367e
2026-09-07T02:32:47Z	cpt_c0_tied_headsmoke_seed42	step0	0	0	dev	code	NA	NA	0.422544	NA	NA	eed02d1e35b999db3358f3fb3e436533b5277e0a	8d126546352fc6b019653b9261d5458896a582f87a5205eefd1d674c862e367e
2026-09-07T02:33:12Z	cpt_c0_tied_headsmoke_seed42	step5	163840	561915	dev	ko	NA	NA	1.136158	NA	NA	eed02d1e35b999db3358f3fb3e436533b5277e0a	8d126546352fc6b019653b9261d5458896a582f87a5205eefd1d674c862e367e
2026-09-07T02:33:12Z	cpt_c0_tied_headsmoke_seed42	step5	163840	561915	dev	en	NA	NA	0.829053	NA	NA	eed02d1e35b999db3358f3fb3e436533b5277e0a	8d126546352fc6b019653b9261d5458896a582f87a5205eefd1d674c862e367e
2026-09-07T02:33:12Z	cpt_c0_tied_headsmoke_seed42	step5	163840	561915	dev	code	NA	NA	0.422701	NA	NA	eed02d1e35b999db3358f3fb3e436533b5277e0a	8d126546352fc6b019653b9261d5458896a582f87a5205eefd1d674c862e367e
2026-09-07T02:33:31Z	cpt_c0_tied_headsmoke_seed42	step9	294912	1001936	dev	ko	NA	NA	1.1361	NA	NA	eed02d1e35b999db3358f3fb3e436533b5277e0a	8d126546352fc6b019653b9261d5458896a582f87a5205eefd1d674c862e367e
2026-09-07T02:33:31Z	cpt_c0_tied_headsmoke_seed42	step9	294912	1001936	dev	en	NA	NA	0.829035	NA	NA	eed02d1e35b999db3358f3fb3e436533b5277e0a	8d126546352fc6b019653b9261d5458896a582f87a5205eefd1d674c862e367e
2026-09-07T02:33:31Z	cpt_c0_tied_headsmoke_seed42	step9	294912	1001936	dev	code	NA	NA	0.422711	NA	NA	eed02d1e35b999db3358f3fb3e436533b5277e0a	8d126546352fc6b019653b9261d5458896a582f87a5205eefd1d674c862e367e
2026-09-07T02:33:43Z	cpt_c0_tied_headsmoke_seed42	final	356352	1205598	dev	ko	NA	NA	1.136057	NA	NA	eed02d1e35b999db3358f3fb3e436533b5277e0a	8d126546352fc6b019653b9261d5458896a582f87a5205eefd1d674c862e367e
2026-09-07T02:33:43Z	cpt_c0_tied_headsmoke_seed42	final	356352	1205598	dev	en	NA	NA	0.829068	NA	NA	eed02d1e35b999db3358f3fb3e436533b5277e0a	8d126546352fc6b019653b9261d5458896a582f87a5205eefd1d674c862e367e
2026-09-07T02:33:43Z	cpt_c0_tied_headsmoke_seed42	final	356352	1205598	dev	code	NA	NA	0.422749	NA	NA	eed02d1e35b999db3358f3fb3e436533b5277e0a	8d126546352fc6b019653b9261d5458896a582f87a5205eefd1d674c862e367e
2026-09-07T02:36:58Z	cpt_c0_constlr_lrsmoke_seed42	step0	0	0	dev	ko	NA	NA	1.136646	NA	NA	0e6acf6e8e2c1dba2bec39c714ee3c42ae55846b	4ed9765df1a29579cd3433cc7b8f35b59b1ca020d625317262d36430565a8aab
2026-09-07T02:36:58Z	cpt_c0_constlr_lrsmoke_seed42	step0	0	0	dev	en	NA	NA	0.828905	NA	NA	0e6acf6e8e2c1dba2bec39c714ee3c42ae55846b	4ed9765df1a29579cd3433cc7b8f35b59b1ca020d625317262d36430565a8aab
2026-09-07T02:36:58Z	cpt_c0_constlr_lrsmoke_seed42	step0	0	0	dev	code	NA	NA	0.422544	NA	NA	0e6acf6e8e2c1dba2bec39c714ee3c42ae55846b	4ed9765df1a29579cd3433cc7b8f35b59b1ca020d625317262d36430565a8aab
2026-09-07T02:37:14Z	cpt_c0_constlr_lrsmoke_seed42	step3	98304	331807	dev	ko	NA	NA	1.136241	NA	NA	0e6acf6e8e2c1dba2bec39c714ee3c42ae55846b	4ed9765df1a29579cd3433cc7b8f35b59b1ca020d625317262d36430565a8aab
2026-09-07T02:37:14Z	cpt_c0_constlr_lrsmoke_seed42	step3	98304	331807	dev	en	NA	NA	0.829046	NA	NA	0e6acf6e8e2c1dba2bec39c714ee3c42ae55846b	4ed9765df1a29579cd3433cc7b8f35b59b1ca020d625317262d36430565a8aab
2026-09-07T02:37:14Z	cpt_c0_constlr_lrsmoke_seed42	step3	98304	331807	dev	code	NA	NA	0.422786	NA	NA	0e6acf6e8e2c1dba2bec39c714ee3c42ae55846b	4ed9765df1a29579cd3433cc7b8f35b59b1ca020d625317262d36430565a8aab
2026-09-07T02:37:29Z	cpt_c0_constlr_lrsmoke_seed42	step6	196608	672339	dev	ko	NA	NA	1.136174	NA	NA	0e6acf6e8e2c1dba2bec39c714ee3c42ae55846b	4ed9765df1a29579cd3433cc7b8f35b59b1ca020d625317262d36430565a8aab
2026-09-07T02:37:29Z	cpt_c0_constlr_lrsmoke_seed42	step6	196608	672339	dev	en	NA	NA	0.829044	NA	NA	0e6acf6e8e2c1dba2bec39c714ee3c42ae55846b	4ed9765df1a29579cd3433cc7b8f35b59b1ca020d625317262d36430565a8aab
2026-09-07T02:37:29Z	cpt_c0_constlr_lrsmoke_seed42	step6	196608	672339	dev	code	NA	NA	0.42269	NA	NA	0e6acf6e8e2c1dba2bec39c714ee3c42ae55846b	4ed9765df1a29579cd3433cc7b8f35b59b1ca020d625317262d36430565a8aab
2026-09-07T02:37:44Z	cpt_c0_constlr_lrsmoke_seed42	step9	294912	1001936	dev	ko	NA	NA	1.13582	NA	NA	0e6acf6e8e2c1dba2bec39c714ee3c42ae55846b	4ed9765df1a29579cd3433cc7b8f35b59b1ca020d625317262d36430565a8aab
2026-09-07T02:37:44Z	cpt_c0_constlr_lrsmoke_seed42	step9	294912	1001936	dev	en	NA	NA	0.829018	NA	NA	0e6acf6e8e2c1dba2bec39c714ee3c42ae55846b	4ed9765df1a29579cd3433cc7b8f35b59b1ca020d625317262d36430565a8aab
2026-09-07T02:37:44Z	cpt_c0_constlr_lrsmoke_seed42	step9	294912	1001936	dev	code	NA	NA	0.42277	NA	NA	0e6acf6e8e2c1dba2bec39c714ee3c42ae55846b	4ed9765df1a29579cd3433cc7b8f35b59b1ca020d625317262d36430565a8aab
2026-09-07T02:37:55Z	cpt_c0_constlr_lrsmoke_seed42	final	356352	1205598	dev	ko	NA	NA	1.135714	NA	NA	0e6acf6e8e2c1dba2bec39c714ee3c42ae55846b	4ed9765df1a29579cd3433cc7b8f35b59b1ca020d625317262d36430565a8aab
2026-09-07T02:37:55Z	cpt_c0_constlr_lrsmoke_seed42	final	356352	1205598	dev	en	NA	NA	0.829075	NA	NA	0e6acf6e8e2c1dba2bec39c714ee3c42ae55846b	4ed9765df1a29579cd3433cc7b8f35b59b1ca020d625317262d36430565a8aab
2026-09-07T02:37:55Z	cpt_c0_constlr_lrsmoke_seed42	final	356352	1205598	dev	code	NA	NA	0.422863	NA	NA	0e6acf6e8e2c1dba2bec39c714ee3c42ae55846b	4ed9765df1a29579cd3433cc7b8f35b59b1ca020d625317262d36430565a8aab
2026-09-07T02:40:19Z	cpt_untied_t2b_untiesmoke_seed42	step0	0	0	dev	ko	NA	NA	2.328436	NA	NA	e9e2228bdd59a98f26170dd5bce6ac054f32acca	22ebaf871045aecef396b7c409e5ace656c6c6b23bd37fe8f06e021bc17446dc
2026-09-07T02:40:19Z	cpt_untied_t2b_untiesmoke_seed42	step0	0	0	dev	en	NA	NA	0.830299	NA	NA	e9e2228bdd59a98f26170dd5bce6ac054f32acca	22ebaf871045aecef396b7c409e5ace656c6c6b23bd37fe8f06e021bc17446dc
2026-09-07T02:40:19Z	cpt_untied_t2b_untiesmoke_seed42	step0	0	0	dev	code	NA	NA	0.423833	NA	NA	e9e2228bdd59a98f26170dd5bce6ac054f32acca	22ebaf871045aecef396b7c409e5ace656c6c6b23bd37fe8f06e021bc17446dc
2026-09-07T02:40:41Z	cpt_untied_t2b_untiesmoke_seed42	step4	131072	642712	dev	ko	NA	NA	2.170478	NA	NA	e9e2228bdd59a98f26170dd5bce6ac054f32acca	22ebaf871045aecef396b7c409e5ace656c6c6b23bd37fe8f06e021bc17446dc
2026-09-07T02:40:41Z	cpt_untied_t2b_untiesmoke_seed42	step4	131072	642712	dev	en	NA	NA	0.83074	NA	NA	e9e2228bdd59a98f26170dd5bce6ac054f32acca	22ebaf871045aecef396b7c409e5ace656c6c6b23bd37fe8f06e021bc17446dc
2026-09-07T02:40:41Z	cpt_untied_t2b_untiesmoke_seed42	step4	131072	642712	dev	code	NA	NA	0.42417	NA	NA	e9e2228bdd59a98f26170dd5bce6ac054f32acca	22ebaf871045aecef396b7c409e5ace656c6c6b23bd37fe8f06e021bc17446dc
2026-09-07T02:40:56Z	cpt_untied_t2b_untiesmoke_seed42	step7	229376	1117577	dev	ko	NA	NA	2.164811	NA	NA	e9e2228bdd59a98f26170dd5bce6ac054f32acca	22ebaf871045aecef396b7c409e5ace656c6c6b23bd37fe8f06e021bc17446dc
2026-09-07T02:40:56Z	cpt_untied_t2b_untiesmoke_seed42	step7	229376	1117577	dev	en	NA	NA	0.830925	NA	NA	e9e2228bdd59a98f26170dd5bce6ac054f32acca	22ebaf871045aecef396b7c409e5ace656c6c6b23bd37fe8f06e021bc17446dc
2026-09-07T02:40:56Z	cpt_untied_t2b_untiesmoke_seed42	step7	229376	1117577	dev	code	NA	NA	0.42424	NA	NA	e9e2228bdd59a98f26170dd5bce6ac054f32acca	22ebaf871045aecef396b7c409e5ace656c6c6b23bd37fe8f06e021bc17446dc
2026-09-07T02:41:02Z	cpt_untied_t2b_untiesmoke_seed42	final	249856	1214662	dev	ko	NA	NA	2.164811	NA	NA	e9e2228bdd59a98f26170dd5bce6ac054f32acca	22ebaf871045aecef396b7c409e5ace656c6c6b23bd37fe8f06e021bc17446dc
2026-09-07T02:41:02Z	cpt_untied_t2b_untiesmoke_seed42	final	249856	1214662	dev	en	NA	NA	0.830925	NA	NA	e9e2228bdd59a98f26170dd5bce6ac054f32acca	22ebaf871045aecef396b7c409e5ace656c6c6b23bd37fe8f06e021bc17446dc
2026-09-07T02:41:02Z	cpt_untied_t2b_untiesmoke_seed42	final	249856	1214662	dev	code	NA	NA	0.42424	NA	NA	e9e2228bdd59a98f26170dd5bce6ac054f32acca	22ebaf871045aecef396b7c409e5ace656c6c6b23bd37fe8f06e021bc17446dc
2026-09-07T02:47:05Z	cpt_dmg_mean_k1000_dmgsmoke_seed42	step0	0	0	dev	ko	NA	NA	3.547794	NA	NA	686187493b34a3f428cf7694d423de20710363ff	92dd646d171948160d8537fcf57a16a58be4a7d1a810c2bed0601605ae144826
2026-09-07T02:47:05Z	cpt_dmg_mean_k1000_dmgsmoke_seed42	step0	0	0	dev	en	NA	NA	1.05813	NA	NA	686187493b34a3f428cf7694d423de20710363ff	92dd646d171948160d8537fcf57a16a58be4a7d1a810c2bed0601605ae144826
2026-09-07T02:47:05Z	cpt_dmg_mean_k1000_dmgsmoke_seed42	step0	0	0	dev	code	NA	NA	0.547944	NA	NA	686187493b34a3f428cf7694d423de20710363ff	92dd646d171948160d8537fcf57a16a58be4a7d1a810c2bed0601605ae144826
2026-09-07T02:47:29Z	cpt_dmg_mean_k1000_dmgsmoke_seed42	step5	163840	561915	dev	ko	NA	NA	3.180177	NA	NA	686187493b34a3f428cf7694d423de20710363ff	92dd646d171948160d8537fcf57a16a58be4a7d1a810c2bed0601605ae144826
2026-09-07T02:47:29Z	cpt_dmg_mean_k1000_dmgsmoke_seed42	step5	163840	561915	dev	en	NA	NA	1.056532	NA	NA	686187493b34a3f428cf7694d423de20710363ff	92dd646d171948160d8537fcf57a16a58be4a7d1a810c2bed0601605ae144826
2026-09-07T02:47:29Z	cpt_dmg_mean_k1000_dmgsmoke_seed42	step5	163840	561915	dev	code	NA	NA	0.543611	NA	NA	686187493b34a3f428cf7694d423de20710363ff	92dd646d171948160d8537fcf57a16a58be4a7d1a810c2bed0601605ae144826
2026-09-07T02:47:48Z	cpt_dmg_mean_k1000_dmgsmoke_seed42	step9	294912	1001936	dev	ko	NA	NA	3.15217	NA	NA	686187493b34a3f428cf7694d423de20710363ff	92dd646d171948160d8537fcf57a16a58be4a7d1a810c2bed0601605ae144826
2026-09-07T02:47:48Z	cpt_dmg_mean_k1000_dmgsmoke_seed42	step9	294912	1001936	dev	en	NA	NA	1.056338	NA	NA	686187493b34a3f428cf7694d423de20710363ff	92dd646d171948160d8537fcf57a16a58be4a7d1a810c2bed0601605ae144826
2026-09-07T02:47:48Z	cpt_dmg_mean_k1000_dmgsmoke_seed42	step9	294912	1001936	dev	code	NA	NA	0.5433	NA	NA	686187493b34a3f428cf7694d423de20710363ff	92dd646d171948160d8537fcf57a16a58be4a7d1a810c2bed0601605ae144826
2026-09-07T02:47:59Z	cpt_dmg_mean_k1000_dmgsmoke_seed42	final	356352	1205598	dev	ko	NA	NA	3.151092	NA	NA	686187493b34a3f428cf7694d423de20710363ff	92dd646d171948160d8537fcf57a16a58be4a7d1a810c2bed0601605ae144826
2026-09-07T02:47:59Z	cpt_dmg_mean_k1000_dmgsmoke_seed42	final	356352	1205598	dev	en	NA	NA	1.056275	NA	NA	686187493b34a3f428cf7694d423de20710363ff	92dd646d171948160d8537fcf57a16a58be4a7d1a810c2bed0601605ae144826
2026-09-07T02:47:59Z	cpt_dmg_mean_k1000_dmgsmoke_seed42	final	356352	1205598	dev	code	NA	NA	0.54341	NA	NA	686187493b34a3f428cf7694d423de20710363ff	92dd646d171948160d8537fcf57a16a58be4a7d1a810c2bed0601605ae144826
2026-09-07T02:57:16Z	eval_kcal_mean_kcal	k0	0	0	dev	ko	2085616	1672430.323	1.15688	2.676376	15.297961	af42149951a138653f85f3c609e37d42f4cd0a87	9cd5e9870a791e5a17b78574ad4ef4597193397fc4119edaac01fb89e5502617
2026-09-07T02:58:34Z	eval_kcal_mean_kcal	k0	0	0	dev	en	1999393	1124659.238	0.811516	0.815115	13.682107	af42149951a138653f85f3c609e37d42f4cd0a87	9cd5e9870a791e5a17b78574ad4ef4597193397fc4119edaac01fb89e5502617
2026-09-07T02:59:37Z	eval_kcal_mean_kcal	k0	0	0	dev	code	2042087	620927.6944	0.438673	0.44267	2.904761	af42149951a138653f85f3c609e37d42f4cd0a87	9cd5e9870a791e5a17b78574ad4ef4597193397fc4119edaac01fb89e5502617
2026-09-07T02:59:55Z	eval_kcal_mean_kcal	k100	0	0	dev	ko	2085616	4004811.979	2.770271	6.408868	686.64271	af42149951a138653f85f3c609e37d42f4cd0a87	9cd5e9870a791e5a17b78574ad4ef4597193397fc4119edaac01fb89e5502617
2026-09-07T03:00:09Z	eval_kcal_mean_kcal	k100	0	0	dev	en	1999393	1131169.567	0.816214	0.819834	13.890883	af42149951a138653f85f3c609e37d42f4cd0a87	9cd5e9870a791e5a17b78574ad4ef4597193397fc4119edaac01fb89e5502617
2026-09-07T03:00:27Z	eval_kcal_mean_kcal	k100	0	0	dev	code	2042087	622930.3238	0.440088	0.444097	2.914768	af42149951a138653f85f3c609e37d42f4cd0a87	9cd5e9870a791e5a17b78574ad4ef4597193397fc4119edaac01fb89e5502617
2026-09-07T03:00:45Z	eval_kcal_mean_kcal	k200	0	0	dev	ko	2085616	4557903.347	3.152864	7.293975	1692.397388	af42149951a138653f85f3c609e37d42f4cd0a87	9cd5e9870a791e5a17b78574ad4ef4597193397fc4119edaac01fb89e5502617
2026-09-07T03:00:59Z	eval_kcal_mean_kcal	k200	0	0	dev	en	1999393	1136008.063	0.819705	0.823341	14.048106	af42149951a138653f85f3c609e37d42f4cd0a87	9cd5e9870a791e5a17b78574ad4ef4597193397fc4119edaac01fb89e5502617
2026-09-07T03:01:17Z	eval_kcal_mean_kcal	k200	0	0	dev	code	2042087	622941.1252	0.440096	0.444105	2.914822	af42149951a138653f85f3c609e37d42f4cd0a87	9cd5e9870a791e5a17b78574ad4ef4597193397fc4119edaac01fb89e5502617
2026-09-07T03:01:35Z	eval_kcal_mean_kcal	k300	0	0	dev	ko	2085616	4829542.739	3.340767	7.728678	2635.802322	af42149951a138653f85f3c609e37d42f4cd0a87	9cd5e9870a791e5a17b78574ad4ef4597193397fc4119edaac01fb89e5502617
2026-09-07T03:01:49Z	eval_kcal_mean_kcal	k300	0	0	dev	en	1999393	1168910.273	0.843447	0.847187	15.165483	af42149951a138653f85f3c609e37d42f4cd0a87	9cd5e9870a791e5a17b78574ad4ef4597193397fc4119edaac01fb89e5502617
2026-09-07T03:02:06Z	eval_kcal_mean_kcal	k300	0	0	dev	code	2042087	655300.81	0.462957	0.467175	3.081393	af42149951a138653f85f3c609e37d42f4cd0a87	9cd5e9870a791e5a17b78574ad4ef4597193397fc4119edaac01fb89e5502617
2026-09-07T03:02:24Z	eval_kcal_mean_kcal	k500	0	0	dev	ko	2085616	5044184.85	3.489243	8.072168	3740.678714	af42149951a138653f85f3c609e37d42f4cd0a87	9cd5e9870a791e5a17b78574ad4ef4597193397fc4119edaac01fb89e5502617
2026-09-07T03:02:38Z	eval_kcal_mean_kcal	k500	0	0	dev	en	1999393	1175146.845	0.847947	0.851707	15.387092	af42149951a138653f85f3c609e37d42f4cd0a87	9cd5e9870a791e5a17b78574ad4ef4597193397fc4119edaac01fb89e5502617
2026-09-07T03:02:56Z	eval_kcal_mean_kcal	k500	0	0	dev	code	2042087	695191.0963	0.491139	0.495613	3.299884	af42149951a138653f85f3c609e37d42f4cd0a87	9cd5e9870a791e5a17b78574ad4ef4597193397fc4119edaac01fb89e5502617
2026-09-07T03:03:14Z	eval_kcal_mean_kcal	k1000	0	0	dev	ko	2085616	5208553.669	3.602943	8.335206	4890.7771	af42149951a138653f85f3c609e37d42f4cd0a87	9cd5e9870a791e5a17b78574ad4ef4597193397fc4119edaac01fb89e5502617
2026-09-07T03:03:27Z	eval_kcal_mean_kcal	k1000	0	0	dev	en	1999393	1455523.497	1.050257	1.054915	29.53919	af42149951a138653f85f3c609e37d42f4cd0a87	9cd5e9870a791e5a17b78574ad4ef4597193397fc4119edaac01fb89e5502617
2026-09-07T03:03:45Z	eval_kcal_mean_kcal	k1000	0	0	dev	code	2042087	779437.2386	0.550657	0.555674	3.813577	af42149951a138653f85f3c609e37d42f4cd0a87	9cd5e9870a791e5a17b78574ad4ef4597193397fc4119edaac01fb89e5502617
2026-09-07T03:05:39Z	eval_kcal_mean_kcal2	k0	0	0	dev	ko	2085616	1672430.323	1.15688	2.676376	15.297961	af42149951a138653f85f3c609e37d42f4cd0a87	84bfe6c204185b9fa6f1aa0cf127d696c871c799d5f3bf8f854a5a546d5cfe68
2026-09-07T03:06:56Z	eval_kcal_mean_kcal2	k0	0	0	dev	en	1999393	1124659.238	0.811516	0.815115	13.682107	af42149951a138653f85f3c609e37d42f4cd0a87	84bfe6c204185b9fa6f1aa0cf127d696c871c799d5f3bf8f854a5a546d5cfe68
2026-09-07T03:07:59Z	eval_kcal_mean_kcal2	k0	0	0	dev	code	2042087	620927.6944	0.438673	0.44267	2.904761	af42149951a138653f85f3c609e37d42f4cd0a87	84bfe6c204185b9fa6f1aa0cf127d696c871c799d5f3bf8f854a5a546d5cfe68
2026-09-07T03:08:16Z	eval_kcal_mean_kcal2	k10	0	0	dev	ko	2085616	2511353.603	1.737193	4.018899	60.099183	af42149951a138653f85f3c609e37d42f4cd0a87	84bfe6c204185b9fa6f1aa0cf127d696c871c799d5f3bf8f854a5a546d5cfe68
2026-09-07T03:08:30Z	eval_kcal_mean_kcal2	k10	0	0	dev	en	1999393	1131168.373	0.816213	0.819833	13.890844	af42149951a138653f85f3c609e37d42f4cd0a87	84bfe6c204185b9fa6f1aa0cf127d696c871c799d5f3bf8f854a5a546d5cfe68
2026-09-07T03:08:48Z	eval_kcal_mean_kcal2	k10	0	0	dev	code	2042087	622706.2637	0.43993	0.443938	2.913647	af42149951a138653f85f3c609e37d42f4cd0a87	84bfe6c204185b9fa6f1aa0cf127d696c871c799d5f3bf8f854a5a546d5cfe68
2026-09-07T03:09:06Z	eval_kcal_mean_kcal2	k20	0	0	dev	ko	2085616	2968219.447	2.053223	4.750017	126.613676	af42149951a138653f85f3c609e37d42f4cd0a87	84bfe6c204185b9fa6f1aa0cf127d696c871c799d5f3bf8f854a5a546d5cfe68
2026-09-07T03:09:21Z	eval_kcal_mean_kcal2	k20	0	0	dev	en	1999393	1131168.65	0.816213	0.819833	13.890853	af42149951a138653f85f3c609e37d42f4cd0a87	84bfe6c204185b9fa6f1aa0cf127d696c871c799d5f3bf8f854a5a546d5cfe68
2026-09-07T03:09:38Z	eval_kcal_mean_kcal2	k20	0	0	dev	code	2042087	622837.5116	0.440023	0.444031	2.914304	af42149951a138653f85f3c609e37d42f4cd0a87	84bfe6c204185b9fa6f1aa0cf127d696c871c799d5f3bf8f854a5a546d5cfe68
2026-09-07T03:09:55Z	eval_kcal_mean_kcal2	k30	0	0	dev	ko	2085616	3224077.722	2.23021	5.159465	192.182067	af42149951a138653f85f3c609e37d42f4cd0a87	84bfe6c204185b9fa6f1aa0cf127d696c871c799d5f3bf8f854a5a546d5cfe68
2026-09-07T03:10:09Z	eval_kcal_mean_kcal2	k30	0	0	dev	en	1999393	1131168.986	0.816214	0.819834	13.890864	af42149951a138653f85f3c609e37d42f4cd0a87	84bfe6c204185b9fa6f1aa0cf127d696c871c799d5f3bf8f854a5a546d5cfe68
2026-09-07T03:10:26Z	eval_kcal_mean_kcal2	k30	0	0	dev	code	2042087	622886.8229	0.440058	0.444066	2.91455	af42149951a138653f85f3c609e37d42f4cd0a87	84bfe6c204185b9fa6f1aa0cf127d696c871c799d5f3bf8f854a5a546d5cfe68
2026-09-07T03:10:43Z	eval_kcal_mean_kcal2	k50	0	0	dev	ko	2085616	3544050.187	2.451546	5.671514	323.861366	af42149951a138653f85f3c609e37d42f4cd0a87	84bfe6c204185b9fa6f1aa0cf127d696c871c799d5f3bf8f854a5a546d5cfe68
2026-09-07T03:10:57Z	eval_kcal_mean_kcal2	k50	0	0	dev	en	1999393	1131168.889	0.816214	0.819833	13.890861	af42149951a138653f85f3c609e37d42f4cd0a87	84bfe6c204185b9fa6f1aa0cf127d696c871c799d5f3bf8f854a5a546d5cfe68
2026-09-07T03:11:13Z	eval_kcal_mean_kcal2	k50	0	0	dev	code	2042087	622909.205	0.440073	0.444082	2.914662	af42149951a138653f85f3c609e37d42f4cd0a87	84bfe6c204185b9fa6f1aa0cf127d696c871c799d5f3bf8f854a5a546d5cfe68
2026-09-07T03:11:31Z	eval_kcal_mean_kcal2	k70	0	0	dev	ko	2085616	3767298.218	2.605975	6.028776	466.114435	af42149951a138653f85f3c609e37d42f4cd0a87	84bfe6c204185b9fa6f1aa0cf127d696c871c799d5f3bf8f854a5a546d5cfe68
2026-09-07T03:11:45Z	eval_kcal_mean_kcal2	k70	0	0	dev	en	1999393	1131168.807	0.816214	0.819833	13.890858	af42149951a138653f85f3c609e37d42f4cd0a87	84bfe6c204185b9fa6f1aa0cf127d696c871c799d5f3bf8f854a5a546d5cfe68
2026-09-07T03:12:02Z	eval_kcal_mean_kcal2	k70	0	0	dev	code	2042087	622931.1058	0.440089	0.444098	2.914772	af42149951a138653f85f3c609e37d42f4cd0a87	84bfe6c204185b9fa6f1aa0cf127d696c871c799d5f3bf8f854a5a546d5cfe68
2026-09-07T03:12:19Z	eval_kcal_mean_kcal2	k100	0	0	dev	ko	2085616	4004811.979	2.770271	6.408868	686.64271	af42149951a138653f85f3c609e37d42f4cd0a87	84bfe6c204185b9fa6f1aa0cf127d696c871c799d5f3bf8f854a5a546d5cfe68
2026-09-07T03:12:33Z	eval_kcal_mean_kcal2	k100	0	0	dev	en	1999393	1131169.567	0.816214	0.819834	13.890883	af42149951a138653f85f3c609e37d42f4cd0a87	84bfe6c204185b9fa6f1aa0cf127d696c871c799d5f3bf8f854a5a546d5cfe68
2026-09-07T03:12:50Z	eval_kcal_mean_kcal2	k100	0	0	dev	code	2042087	622930.3238	0.440088	0.444097	2.914768	af42149951a138653f85f3c609e37d42f4cd0a87	84bfe6c204185b9fa6f1aa0cf127d696c871c799d5f3bf8f854a5a546d5cfe68
2026-09-07T03:14:42Z	eval_kcal_mean_kcal3	k0	0	0	dev	ko	2085616	1672430.323	1.15688	2.676376	15.297961	af42149951a138653f85f3c609e37d42f4cd0a87	fe1c5939e34de88669d28fde9dd9f79cdfb1936e0405031bb345a016b606b115
2026-09-07T03:15:59Z	eval_kcal_mean_kcal3	k0	0	0	dev	en	1999393	1124659.238	0.811516	0.815115	13.682107	af42149951a138653f85f3c609e37d42f4cd0a87	fe1c5939e34de88669d28fde9dd9f79cdfb1936e0405031bb345a016b606b115
2026-09-07T03:17:03Z	eval_kcal_mean_kcal3	k0	0	0	dev	code	2042087	620927.6944	0.438673	0.44267	2.904761	af42149951a138653f85f3c609e37d42f4cd0a87	fe1c5939e34de88669d28fde9dd9f79cdfb1936e0405031bb345a016b606b115
2026-09-07T03:17:20Z	eval_kcal_mean_kcal3	k35	0	0	dev	ko	2085616	3324374.191	2.299588	5.319969	226.337189	af42149951a138653f85f3c609e37d42f4cd0a87	fe1c5939e34de88669d28fde9dd9f79cdfb1936e0405031bb345a016b606b115
2026-09-07T03:17:35Z	eval_kcal_mean_kcal3	k35	0	0	dev	en	1999393	1131168.961	0.816214	0.819833	13.890863	af42149951a138653f85f3c609e37d42f4cd0a87	fe1c5939e34de88669d28fde9dd9f79cdfb1936e0405031bb345a016b606b115
2026-09-07T03:17:53Z	eval_kcal_mean_kcal3	k35	0	0	dev	code	2042087	622885.955	0.440057	0.444066	2.914546	af42149951a138653f85f3c609e37d42f4cd0a87	fe1c5939e34de88669d28fde9dd9f79cdfb1936e0405031bb345a016b606b115
2026-09-07T03:18:11Z	eval_kcal_mean_kcal3	k40	0	0	dev	ko	2085616	3416468.354	2.363293	5.467346	263.020155	af42149951a138653f85f3c609e37d42f4cd0a87	fe1c5939e34de88669d28fde9dd9f79cdfb1936e0405031bb345a016b606b115
2026-09-07T03:18:25Z	eval_kcal_mean_kcal3	k40	0	0	dev	en	1999393	1131168.94	0.816214	0.819833	13.890862	af42149951a138653f85f3c609e37d42f4cd0a87	fe1c5939e34de88669d28fde9dd9f79cdfb1936e0405031bb345a016b606b115
2026-09-07T03:18:42Z	eval_kcal_mean_kcal3	k40	0	0	dev	code	2042087	622884.4353	0.440056	0.444065	2.914538	af42149951a138653f85f3c609e37d42f4cd0a87	fe1c5939e34de88669d28fde9dd9f79cdfb1936e0405031bb345a016b606b115
2026-09-07T03:19:00Z	eval_kcal_mean_kcal3	k45	0	0	dev	ko	2085616	3485724.573	2.4112	5.578176	294.472896	af42149951a138653f85f3c609e37d42f4cd0a87	fe1c5939e34de88669d28fde9dd9f79cdfb1936e0405031bb345a016b606b115
2026-09-07T03:19:14Z	eval_kcal_mean_kcal3	k45	0	0	dev	en	1999393	1131168.91	0.816214	0.819833	13.890861	af42149951a138653f85f3c609e37d42f4cd0a87	fe1c5939e34de88669d28fde9dd9f79cdfb1936e0405031bb345a016b606b115
2026-09-07T03:19:30Z	eval_kcal_mean_kcal3	k45	0	0	dev	code	2042087	622899.8385	0.440067	0.444076	2.914616	af42149951a138653f85f3c609e37d42f4cd0a87	fe1c5939e34de88669d28fde9dd9f79cdfb1936e0405031bb345a016b606b115
2026-09-14T04:37:15Z	cpt_dmg_mean_k40_r1_seed42	step0	0	0	dev	ko	NA	NA	2.375822	NA	NA	166725d0694747ccb46eb4883e0a96e6cece0873	7987a9ef5274f52c17dad518a8b2966d8eb8b550d789ceb9308963ae03adaf3e
2026-09-14T04:37:15Z	cpt_dmg_mean_k40_r1_seed42	step0	0	0	dev	en	NA	NA	0.832391	NA	NA	166725d0694747ccb46eb4883e0a96e6cece0873	7987a9ef5274f52c17dad518a8b2966d8eb8b550d789ceb9308963ae03adaf3e
2026-09-14T04:37:15Z	cpt_dmg_mean_k40_r1_seed42	step0	0	0	dev	code	NA	NA	0.485233	NA	NA	166725d0694747ccb46eb4883e0a96e6cece0873	7987a9ef5274f52c17dad518a8b2966d8eb8b550d789ceb9308963ae03adaf3e
2026-09-14T04:38:16Z	cpt_dmg_mean_k40_r1_seed42	step10	327680	1099296	dev	ko	NA	NA	2.13358	NA	NA	166725d0694747ccb46eb4883e0a96e6cece0873	7987a9ef5274f52c17dad518a8b2966d8eb8b550d789ceb9308963ae03adaf3e
2026-09-14T04:38:16Z	cpt_dmg_mean_k40_r1_seed42	step10	327680	1099296	dev	en	NA	NA	0.832655	NA	NA	166725d0694747ccb46eb4883e0a96e6cece0873	7987a9ef5274f52c17dad518a8b2966d8eb8b550d789ceb9308963ae03adaf3e
2026-09-14T04:38:16Z	cpt_dmg_mean_k40_r1_seed42	step10	327680	1099296	dev	code	NA	NA	0.485262	NA	NA	166725d0694747ccb46eb4883e0a96e6cece0873	7987a9ef5274f52c17dad518a8b2966d8eb8b550d789ceb9308963ae03adaf3e
2026-09-14T04:39:12Z	cpt_dmg_mean_k40_r1_seed42	step19	622592	2100511	dev	ko	NA	NA	1.968147	NA	NA	166725d0694747ccb46eb4883e0a96e6cece0873	7987a9ef5274f52c17dad518a8b2966d8eb8b550d789ceb9308963ae03adaf3e
2026-09-14T04:39:12Z	cpt_dmg_mean_k40_r1_seed42	step19	622592	2100511	dev	en	NA	NA	0.833378	NA	NA	166725d0694747ccb46eb4883e0a96e6cece0873	7987a9ef5274f52c17dad518a8b2966d8eb8b550d789ceb9308963ae03adaf3e
2026-09-14T04:39:12Z	cpt_dmg_mean_k40_r1_seed42	step19	622592	2100511	dev	code	NA	NA	0.485962	NA	NA	166725d0694747ccb46eb4883e0a96e6cece0873	7987a9ef5274f52c17dad518a8b2966d8eb8b550d789ceb9308963ae03adaf3e
2026-09-14T04:40:08Z	cpt_dmg_mean_k40_r1_seed42	step28	917504	3090690	dev	ko	NA	NA	1.869993	NA	NA	166725d0694747ccb46eb4883e0a96e6cece0873	7987a9ef5274f52c17dad518a8b2966d8eb8b550d789ceb9308963ae03adaf3e
2026-09-14T04:40:08Z	cpt_dmg_mean_k40_r1_seed42	step28	917504	3090690	dev	en	NA	NA	0.833899	NA	NA	166725d0694747ccb46eb4883e0a96e6cece0873	7987a9ef5274f52c17dad518a8b2966d8eb8b550d789ceb9308963ae03adaf3e
2026-09-14T04:40:08Z	cpt_dmg_mean_k40_r1_seed42	step28	917504	3090690	dev	code	NA	NA	0.486621	NA	NA	166725d0694747ccb46eb4883e0a96e6cece0873	7987a9ef5274f52c17dad518a8b2966d8eb8b550d789ceb9308963ae03adaf3e
2026-09-14T04:41:03Z	cpt_dmg_mean_k40_r1_seed42	step37	1212416	4079039	dev	ko	NA	NA	1.803957	NA	NA	166725d0694747ccb46eb4883e0a96e6cece0873	7987a9ef5274f52c17dad518a8b2966d8eb8b550d789ceb9308963ae03adaf3e
2026-09-14T04:41:03Z	cpt_dmg_mean_k40_r1_seed42	step37	1212416	4079039	dev	en	NA	NA	0.834386	NA	NA	166725d0694747ccb46eb4883e0a96e6cece0873	7987a9ef5274f52c17dad518a8b2966d8eb8b550d789ceb9308963ae03adaf3e
2026-09-14T04:41:03Z	cpt_dmg_mean_k40_r1_seed42	step37	1212416	4079039	dev	code	NA	NA	0.487329	NA	NA	166725d0694747ccb46eb4883e0a96e6cece0873	7987a9ef5274f52c17dad518a8b2966d8eb8b550d789ceb9308963ae03adaf3e
2026-09-14T04:41:59Z	cpt_dmg_mean_k40_r1_seed42	step46	1507328	5066514	dev	ko	NA	NA	1.754463	NA	NA	166725d0694747ccb46eb4883e0a96e6cece0873	7987a9ef5274f52c17dad518a8b2966d8eb8b550d789ceb9308963ae03adaf3e
2026-09-14T04:41:59Z	cpt_dmg_mean_k40_r1_seed42	step46	1507328	5066514	dev	en	NA	NA	0.834984	NA	NA	166725d0694747ccb46eb4883e0a96e6cece0873	7987a9ef5274f52c17dad518a8b2966d8eb8b550d789ceb9308963ae03adaf3e
2026-09-14T04:41:59Z	cpt_dmg_mean_k40_r1_seed42	step46	1507328	5066514	dev	code	NA	NA	0.488086	NA	NA	166725d0694747ccb46eb4883e0a96e6cece0873	7987a9ef5274f52c17dad518a8b2966d8eb8b550d789ceb9308963ae03adaf3e
2026-09-14T04:42:54Z	cpt_dmg_mean_k40_r1_seed42	step55	1802240	6055371	dev	ko	NA	NA	1.714797	NA	NA	166725d0694747ccb46eb4883e0a96e6cece0873	7987a9ef5274f52c17dad518a8b2966d8eb8b550d789ceb9308963ae03adaf3e
2026-09-14T04:42:54Z	cpt_dmg_mean_k40_r1_seed42	step55	1802240	6055371	dev	en	NA	NA	0.83552	NA	NA	166725d0694747ccb46eb4883e0a96e6cece0873	7987a9ef5274f52c17dad518a8b2966d8eb8b550d789ceb9308963ae03adaf3e
2026-09-14T04:42:54Z	cpt_dmg_mean_k40_r1_seed42	step55	1802240	6055371	dev	code	NA	NA	0.48882	NA	NA	166725d0694747ccb46eb4883e0a96e6cece0873	7987a9ef5274f52c17dad518a8b2966d8eb8b550d789ceb9308963ae03adaf3e
2026-09-14T04:43:50Z	cpt_dmg_mean_k40_r1_seed42	step64	2097152	7049878	dev	ko	NA	NA	1.682084	NA	NA	166725d0694747ccb46eb4883e0a96e6cece0873	7987a9ef5274f52c17dad518a8b2966d8eb8b550d789ceb9308963ae03adaf3e
2026-09-14T04:43:50Z	cpt_dmg_mean_k40_r1_seed42	step64	2097152	7049878	dev	en	NA	NA	0.835801	NA	NA	166725d0694747ccb46eb4883e0a96e6cece0873	7987a9ef5274f52c17dad518a8b2966d8eb8b550d789ceb9308963ae03adaf3e
2026-09-14T04:43:50Z	cpt_dmg_mean_k40_r1_seed42	step64	2097152	7049878	dev	code	NA	NA	0.488974	NA	NA	166725d0694747ccb46eb4883e0a96e6cece0873	7987a9ef5274f52c17dad518a8b2966d8eb8b550d789ceb9308963ae03adaf3e
2026-09-14T04:44:45Z	cpt_dmg_mean_k40_r1_seed42	step73	2392064	8042731	dev	ko	NA	NA	1.653437	NA	NA	166725d0694747ccb46eb4883e0a96e6cece0873	7987a9ef5274f52c17dad518a8b2966d8eb8b550d789ceb9308963ae03adaf3e
2026-09-14T04:44:45Z	cpt_dmg_mean_k40_r1_seed42	step73	2392064	8042731	dev	en	NA	NA	0.836224	NA	NA	166725d0694747ccb46eb4883e0a96e6cece0873	7987a9ef5274f52c17dad518a8b2966d8eb8b550d789ceb9308963ae03adaf3e
2026-09-14T04:44:45Z	cpt_dmg_mean_k40_r1_seed42	step73	2392064	8042731	dev	code	NA	NA	0.48956	NA	NA	166725d0694747ccb46eb4883e0a96e6cece0873	7987a9ef5274f52c17dad518a8b2966d8eb8b550d789ceb9308963ae03adaf3e
2026-09-14T04:45:41Z	cpt_dmg_mean_k40_r1_seed42	step82	2686976	9039183	dev	ko	NA	NA	1.62927	NA	NA	166725d0694747ccb46eb4883e0a96e6cece0873	7987a9ef5274f52c17dad518a8b2966d8eb8b550d789ceb9308963ae03adaf3e
2026-09-14T04:45:41Z	cpt_dmg_mean_k40_r1_seed42	step82	2686976	9039183	dev	en	NA	NA	0.836668	NA	NA	166725d0694747ccb46eb4883e0a96e6cece0873	7987a9ef5274f52c17dad518a8b2966d8eb8b550d789ceb9308963ae03adaf3e
2026-09-14T04:45:41Z	cpt_dmg_mean_k40_r1_seed42	step82	2686976	9039183	dev	code	NA	NA	0.489926	NA	NA	166725d0694747ccb46eb4883e0a96e6cece0873	7987a9ef5274f52c17dad518a8b2966d8eb8b550d789ceb9308963ae03adaf3e
2026-09-14T04:46:36Z	cpt_dmg_mean_k40_r1_seed42	step91	2981888	10028127	dev	ko	NA	NA	1.608525	NA	NA	166725d0694747ccb46eb4883e0a96e6cece0873	7987a9ef5274f52c17dad518a8b2966d8eb8b550d789ceb9308963ae03adaf3e
2026-09-14T04:46:36Z	cpt_dmg_mean_k40_r1_seed42	step91	2981888	10028127	dev	en	NA	NA	0.837139	NA	NA	166725d0694747ccb46eb4883e0a96e6cece0873	7987a9ef5274f52c17dad518a8b2966d8eb8b550d789ceb9308963ae03adaf3e
2026-09-14T04:46:36Z	cpt_dmg_mean_k40_r1_seed42	step91	2981888	10028127	dev	code	NA	NA	0.490381	NA	NA	166725d0694747ccb46eb4883e0a96e6cece0873	7987a9ef5274f52c17dad518a8b2966d8eb8b550d789ceb9308963ae03adaf3e
2026-09-14T04:47:31Z	cpt_dmg_mean_k40_r1_seed42	step100	3276800	11025078	dev	ko	NA	NA	1.590948	NA	NA	166725d0694747ccb46eb4883e0a96e6cece0873	7987a9ef5274f52c17dad518a8b2966d8eb8b550d789ceb9308963ae03adaf3e
2026-09-14T04:47:31Z	cpt_dmg_mean_k40_r1_seed42	step100	3276800	11025078	dev	en	NA	NA	0.837543	NA	NA	166725d0694747ccb46eb4883e0a96e6cece0873	7987a9ef5274f52c17dad518a8b2966d8eb8b550d789ceb9308963ae03adaf3e
2026-09-14T04:47:31Z	cpt_dmg_mean_k40_r1_seed42	step100	3276800	11025078	dev	code	NA	NA	0.490663	NA	NA	166725d0694747ccb46eb4883e0a96e6cece0873	7987a9ef5274f52c17dad518a8b2966d8eb8b550d789ceb9308963ae03adaf3e
2026-09-14T04:48:26Z	cpt_dmg_mean_k40_r1_seed42	step109	3571712	12018367	dev	ko	NA	NA	1.575833	NA	NA	166725d0694747ccb46eb4883e0a96e6cece0873	7987a9ef5274f52c17dad518a8b2966d8eb8b550d789ceb9308963ae03adaf3e
2026-09-14T04:48:26Z	cpt_dmg_mean_k40_r1_seed42	step109	3571712	12018367	dev	en	NA	NA	0.837527	NA	NA	166725d0694747ccb46eb4883e0a96e6cece0873	7987a9ef5274f52c17dad518a8b2966d8eb8b550d789ceb9308963ae03adaf3e
2026-09-14T04:48:26Z	cpt_dmg_mean_k40_r1_seed42	step109	3571712	12018367	dev	code	NA	NA	0.490486	NA	NA	166725d0694747ccb46eb4883e0a96e6cece0873	7987a9ef5274f52c17dad518a8b2966d8eb8b550d789ceb9308963ae03adaf3e
2026-09-14T04:49:20Z	cpt_dmg_mean_k40_r1_seed42	step118	3866624	13006861	dev	ko	NA	NA	1.562482	NA	NA	166725d0694747ccb46eb4883e0a96e6cece0873	7987a9ef5274f52c17dad518a8b2966d8eb8b550d789ceb9308963ae03adaf3e
2026-09-14T04:49:20Z	cpt_dmg_mean_k40_r1_seed42	step118	3866624	13006861	dev	en	NA	NA	0.837884	NA	NA	166725d0694747ccb46eb4883e0a96e6cece0873	7987a9ef5274f52c17dad518a8b2966d8eb8b550d789ceb9308963ae03adaf3e
2026-09-14T04:49:20Z	cpt_dmg_mean_k40_r1_seed42	step118	3866624	13006861	dev	code	NA	NA	0.490889	NA	NA	166725d0694747ccb46eb4883e0a96e6cece0873	7987a9ef5274f52c17dad518a8b2966d8eb8b550d789ceb9308963ae03adaf3e
2026-09-14T04:50:14Z	cpt_dmg_mean_k40_r1_seed42	step127	4161536	14005490	dev	ko	NA	NA	1.551169	NA	NA	166725d0694747ccb46eb4883e0a96e6cece0873	7987a9ef5274f52c17dad518a8b2966d8eb8b550d789ceb9308963ae03adaf3e
2026-09-14T04:50:14Z	cpt_dmg_mean_k40_r1_seed42	step127	4161536	14005490	dev	en	NA	NA	0.838023	NA	NA	166725d0694747ccb46eb4883e0a96e6cece0873	7987a9ef5274f52c17dad518a8b2966d8eb8b550d789ceb9308963ae03adaf3e
2026-09-14T04:50:14Z	cpt_dmg_mean_k40_r1_seed42	step127	4161536	14005490	dev	code	NA	NA	0.491037	NA	NA	166725d0694747ccb46eb4883e0a96e6cece0873	7987a9ef5274f52c17dad518a8b2966d8eb8b550d789ceb9308963ae03adaf3e
2026-09-14T04:51:12Z	cpt_dmg_mean_k40_r1_seed42	step137	4489216	15091163	dev	ko	NA	NA	1.540637	NA	NA	166725d0694747ccb46eb4883e0a96e6cece0873	7987a9ef5274f52c17dad518a8b2966d8eb8b550d789ceb9308963ae03adaf3e
2026-09-14T04:51:12Z	cpt_dmg_mean_k40_r1_seed42	step137	4489216	15091163	dev	en	NA	NA	0.838253	NA	NA	166725d0694747ccb46eb4883e0a96e6cece0873	7987a9ef5274f52c17dad518a8b2966d8eb8b550d789ceb9308963ae03adaf3e
2026-09-14T04:51:12Z	cpt_dmg_mean_k40_r1_seed42	step137	4489216	15091163	dev	code	NA	NA	0.491058	NA	NA	166725d0694747ccb46eb4883e0a96e6cece0873	7987a9ef5274f52c17dad518a8b2966d8eb8b550d789ceb9308963ae03adaf3e
2026-09-14T04:52:06Z	cpt_dmg_mean_k40_r1_seed42	step146	4784128	16081970	dev	ko	NA	NA	1.532321	NA	NA	166725d0694747ccb46eb4883e0a96e6cece0873	7987a9ef5274f52c17dad518a8b2966d8eb8b550d789ceb9308963ae03adaf3e
2026-09-14T04:52:06Z	cpt_dmg_mean_k40_r1_seed42	step146	4784128	16081970	dev	en	NA	NA	0.838363	NA	NA	166725d0694747ccb46eb4883e0a96e6cece0873	7987a9ef5274f52c17dad518a8b2966d8eb8b550d789ceb9308963ae03adaf3e
2026-09-14T04:52:06Z	cpt_dmg_mean_k40_r1_seed42	step146	4784128	16081970	dev	code	NA	NA	0.491152	NA	NA	166725d0694747ccb46eb4883e0a96e6cece0873	7987a9ef5274f52c17dad518a8b2966d8eb8b550d789ceb9308963ae03adaf3e
2026-09-14T04:53:01Z	cpt_dmg_mean_k40_r1_seed42	step155	5079040	17067319	dev	ko	NA	NA	1.525858	NA	NA	166725d0694747ccb46eb4883e0a96e6cece0873	7987a9ef5274f52c17dad518a8b2966d8eb8b550d789ceb9308963ae03adaf3e
2026-09-14T04:53:01Z	cpt_dmg_mean_k40_r1_seed42	step155	5079040	17067319	dev	en	NA	NA	0.838473	NA	NA	166725d0694747ccb46eb4883e0a96e6cece0873	7987a9ef5274f52c17dad518a8b2966d8eb8b550d789ceb9308963ae03adaf3e
2026-09-14T04:53:01Z	cpt_dmg_mean_k40_r1_seed42	step155	5079040	17067319	dev	code	NA	NA	0.491158	NA	NA	166725d0694747ccb46eb4883e0a96e6cece0873	7987a9ef5274f52c17dad518a8b2966d8eb8b550d789ceb9308963ae03adaf3e
2026-09-14T04:53:56Z	cpt_dmg_mean_k40_r1_seed42	step164	5373952	18077302	dev	ko	NA	NA	1.519694	NA	NA	166725d0694747ccb46eb4883e0a96e6cece0873	7987a9ef5274f52c17dad518a8b2966d8eb8b550d789ceb9308963ae03adaf3e
2026-09-14T04:53:56Z	cpt_dmg_mean_k40_r1_seed42	step164	5373952	18077302	dev	en	NA	NA	0.838627	NA	NA	166725d0694747ccb46eb4883e0a96e6cece0873	7987a9ef5274f52c17dad518a8b2966d8eb8b550d789ceb9308963ae03adaf3e
2026-09-14T04:53:56Z	cpt_dmg_mean_k40_r1_seed42	step164	5373952	18077302	dev	code	NA	NA	0.491411	NA	NA	166725d0694747ccb46eb4883e0a96e6cece0873	7987a9ef5274f52c17dad518a8b2966d8eb8b550d789ceb9308963ae03adaf3e
2026-09-14T04:54:52Z	cpt_dmg_mean_k40_r1_seed42	step173	5668864	19090470	dev	ko	NA	NA	1.51408	NA	NA	166725d0694747ccb46eb4883e0a96e6cece0873	7987a9ef5274f52c17dad518a8b2966d8eb8b550d789ceb9308963ae03adaf3e
2026-09-14T04:54:52Z	cpt_dmg_mean_k40_r1_seed42	step173	5668864	19090470	dev	en	NA	NA	0.838608	NA	NA	166725d0694747ccb46eb4883e0a96e6cece0873	7987a9ef5274f52c17dad518a8b2966d8eb8b550d789ceb9308963ae03adaf3e
2026-09-14T04:54:52Z	cpt_dmg_mean_k40_r1_seed42	step173	5668864	19090470	dev	code	NA	NA	0.491456	NA	NA	166725d0694747ccb46eb4883e0a96e6cece0873	7987a9ef5274f52c17dad518a8b2966d8eb8b550d789ceb9308963ae03adaf3e
2026-09-14T04:55:48Z	cpt_dmg_mean_k40_r1_seed42	step182	5963776	20103724	dev	ko	NA	NA	1.509265	NA	NA	166725d0694747ccb46eb4883e0a96e6cece0873	7987a9ef5274f52c17dad518a8b2966d8eb8b550d789ceb9308963ae03adaf3e
2026-09-14T04:55:48Z	cpt_dmg_mean_k40_r1_seed42	step182	5963776	20103724	dev	en	NA	NA	0.838713	NA	NA	166725d0694747ccb46eb4883e0a96e6cece0873	7987a9ef5274f52c17dad518a8b2966d8eb8b550d789ceb9308963ae03adaf3e
2026-09-14T04:55:48Z	cpt_dmg_mean_k40_r1_seed42	step182	5963776	20103724	dev	code	NA	NA	0.491579	NA	NA	166725d0694747ccb46eb4883e0a96e6cece0873	7987a9ef5274f52c17dad518a8b2966d8eb8b550d789ceb9308963ae03adaf3e
2026-09-14T04:56:44Z	cpt_dmg_mean_k40_r1_seed42	step191	6258688	21112932	dev	ko	NA	NA	1.505162	NA	NA	166725d0694747ccb46eb4883e0a96e6cece0873	7987a9ef5274f52c17dad518a8b2966d8eb8b550d789ceb9308963ae03adaf3e
2026-09-14T04:56:44Z	cpt_dmg_mean_k40_r1_seed42	step191	6258688	21112932	dev	en	NA	NA	0.838891	NA	NA	166725d0694747ccb46eb4883e0a96e6cece0873	7987a9ef5274f52c17dad518a8b2966d8eb8b550d789ceb9308963ae03adaf3e
2026-09-14T04:56:44Z	cpt_dmg_mean_k40_r1_seed42	step191	6258688	21112932	dev	code	NA	NA	0.491774	NA	NA	166725d0694747ccb46eb4883e0a96e6cece0873	7987a9ef5274f52c17dad518a8b2966d8eb8b550d789ceb9308963ae03adaf3e
2026-09-14T04:57:40Z	cpt_dmg_mean_k40_r1_seed42	step200	6553600	22105334	dev	ko	NA	NA	1.501723	NA	NA	166725d0694747ccb46eb4883e0a96e6cece0873	7987a9ef5274f52c17dad518a8b2966d8eb8b550d789ceb9308963ae03adaf3e
2026-09-14T04:57:40Z	cpt_dmg_mean_k40_r1_seed42	step200	6553600	22105334	dev	en	NA	NA	0.838945	NA	NA	166725d0694747ccb46eb4883e0a96e6cece0873	7987a9ef5274f52c17dad518a8b2966d8eb8b550d789ceb9308963ae03adaf3e
2026-09-14T04:57:40Z	cpt_dmg_mean_k40_r1_seed42	step200	6553600	22105334	dev	code	NA	NA	0.491885	NA	NA	166725d0694747ccb46eb4883e0a96e6cece0873	7987a9ef5274f52c17dad518a8b2966d8eb8b550d789ceb9308963ae03adaf3e
2026-09-14T04:58:35Z	cpt_dmg_mean_k40_r1_seed42	step209	6848512	23108154	dev	ko	NA	NA	1.498569	NA	NA	166725d0694747ccb46eb4883e0a96e6cece0873	7987a9ef5274f52c17dad518a8b2966d8eb8b550d789ceb9308963ae03adaf3e
2026-09-14T04:58:35Z	cpt_dmg_mean_k40_r1_seed42	step209	6848512	23108154	dev	en	NA	NA	0.838953	NA	NA	166725d0694747ccb46eb4883e0a96e6cece0873	7987a9ef5274f52c17dad518a8b2966d8eb8b550d789ceb9308963ae03adaf3e
2026-09-14T04:58:35Z	cpt_dmg_mean_k40_r1_seed42	step209	6848512	23108154	dev	code	NA	NA	0.491948	NA	NA	166725d0694747ccb46eb4883e0a96e6cece0873	7987a9ef5274f52c17dad518a8b2966d8eb8b550d789ceb9308963ae03adaf3e
2026-09-14T04:59:30Z	cpt_dmg_mean_k40_r1_seed42	step218	7143424	24094039	dev	ko	NA	NA	1.496006	NA	NA	166725d0694747ccb46eb4883e0a96e6cece0873	7987a9ef5274f52c17dad518a8b2966d8eb8b550d789ceb9308963ae03adaf3e
2026-09-14T04:59:30Z	cpt_dmg_mean_k40_r1_seed42	step218	7143424	24094039	dev	en	NA	NA	0.839036	NA	NA	166725d0694747ccb46eb4883e0a96e6cece0873	7987a9ef5274f52c17dad518a8b2966d8eb8b550d789ceb9308963ae03adaf3e
2026-09-14T04:59:30Z	cpt_dmg_mean_k40_r1_seed42	step218	7143424	24094039	dev	code	NA	NA	0.492088	NA	NA	166725d0694747ccb46eb4883e0a96e6cece0873	7987a9ef5274f52c17dad518a8b2966d8eb8b550d789ceb9308963ae03adaf3e
2026-09-14T05:00:24Z	cpt_dmg_mean_k40_r1_seed42	step227	7438336	25083391	dev	ko	NA	NA	1.493886	NA	NA	166725d0694747ccb46eb4883e0a96e6cece0873	7987a9ef5274f52c17dad518a8b2966d8eb8b550d789ceb9308963ae03adaf3e
2026-09-14T05:00:24Z	cpt_dmg_mean_k40_r1_seed42	step227	7438336	25083391	dev	en	NA	NA	0.839169	NA	NA	166725d0694747ccb46eb4883e0a96e6cece0873	7987a9ef5274f52c17dad518a8b2966d8eb8b550d789ceb9308963ae03adaf3e
2026-09-14T05:00:24Z	cpt_dmg_mean_k40_r1_seed42	step227	7438336	25083391	dev	code	NA	NA	0.49233	NA	NA	166725d0694747ccb46eb4883e0a96e6cece0873	7987a9ef5274f52c17dad518a8b2966d8eb8b550d789ceb9308963ae03adaf3e
2026-09-14T05:01:19Z	cpt_dmg_mean_k40_r1_seed42	step236	7733248	26083180	dev	ko	NA	NA	1.49209	NA	NA	166725d0694747ccb46eb4883e0a96e6cece0873	7987a9ef5274f52c17dad518a8b2966d8eb8b550d789ceb9308963ae03adaf3e
2026-09-14T05:01:19Z	cpt_dmg_mean_k40_r1_seed42	step236	7733248	26083180	dev	en	NA	NA	0.839042	NA	NA	166725d0694747ccb46eb4883e0a96e6cece0873	7987a9ef5274f52c17dad518a8b2966d8eb8b550d789ceb9308963ae03adaf3e
2026-09-14T05:01:19Z	cpt_dmg_mean_k40_r1_seed42	step236	7733248	26083180	dev	code	NA	NA	0.492232	NA	NA	166725d0694747ccb46eb4883e0a96e6cece0873	7987a9ef5274f52c17dad518a8b2966d8eb8b550d789ceb9308963ae03adaf3e
2026-09-14T05:02:14Z	cpt_dmg_mean_k40_r1_seed42	step245	8028160	27080192	dev	ko	NA	NA	1.490649	NA	NA	166725d0694747ccb46eb4883e0a96e6cece0873	7987a9ef5274f52c17dad518a8b2966d8eb8b550d789ceb9308963ae03adaf3e
2026-09-14T05:02:14Z	cpt_dmg_mean_k40_r1_seed42	step245	8028160	27080192	dev	en	NA	NA	0.839076	NA	NA	166725d0694747ccb46eb4883e0a96e6cece0873	7987a9ef5274f52c17dad518a8b2966d8eb8b550d789ceb9308963ae03adaf3e
2026-09-14T05:02:14Z	cpt_dmg_mean_k40_r1_seed42	step245	8028160	27080192	dev	code	NA	NA	0.492262	NA	NA	166725d0694747ccb46eb4883e0a96e6cece0873	7987a9ef5274f52c17dad518a8b2966d8eb8b550d789ceb9308963ae03adaf3e
2026-09-14T05:03:08Z	cpt_dmg_mean_k40_r1_seed42	step254	8323072	28062322	dev	ko	NA	NA	1.48933	NA	NA	166725d0694747ccb46eb4883e0a96e6cece0873	7987a9ef5274f52c17dad518a8b2966d8eb8b550d789ceb9308963ae03adaf3e
2026-09-14T05:03:08Z	cpt_dmg_mean_k40_r1_seed42	step254	8323072	28062322	dev	en	NA	NA	0.839142	NA	NA	166725d0694747ccb46eb4883e0a96e6cece0873	7987a9ef5274f52c17dad518a8b2966d8eb8b550d789ceb9308963ae03adaf3e
2026-09-14T05:03:08Z	cpt_dmg_mean_k40_r1_seed42	step254	8323072	28062322	dev	code	NA	NA	0.492232	NA	NA	166725d0694747ccb46eb4883e0a96e6cece0873	7987a9ef5274f52c17dad518a8b2966d8eb8b550d789ceb9308963ae03adaf3e
2026-09-14T05:04:02Z	cpt_dmg_mean_k40_r1_seed42	step263	8617984	29052806	dev	ko	NA	NA	1.488249	NA	NA	166725d0694747ccb46eb4883e0a96e6cece0873	7987a9ef5274f52c17dad518a8b2966d8eb8b550d789ceb9308963ae03adaf3e
2026-09-14T05:04:02Z	cpt_dmg_mean_k40_r1_seed42	step263	8617984	29052806	dev	en	NA	NA	0.839126	NA	NA	166725d0694747ccb46eb4883e0a96e6cece0873	7987a9ef5274f52c17dad518a8b2966d8eb8b550d789ceb9308963ae03adaf3e
2026-09-14T05:04:02Z	cpt_dmg_mean_k40_r1_seed42	step263	8617984	29052806	dev	code	NA	NA	0.492306	NA	NA	166725d0694747ccb46eb4883e0a96e6cece0873	7987a9ef5274f52c17dad518a8b2966d8eb8b550d789ceb9308963ae03adaf3e
2026-09-14T05:04:57Z	cpt_dmg_mean_k40_r1_seed42	step272	8912896	30037107	dev	ko	NA	NA	1.487384	NA	NA	166725d0694747ccb46eb4883e0a96e6cece0873	7987a9ef5274f52c17dad518a8b2966d8eb8b550d789ceb9308963ae03adaf3e
2026-09-14T05:04:57Z	cpt_dmg_mean_k40_r1_seed42	step272	8912896	30037107	dev	en	NA	NA	0.839191	NA	NA	166725d0694747ccb46eb4883e0a96e6cece0873	7987a9ef5274f52c17dad518a8b2966d8eb8b550d789ceb9308963ae03adaf3e
2026-09-14T05:04:57Z	cpt_dmg_mean_k40_r1_seed42	step272	8912896	30037107	dev	code	NA	NA	0.492288	NA	NA	166725d0694747ccb46eb4883e0a96e6cece0873	7987a9ef5274f52c17dad518a8b2966d8eb8b550d789ceb9308963ae03adaf3e
2026-09-14T05:05:53Z	cpt_dmg_mean_k40_r1_seed42	step281	9207808	31042509	dev	ko	NA	NA	1.486815	NA	NA	166725d0694747ccb46eb4883e0a96e6cece0873	7987a9ef5274f52c17dad518a8b2966d8eb8b550d789ceb9308963ae03adaf3e
2026-09-14T05:05:53Z	cpt_dmg_mean_k40_r1_seed42	step281	9207808	31042509	dev	en	NA	NA	0.839214	NA	NA	166725d0694747ccb46eb4883e0a96e6cece0873	7987a9ef5274f52c17dad518a8b2966d8eb8b550d789ceb9308963ae03adaf3e
2026-09-14T05:05:53Z	cpt_dmg_mean_k40_r1_seed42	step281	9207808	31042509	dev	code	NA	NA	0.49232	NA	NA	166725d0694747ccb46eb4883e0a96e6cece0873	7987a9ef5274f52c17dad518a8b2966d8eb8b550d789ceb9308963ae03adaf3e
2026-09-14T05:06:49Z	cpt_dmg_mean_k40_r1_seed42	step290	9502720	32030208	dev	ko	NA	NA	1.486263	NA	NA	166725d0694747ccb46eb4883e0a96e6cece0873	7987a9ef5274f52c17dad518a8b2966d8eb8b550d789ceb9308963ae03adaf3e
2026-09-14T05:06:49Z	cpt_dmg_mean_k40_r1_seed42	step290	9502720	32030208	dev	en	NA	NA	0.839197	NA	NA	166725d0694747ccb46eb4883e0a96e6cece0873	7987a9ef5274f52c17dad518a8b2966d8eb8b550d789ceb9308963ae03adaf3e
2026-09-14T05:06:49Z	cpt_dmg_mean_k40_r1_seed42	step290	9502720	32030208	dev	code	NA	NA	0.492252	NA	NA	166725d0694747ccb46eb4883e0a96e6cece0873	7987a9ef5274f52c17dad518a8b2966d8eb8b550d789ceb9308963ae03adaf3e
2026-09-14T05:07:43Z	cpt_dmg_mean_k40_r1_seed42	step299	9797632	33020705	dev	ko	NA	NA	1.48586	NA	NA	166725d0694747ccb46eb4883e0a96e6cece0873	7987a9ef5274f52c17dad518a8b2966d8eb8b550d789ceb9308963ae03adaf3e
2026-09-14T05:07:43Z	cpt_dmg_mean_k40_r1_seed42	step299	9797632	33020705	dev	en	NA	NA	0.839245	NA	NA	166725d0694747ccb46eb4883e0a96e6cece0873	7987a9ef5274f52c17dad518a8b2966d8eb8b550d789ceb9308963ae03adaf3e
2026-09-14T05:07:43Z	cpt_dmg_mean_k40_r1_seed42	step299	9797632	33020705	dev	code	NA	NA	0.492347	NA	NA	166725d0694747ccb46eb4883e0a96e6cece0873	7987a9ef5274f52c17dad518a8b2966d8eb8b550d789ceb9308963ae03adaf3e
2026-09-14T05:08:39Z	cpt_dmg_mean_k40_r1_seed42	step308	10092544	34018734	dev	ko	NA	NA	1.485571	NA	NA	166725d0694747ccb46eb4883e0a96e6cece0873	7987a9ef5274f52c17dad518a8b2966d8eb8b550d789ceb9308963ae03adaf3e
2026-09-14T05:08:39Z	cpt_dmg_mean_k40_r1_seed42	step308	10092544	34018734	dev	en	NA	NA	0.839244	NA	NA	166725d0694747ccb46eb4883e0a96e6cece0873	7987a9ef5274f52c17dad518a8b2966d8eb8b550d789ceb9308963ae03adaf3e
2026-09-14T05:08:39Z	cpt_dmg_mean_k40_r1_seed42	step308	10092544	34018734	dev	code	NA	NA	0.492347	NA	NA	166725d0694747ccb46eb4883e0a96e6cece0873	7987a9ef5274f52c17dad518a8b2966d8eb8b550d789ceb9308963ae03adaf3e
2026-09-14T05:09:35Z	cpt_dmg_mean_k40_r1_seed42	step317	10387456	35021670	dev	ko	NA	NA	1.485394	NA	NA	166725d0694747ccb46eb4883e0a96e6cece0873	7987a9ef5274f52c17dad518a8b2966d8eb8b550d789ceb9308963ae03adaf3e
2026-09-14T05:09:35Z	cpt_dmg_mean_k40_r1_seed42	step317	10387456	35021670	dev	en	NA	NA	0.839221	NA	NA	166725d0694747ccb46eb4883e0a96e6cece0873	7987a9ef5274f52c17dad518a8b2966d8eb8b550d789ceb9308963ae03adaf3e
2026-09-14T05:09:35Z	cpt_dmg_mean_k40_r1_seed42	step317	10387456	35021670	dev	code	NA	NA	0.492288	NA	NA	166725d0694747ccb46eb4883e0a96e6cece0873	7987a9ef5274f52c17dad518a8b2966d8eb8b550d789ceb9308963ae03adaf3e
2026-09-14T05:10:30Z	cpt_dmg_mean_k40_r1_seed42	step326	10682368	36006644	dev	ko	NA	NA	1.485142	NA	NA	166725d0694747ccb46eb4883e0a96e6cece0873	7987a9ef5274f52c17dad518a8b2966d8eb8b550d789ceb9308963ae03adaf3e
2026-09-14T05:10:30Z	cpt_dmg_mean_k40_r1_seed42	step326	10682368	36006644	dev	en	NA	NA	0.839285	NA	NA	166725d0694747ccb46eb4883e0a96e6cece0873	7987a9ef5274f52c17dad518a8b2966d8eb8b550d789ceb9308963ae03adaf3e
2026-09-14T05:10:30Z	cpt_dmg_mean_k40_r1_seed42	step326	10682368	36006644	dev	code	NA	NA	0.492284	NA	NA	166725d0694747ccb46eb4883e0a96e6cece0873	7987a9ef5274f52c17dad518a8b2966d8eb8b550d789ceb9308963ae03adaf3e
2026-09-14T05:11:25Z	cpt_dmg_mean_k40_r1_seed42	step335	10977280	37005374	dev	ko	NA	NA	1.48497	NA	NA	166725d0694747ccb46eb4883e0a96e6cece0873	7987a9ef5274f52c17dad518a8b2966d8eb8b550d789ceb9308963ae03adaf3e
2026-09-14T05:11:25Z	cpt_dmg_mean_k40_r1_seed42	step335	10977280	37005374	dev	en	NA	NA	0.839219	NA	NA	166725d0694747ccb46eb4883e0a96e6cece0873	7987a9ef5274f52c17dad518a8b2966d8eb8b550d789ceb9308963ae03adaf3e
2026-09-14T05:11:25Z	cpt_dmg_mean_k40_r1_seed42	step335	10977280	37005374	dev	code	NA	NA	0.492388	NA	NA	166725d0694747ccb46eb4883e0a96e6cece0873	7987a9ef5274f52c17dad518a8b2966d8eb8b550d789ceb9308963ae03adaf3e
2026-09-14T05:12:20Z	cpt_dmg_mean_k40_r1_seed42	step344	11272192	38011382	dev	ko	NA	NA	1.484813	NA	NA	166725d0694747ccb46eb4883e0a96e6cece0873	7987a9ef5274f52c17dad518a8b2966d8eb8b550d789ceb9308963ae03adaf3e
2026-09-14T05:12:20Z	cpt_dmg_mean_k40_r1_seed42	step344	11272192	38011382	dev	en	NA	NA	0.839221	NA	NA	166725d0694747ccb46eb4883e0a96e6cece0873	7987a9ef5274f52c17dad518a8b2966d8eb8b550d789ceb9308963ae03adaf3e
2026-09-14T05:12:20Z	cpt_dmg_mean_k40_r1_seed42	step344	11272192	38011382	dev	code	NA	NA	0.492292	NA	NA	166725d0694747ccb46eb4883e0a96e6cece0873	7987a9ef5274f52c17dad518a8b2966d8eb8b550d789ceb9308963ae03adaf3e
2026-09-14T05:13:14Z	cpt_dmg_mean_k40_r1_seed42	step353	11567104	39029394	dev	ko	NA	NA	1.484717	NA	NA	166725d0694747ccb46eb4883e0a96e6cece0873	7987a9ef5274f52c17dad518a8b2966d8eb8b550d789ceb9308963ae03adaf3e
2026-09-14T05:13:14Z	cpt_dmg_mean_k40_r1_seed42	step353	11567104	39029394	dev	en	NA	NA	0.839255	NA	NA	166725d0694747ccb46eb4883e0a96e6cece0873	7987a9ef5274f52c17dad518a8b2966d8eb8b550d789ceb9308963ae03adaf3e
2026-09-14T05:13:14Z	cpt_dmg_mean_k40_r1_seed42	step353	11567104	39029394	dev	code	NA	NA	0.492268	NA	NA	166725d0694747ccb46eb4883e0a96e6cece0873	7987a9ef5274f52c17dad518a8b2966d8eb8b550d789ceb9308963ae03adaf3e
2026-09-14T05:14:09Z	cpt_dmg_mean_k40_r1_seed42	final	11857920	40006921	dev	ko	NA	NA	1.484565	NA	NA	166725d0694747ccb46eb4883e0a96e6cece0873	7987a9ef5274f52c17dad518a8b2966d8eb8b550d789ceb9308963ae03adaf3e
2026-09-14T05:14:09Z	cpt_dmg_mean_k40_r1_seed42	final	11857920	40006921	dev	en	NA	NA	0.839279	NA	NA	166725d0694747ccb46eb4883e0a96e6cece0873	7987a9ef5274f52c17dad518a8b2966d8eb8b550d789ceb9308963ae03adaf3e
2026-09-14T05:14:09Z	cpt_dmg_mean_k40_r1_seed42	final	11857920	40006921	dev	code	NA	NA	0.492272	NA	NA	166725d0694747ccb46eb4883e0a96e6cece0873	7987a9ef5274f52c17dad518a8b2966d8eb8b550d789ceb9308963ae03adaf3e
2026-09-14T05:16:58Z	cpt_Qwen2.5-0.5B_r1ctrl_seed42	step0	0	0	dev	ko	NA	NA	1.154998	NA	NA	166725d0694747ccb46eb4883e0a96e6cece0873	56b9dcb52635a2c491fa014f843d56dedd51118f64821762606f208bd2d561fc
2026-09-14T05:16:58Z	cpt_Qwen2.5-0.5B_r1ctrl_seed42	step0	0	0	dev	en	NA	NA	0.827425	NA	NA	166725d0694747ccb46eb4883e0a96e6cece0873	56b9dcb52635a2c491fa014f843d56dedd51118f64821762606f208bd2d561fc
2026-09-14T05:16:58Z	cpt_Qwen2.5-0.5B_r1ctrl_seed42	step0	0	0	dev	code	NA	NA	0.483719	NA	NA	166725d0694747ccb46eb4883e0a96e6cece0873	56b9dcb52635a2c491fa014f843d56dedd51118f64821762606f208bd2d561fc
2026-09-14T05:17:57Z	cpt_Qwen2.5-0.5B_r1ctrl_seed42	step10	327680	1099296	dev	ko	NA	NA	1.154298	NA	NA	166725d0694747ccb46eb4883e0a96e6cece0873	56b9dcb52635a2c491fa014f843d56dedd51118f64821762606f208bd2d561fc
2026-09-14T05:17:57Z	cpt_Qwen2.5-0.5B_r1ctrl_seed42	step10	327680	1099296	dev	en	NA	NA	0.827446	NA	NA	166725d0694747ccb46eb4883e0a96e6cece0873	56b9dcb52635a2c491fa014f843d56dedd51118f64821762606f208bd2d561fc
2026-09-14T05:17:57Z	cpt_Qwen2.5-0.5B_r1ctrl_seed42	step10	327680	1099296	dev	code	NA	NA	0.483744	NA	NA	166725d0694747ccb46eb4883e0a96e6cece0873	56b9dcb52635a2c491fa014f843d56dedd51118f64821762606f208bd2d561fc
2026-09-14T05:18:51Z	cpt_Qwen2.5-0.5B_r1ctrl_seed42	step19	622592	2100511	dev	ko	NA	NA	1.153586	NA	NA	166725d0694747ccb46eb4883e0a96e6cece0873	56b9dcb52635a2c491fa014f843d56dedd51118f64821762606f208bd2d561fc
2026-09-14T05:18:51Z	cpt_Qwen2.5-0.5B_r1ctrl_seed42	step19	622592	2100511	dev	en	NA	NA	0.827541	NA	NA	166725d0694747ccb46eb4883e0a96e6cece0873	56b9dcb52635a2c491fa014f843d56dedd51118f64821762606f208bd2d561fc
2026-09-14T05:18:51Z	cpt_Qwen2.5-0.5B_r1ctrl_seed42	step19	622592	2100511	dev	code	NA	NA	0.483884	NA	NA	166725d0694747ccb46eb4883e0a96e6cece0873	56b9dcb52635a2c491fa014f843d56dedd51118f64821762606f208bd2d561fc
2026-09-14T05:19:45Z	cpt_Qwen2.5-0.5B_r1ctrl_seed42	step28	917504	3090690	dev	ko	NA	NA	1.152827	NA	NA	166725d0694747ccb46eb4883e0a96e6cece0873	56b9dcb52635a2c491fa014f843d56dedd51118f64821762606f208bd2d561fc
2026-09-14T05:19:45Z	cpt_Qwen2.5-0.5B_r1ctrl_seed42	step28	917504	3090690	dev	en	NA	NA	0.827552	NA	NA	166725d0694747ccb46eb4883e0a96e6cece0873	56b9dcb52635a2c491fa014f843d56dedd51118f64821762606f208bd2d561fc
2026-09-14T05:19:45Z	cpt_Qwen2.5-0.5B_r1ctrl_seed42	step28	917504	3090690	dev	code	NA	NA	0.483891	NA	NA	166725d0694747ccb46eb4883e0a96e6cece0873	56b9dcb52635a2c491fa014f843d56dedd51118f64821762606f208bd2d561fc
2026-09-14T05:20:40Z	cpt_Qwen2.5-0.5B_r1ctrl_seed42	step37	1212416	4079039	dev	ko	NA	NA	1.152156	NA	NA	166725d0694747ccb46eb4883e0a96e6cece0873	56b9dcb52635a2c491fa014f843d56dedd51118f64821762606f208bd2d561fc
2026-09-14T05:20:40Z	cpt_Qwen2.5-0.5B_r1ctrl_seed42	step37	1212416	4079039	dev	en	NA	NA	0.827582	NA	NA	166725d0694747ccb46eb4883e0a96e6cece0873	56b9dcb52635a2c491fa014f843d56dedd51118f64821762606f208bd2d561fc
2026-09-14T05:20:40Z	cpt_Qwen2.5-0.5B_r1ctrl_seed42	step37	1212416	4079039	dev	code	NA	NA	0.483903	NA	NA	166725d0694747ccb46eb4883e0a96e6cece0873	56b9dcb52635a2c491fa014f843d56dedd51118f64821762606f208bd2d561fc
2026-09-14T05:21:34Z	cpt_Qwen2.5-0.5B_r1ctrl_seed42	step46	1507328	5066514	dev	ko	NA	NA	1.151494	NA	NA	166725d0694747ccb46eb4883e0a96e6cece0873	56b9dcb52635a2c491fa014f843d56dedd51118f64821762606f208bd2d561fc
2026-09-14T05:21:34Z	cpt_Qwen2.5-0.5B_r1ctrl_seed42	step46	1507328	5066514	dev	en	NA	NA	0.827606	NA	NA	166725d0694747ccb46eb4883e0a96e6cece0873	56b9dcb52635a2c491fa014f843d56dedd51118f64821762606f208bd2d561fc
2026-09-14T05:21:34Z	cpt_Qwen2.5-0.5B_r1ctrl_seed42	step46	1507328	5066514	dev	code	NA	NA	0.483859	NA	NA	166725d0694747ccb46eb4883e0a96e6cece0873	56b9dcb52635a2c491fa014f843d56dedd51118f64821762606f208bd2d561fc
2026-09-14T05:22:28Z	cpt_Qwen2.5-0.5B_r1ctrl_seed42	step55	1802240	6055371	dev	ko	NA	NA	1.151114	NA	NA	166725d0694747ccb46eb4883e0a96e6cece0873	56b9dcb52635a2c491fa014f843d56dedd51118f64821762606f208bd2d561fc
2026-09-14T05:22:28Z	cpt_Qwen2.5-0.5B_r1ctrl_seed42	step55	1802240	6055371	dev	en	NA	NA	0.827687	NA	NA	166725d0694747ccb46eb4883e0a96e6cece0873	56b9dcb52635a2c491fa014f843d56dedd51118f64821762606f208bd2d561fc
2026-09-14T05:22:28Z	cpt_Qwen2.5-0.5B_r1ctrl_seed42	step55	1802240	6055371	dev	code	NA	NA	0.483946	NA	NA	166725d0694747ccb46eb4883e0a96e6cece0873	56b9dcb52635a2c491fa014f843d56dedd51118f64821762606f208bd2d561fc
2026-09-14T05:23:22Z	cpt_Qwen2.5-0.5B_r1ctrl_seed42	step64	2097152	7049878	dev	ko	NA	NA	1.150631	NA	NA	166725d0694747ccb46eb4883e0a96e6cece0873	56b9dcb52635a2c491fa014f843d56dedd51118f64821762606f208bd2d561fc
2026-09-14T05:23:22Z	cpt_Qwen2.5-0.5B_r1ctrl_seed42	step64	2097152	7049878	dev	en	NA	NA	0.827716	NA	NA	166725d0694747ccb46eb4883e0a96e6cece0873	56b9dcb52635a2c491fa014f843d56dedd51118f64821762606f208bd2d561fc
2026-09-14T05:23:22Z	cpt_Qwen2.5-0.5B_r1ctrl_seed42	step64	2097152	7049878	dev	code	NA	NA	0.483946	NA	NA	166725d0694747ccb46eb4883e0a96e6cece0873	56b9dcb52635a2c491fa014f843d56dedd51118f64821762606f208bd2d561fc
2026-09-14T05:24:17Z	cpt_Qwen2.5-0.5B_r1ctrl_seed42	step73	2392064	8042731	dev	ko	NA	NA	1.150223	NA	NA	166725d0694747ccb46eb4883e0a96e6cece0873	56b9dcb52635a2c491fa014f843d56dedd51118f64821762606f208bd2d561fc
2026-09-14T05:24:17Z	cpt_Qwen2.5-0.5B_r1ctrl_seed42	step73	2392064	8042731	dev	en	NA	NA	0.827744	NA	NA	166725d0694747ccb46eb4883e0a96e6cece0873	56b9dcb52635a2c491fa014f843d56dedd51118f64821762606f208bd2d561fc
2026-09-14T05:24:17Z	cpt_Qwen2.5-0.5B_r1ctrl_seed42	step73	2392064	8042731	dev	code	NA	NA	0.483952	NA	NA	166725d0694747ccb46eb4883e0a96e6cece0873	56b9dcb52635a2c491fa014f843d56dedd51118f64821762606f208bd2d561fc
2026-09-14T05:25:10Z	cpt_Qwen2.5-0.5B_r1ctrl_seed42	step82	2686976	9039183	dev	ko	NA	NA	1.149849	NA	NA	166725d0694747ccb46eb4883e0a96e6cece0873	56b9dcb52635a2c491fa014f843d56dedd51118f64821762606f208bd2d561fc
2026-09-14T05:25:10Z	cpt_Qwen2.5-0.5B_r1ctrl_seed42	step82	2686976	9039183	dev	en	NA	NA	0.82782	NA	NA	166725d0694747ccb46eb4883e0a96e6cece0873	56b9dcb52635a2c491fa014f843d56dedd51118f64821762606f208bd2d561fc
2026-09-14T05:25:10Z	cpt_Qwen2.5-0.5B_r1ctrl_seed42	step82	2686976	9039183	dev	code	NA	NA	0.483987	NA	NA	166725d0694747ccb46eb4883e0a96e6cece0873	56b9dcb52635a2c491fa014f843d56dedd51118f64821762606f208bd2d561fc
2026-09-14T05:26:05Z	cpt_Qwen2.5-0.5B_r1ctrl_seed42	step91	2981888	10028127	dev	ko	NA	NA	1.149471	NA	NA	166725d0694747ccb46eb4883e0a96e6cece0873	56b9dcb52635a2c491fa014f843d56dedd51118f64821762606f208bd2d561fc
2026-09-14T05:26:05Z	cpt_Qwen2.5-0.5B_r1ctrl_seed42	step91	2981888	10028127	dev	en	NA	NA	0.827776	NA	NA	166725d0694747ccb46eb4883e0a96e6cece0873	56b9dcb52635a2c491fa014f843d56dedd51118f64821762606f208bd2d561fc
2026-09-14T05:26:05Z	cpt_Qwen2.5-0.5B_r1ctrl_seed42	step91	2981888	10028127	dev	code	NA	NA	0.483935	NA	NA	166725d0694747ccb46eb4883e0a96e6cece0873	56b9dcb52635a2c491fa014f843d56dedd51118f64821762606f208bd2d561fc
2026-09-14T05:27:00Z	cpt_Qwen2.5-0.5B_r1ctrl_seed42	step100	3276800	11025078	dev	ko	NA	NA	1.149111	NA	NA	166725d0694747ccb46eb4883e0a96e6cece0873	56b9dcb52635a2c491fa014f843d56dedd51118f64821762606f208bd2d561fc
2026-09-14T05:27:00Z	cpt_Qwen2.5-0.5B_r1ctrl_seed42	step100	3276800	11025078	dev	en	NA	NA	0.827812	NA	NA	166725d0694747ccb46eb4883e0a96e6cece0873	56b9dcb52635a2c491fa014f843d56dedd51118f64821762606f208bd2d561fc
2026-09-14T05:27:00Z	cpt_Qwen2.5-0.5B_r1ctrl_seed42	step100	3276800	11025078	dev	code	NA	NA	0.484014	NA	NA	166725d0694747ccb46eb4883e0a96e6cece0873	56b9dcb52635a2c491fa014f843d56dedd51118f64821762606f208bd2d561fc
2026-09-14T05:27:53Z	cpt_Qwen2.5-0.5B_r1ctrl_seed42	step109	3571712	12018367	dev	ko	NA	NA	1.148809	NA	NA	166725d0694747ccb46eb4883e0a96e6cece0873	56b9dcb52635a2c491fa014f843d56dedd51118f64821762606f208bd2d561fc
2026-09-14T05:27:53Z	cpt_Qwen2.5-0.5B_r1ctrl_seed42	step109	3571712	12018367	dev	en	NA	NA	0.827828	NA	NA	166725d0694747ccb46eb4883e0a96e6cece0873	56b9dcb52635a2c491fa014f843d56dedd51118f64821762606f208bd2d561fc
2026-09-14T05:27:53Z	cpt_Qwen2.5-0.5B_r1ctrl_seed42	step109	3571712	12018367	dev	code	NA	NA	0.483996	NA	NA	166725d0694747ccb46eb4883e0a96e6cece0873	56b9dcb52635a2c491fa014f843d56dedd51118f64821762606f208bd2d561fc
2026-09-14T05:28:48Z	cpt_Qwen2.5-0.5B_r1ctrl_seed42	step118	3866624	13006861	dev	ko	NA	NA	1.148563	NA	NA	166725d0694747ccb46eb4883e0a96e6cece0873	56b9dcb52635a2c491fa014f843d56dedd51118f64821762606f208bd2d561fc
2026-09-14T05:28:48Z	cpt_Qwen2.5-0.5B_r1ctrl_seed42	step118	3866624	13006861	dev	en	NA	NA	0.827815	NA	NA	166725d0694747ccb46eb4883e0a96e6cece0873	56b9dcb52635a2c491fa014f843d56dedd51118f64821762606f208bd2d561fc
2026-09-14T05:28:48Z	cpt_Qwen2.5-0.5B_r1ctrl_seed42	step118	3866624	13006861	dev	code	NA	NA	0.484003	NA	NA	166725d0694747ccb46eb4883e0a96e6cece0873	56b9dcb52635a2c491fa014f843d56dedd51118f64821762606f208bd2d561fc
2026-09-14T05:29:41Z	cpt_Qwen2.5-0.5B_r1ctrl_seed42	step127	4161536	14005490	dev	ko	NA	NA	1.148272	NA	NA	166725d0694747ccb46eb4883e0a96e6cece0873	56b9dcb52635a2c491fa014f843d56dedd51118f64821762606f208bd2d561fc
2026-09-14T05:29:41Z	cpt_Qwen2.5-0.5B_r1ctrl_seed42	step127	4161536	14005490	dev	en	NA	NA	0.827903	NA	NA	166725d0694747ccb46eb4883e0a96e6cece0873	56b9dcb52635a2c491fa014f843d56dedd51118f64821762606f208bd2d561fc
2026-09-14T05:29:41Z	cpt_Qwen2.5-0.5B_r1ctrl_seed42	step127	4161536	14005490	dev	code	NA	NA	0.484005	NA	NA	166725d0694747ccb46eb4883e0a96e6cece0873	56b9dcb52635a2c491fa014f843d56dedd51118f64821762606f208bd2d561fc
2026-09-14T05:30:38Z	cpt_Qwen2.5-0.5B_r1ctrl_seed42	step137	4489216	15091163	dev	ko	NA	NA	1.147987	NA	NA	166725d0694747ccb46eb4883e0a96e6cece0873	56b9dcb52635a2c491fa014f843d56dedd51118f64821762606f208bd2d561fc
2026-09-14T05:30:38Z	cpt_Qwen2.5-0.5B_r1ctrl_seed42	step137	4489216	15091163	dev	en	NA	NA	0.827884	NA	NA	166725d0694747ccb46eb4883e0a96e6cece0873	56b9dcb52635a2c491fa014f843d56dedd51118f64821762606f208bd2d561fc
2026-09-14T05:30:38Z	cpt_Qwen2.5-0.5B_r1ctrl_seed42	step137	4489216	15091163	dev	code	NA	NA	0.484039	NA	NA	166725d0694747ccb46eb4883e0a96e6cece0873	56b9dcb52635a2c491fa014f843d56dedd51118f64821762606f208bd2d561fc
2026-09-14T05:31:33Z	cpt_Qwen2.5-0.5B_r1ctrl_seed42	step146	4784128	16081970	dev	ko	NA	NA	1.147773	NA	NA	166725d0694747ccb46eb4883e0a96e6cece0873	56b9dcb52635a2c491fa014f843d56dedd51118f64821762606f208bd2d561fc
2026-09-14T05:31:33Z	cpt_Qwen2.5-0.5B_r1ctrl_seed42	step146	4784128	16081970	dev	en	NA	NA	0.827947	NA	NA	166725d0694747ccb46eb4883e0a96e6cece0873	56b9dcb52635a2c491fa014f843d56dedd51118f64821762606f208bd2d561fc
2026-09-14T05:31:33Z	cpt_Qwen2.5-0.5B_r1ctrl_seed42	step146	4784128	16081970	dev	code	NA	NA	0.484105	NA	NA	166725d0694747ccb46eb4883e0a96e6cece0873	56b9dcb52635a2c491fa014f843d56dedd51118f64821762606f208bd2d561fc
2026-09-14T05:32:26Z	cpt_Qwen2.5-0.5B_r1ctrl_seed42	step155	5079040	17067319	dev	ko	NA	NA	1.147666	NA	NA	166725d0694747ccb46eb4883e0a96e6cece0873	56b9dcb52635a2c491fa014f843d56dedd51118f64821762606f208bd2d561fc
2026-09-14T05:32:26Z	cpt_Qwen2.5-0.5B_r1ctrl_seed42	step155	5079040	17067319	dev	en	NA	NA	0.827894	NA	NA	166725d0694747ccb46eb4883e0a96e6cece0873	56b9dcb52635a2c491fa014f843d56dedd51118f64821762606f208bd2d561fc
2026-09-14T05:32:26Z	cpt_Qwen2.5-0.5B_r1ctrl_seed42	step155	5079040	17067319	dev	code	NA	NA	0.484041	NA	NA	166725d0694747ccb46eb4883e0a96e6cece0873	56b9dcb52635a2c491fa014f843d56dedd51118f64821762606f208bd2d561fc
2026-09-14T05:33:21Z	cpt_Qwen2.5-0.5B_r1ctrl_seed42	step164	5373952	18077302	dev	ko	NA	NA	1.1475	NA	NA	166725d0694747ccb46eb4883e0a96e6cece0873	56b9dcb52635a2c491fa014f843d56dedd51118f64821762606f208bd2d561fc
2026-09-14T05:33:21Z	cpt_Qwen2.5-0.5B_r1ctrl_seed42	step164	5373952	18077302	dev	en	NA	NA	0.827911	NA	NA	166725d0694747ccb46eb4883e0a96e6cece0873	56b9dcb52635a2c491fa014f843d56dedd51118f64821762606f208bd2d561fc
2026-09-14T05:33:21Z	cpt_Qwen2.5-0.5B_r1ctrl_seed42	step164	5373952	18077302	dev	code	NA	NA	0.4841	NA	NA	166725d0694747ccb46eb4883e0a96e6cece0873	56b9dcb52635a2c491fa014f843d56dedd51118f64821762606f208bd2d561fc
2026-09-14T05:34:14Z	cpt_Qwen2.5-0.5B_r1ctrl_seed42	step173	5668864	19090470	dev	ko	NA	NA	1.147379	NA	NA	166725d0694747ccb46eb4883e0a96e6cece0873	56b9dcb52635a2c491fa014f843d56dedd51118f64821762606f208bd2d561fc
2026-09-14T05:34:14Z	cpt_Qwen2.5-0.5B_r1ctrl_seed42	step173	5668864	19090470	dev	en	NA	NA	0.827924	NA	NA	166725d0694747ccb46eb4883e0a96e6cece0873	56b9dcb52635a2c491fa014f843d56dedd51118f64821762606f208bd2d561fc
2026-09-14T05:34:14Z	cpt_Qwen2.5-0.5B_r1ctrl_seed42	step173	5668864	19090470	dev	code	NA	NA	0.484016	NA	NA	166725d0694747ccb46eb4883e0a96e6cece0873	56b9dcb52635a2c491fa014f843d56dedd51118f64821762606f208bd2d561fc
2026-09-14T05:35:08Z	cpt_Qwen2.5-0.5B_r1ctrl_seed42	step182	5963776	20103724	dev	ko	NA	NA	1.147231	NA	NA	166725d0694747ccb46eb4883e0a96e6cece0873	56b9dcb52635a2c491fa014f843d56dedd51118f64821762606f208bd2d561fc
2026-09-14T05:35:08Z	cpt_Qwen2.5-0.5B_r1ctrl_seed42	step182	5963776	20103724	dev	en	NA	NA	0.827925	NA	NA	166725d0694747ccb46eb4883e0a96e6cece0873	56b9dcb52635a2c491fa014f843d56dedd51118f64821762606f208bd2d561fc
2026-09-14T05:35:08Z	cpt_Qwen2.5-0.5B_r1ctrl_seed42	step182	5963776	20103724	dev	code	NA	NA	0.484093	NA	NA	166725d0694747ccb46eb4883e0a96e6cece0873	56b9dcb52635a2c491fa014f843d56dedd51118f64821762606f208bd2d561fc
2026-09-14T05:36:03Z	cpt_Qwen2.5-0.5B_r1ctrl_seed42	step191	6258688	21112932	dev	ko	NA	NA	1.147135	NA	NA	166725d0694747ccb46eb4883e0a96e6cece0873	56b9dcb52635a2c491fa014f843d56dedd51118f64821762606f208bd2d561fc
2026-09-14T05:36:03Z	cpt_Qwen2.5-0.5B_r1ctrl_seed42	step191	6258688	21112932	dev	en	NA	NA	0.827925	NA	NA	166725d0694747ccb46eb4883e0a96e6cece0873	56b9dcb52635a2c491fa014f843d56dedd51118f64821762606f208bd2d561fc
2026-09-14T05:36:03Z	cpt_Qwen2.5-0.5B_r1ctrl_seed42	step191	6258688	21112932	dev	code	NA	NA	0.484114	NA	NA	166725d0694747ccb46eb4883e0a96e6cece0873	56b9dcb52635a2c491fa014f843d56dedd51118f64821762606f208bd2d561fc
2026-09-14T05:36:56Z	cpt_Qwen2.5-0.5B_r1ctrl_seed42	step200	6553600	22105334	dev	ko	NA	NA	1.147009	NA	NA	166725d0694747ccb46eb4883e0a96e6cece0873	56b9dcb52635a2c491fa014f843d56dedd51118f64821762606f208bd2d561fc
2026-09-14T05:36:56Z	cpt_Qwen2.5-0.5B_r1ctrl_seed42	step200	6553600	22105334	dev	en	NA	NA	0.827906	NA	NA	166725d0694747ccb46eb4883e0a96e6cece0873	56b9dcb52635a2c491fa014f843d56dedd51118f64821762606f208bd2d561fc
2026-09-14T05:36:56Z	cpt_Qwen2.5-0.5B_r1ctrl_seed42	step200	6553600	22105334	dev	code	NA	NA	0.484087	NA	NA	166725d0694747ccb46eb4883e0a96e6cece0873	56b9dcb52635a2c491fa014f843d56dedd51118f64821762606f208bd2d561fc
2026-09-14T05:37:51Z	cpt_Qwen2.5-0.5B_r1ctrl_seed42	step209	6848512	23108154	dev	ko	NA	NA	1.146923	NA	NA	166725d0694747ccb46eb4883e0a96e6cece0873	56b9dcb52635a2c491fa014f843d56dedd51118f64821762606f208bd2d561fc
2026-09-14T05:37:51Z	cpt_Qwen2.5-0.5B_r1ctrl_seed42	step209	6848512	23108154	dev	en	NA	NA	0.827895	NA	NA	166725d0694747ccb46eb4883e0a96e6cece0873	56b9dcb52635a2c491fa014f843d56dedd51118f64821762606f208bd2d561fc
2026-09-14T05:37:51Z	cpt_Qwen2.5-0.5B_r1ctrl_seed42	step209	6848512	23108154	dev	code	NA	NA	0.4841	NA	NA	166725d0694747ccb46eb4883e0a96e6cece0873	56b9dcb52635a2c491fa014f843d56dedd51118f64821762606f208bd2d561fc
2026-09-14T05:38:44Z	cpt_Qwen2.5-0.5B_r1ctrl_seed42	step218	7143424	24094039	dev	ko	NA	NA	1.146845	NA	NA	166725d0694747ccb46eb4883e0a96e6cece0873	56b9dcb52635a2c491fa014f843d56dedd51118f64821762606f208bd2d561fc
2026-09-14T05:38:44Z	cpt_Qwen2.5-0.5B_r1ctrl_seed42	step218	7143424	24094039	dev	en	NA	NA	0.827919	NA	NA	166725d0694747ccb46eb4883e0a96e6cece0873	56b9dcb52635a2c491fa014f843d56dedd51118f64821762606f208bd2d561fc
2026-09-14T05:38:44Z	cpt_Qwen2.5-0.5B_r1ctrl_seed42	step218	7143424	24094039	dev	code	NA	NA	0.484133	NA	NA	166725d0694747ccb46eb4883e0a96e6cece0873	56b9dcb52635a2c491fa014f843d56dedd51118f64821762606f208bd2d561fc
2026-09-14T05:39:37Z	cpt_Qwen2.5-0.5B_r1ctrl_seed42	step227	7438336	25083391	dev	ko	NA	NA	1.146772	NA	NA	166725d0694747ccb46eb4883e0a96e6cece0873	56b9dcb52635a2c491fa014f843d56dedd51118f64821762606f208bd2d561fc
2026-09-14T05:39:37Z	cpt_Qwen2.5-0.5B_r1ctrl_seed42	step227	7438336	25083391	dev	en	NA	NA	0.827944	NA	NA	166725d0694747ccb46eb4883e0a96e6cece0873	56b9dcb52635a2c491fa014f843d56dedd51118f64821762606f208bd2d561fc
2026-09-14T05:39:38Z	cpt_Qwen2.5-0.5B_r1ctrl_seed42	step227	7438336	25083391	dev	code	NA	NA	0.484129	NA	NA	166725d0694747ccb46eb4883e0a96e6cece0873	56b9dcb52635a2c491fa014f843d56dedd51118f64821762606f208bd2d561fc
2026-09-14T05:40:31Z	cpt_Qwen2.5-0.5B_r1ctrl_seed42	step236	7733248	26083180	dev	ko	NA	NA	1.146636	NA	NA	166725d0694747ccb46eb4883e0a96e6cece0873	56b9dcb52635a2c491fa014f843d56dedd51118f64821762606f208bd2d561fc
2026-09-14T05:40:31Z	cpt_Qwen2.5-0.5B_r1ctrl_seed42	step236	7733248	26083180	dev	en	NA	NA	0.827941	NA	NA	166725d0694747ccb46eb4883e0a96e6cece0873	56b9dcb52635a2c491fa014f843d56dedd51118f64821762606f208bd2d561fc
2026-09-14T05:40:31Z	cpt_Qwen2.5-0.5B_r1ctrl_seed42	step236	7733248	26083180	dev	code	NA	NA	0.484142	NA	NA	166725d0694747ccb46eb4883e0a96e6cece0873	56b9dcb52635a2c491fa014f843d56dedd51118f64821762606f208bd2d561fc
2026-09-14T05:41:26Z	cpt_Qwen2.5-0.5B_r1ctrl_seed42	step245	8028160	27080192	dev	ko	NA	NA	1.146628	NA	NA	166725d0694747ccb46eb4883e0a96e6cece0873	56b9dcb52635a2c491fa014f843d56dedd51118f64821762606f208bd2d561fc
2026-09-14T05:41:26Z	cpt_Qwen2.5-0.5B_r1ctrl_seed42	step245	8028160	27080192	dev	en	NA	NA	0.827974	NA	NA	166725d0694747ccb46eb4883e0a96e6cece0873	56b9dcb52635a2c491fa014f843d56dedd51118f64821762606f208bd2d561fc
2026-09-14T05:41:26Z	cpt_Qwen2.5-0.5B_r1ctrl_seed42	step245	8028160	27080192	dev	code	NA	NA	0.484115	NA	NA	166725d0694747ccb46eb4883e0a96e6cece0873	56b9dcb52635a2c491fa014f843d56dedd51118f64821762606f208bd2d561fc
2026-09-14T05:42:20Z	cpt_Qwen2.5-0.5B_r1ctrl_seed42	step254	8323072	28062322	dev	ko	NA	NA	1.146602	NA	NA	166725d0694747ccb46eb4883e0a96e6cece0873	56b9dcb52635a2c491fa014f843d56dedd51118f64821762606f208bd2d561fc
2026-09-14T05:42:20Z	cpt_Qwen2.5-0.5B_r1ctrl_seed42	step254	8323072	28062322	dev	en	NA	NA	0.827968	NA	NA	166725d0694747ccb46eb4883e0a96e6cece0873	56b9dcb52635a2c491fa014f843d56dedd51118f64821762606f208bd2d561fc
2026-09-14T05:42:20Z	cpt_Qwen2.5-0.5B_r1ctrl_seed42	step254	8323072	28062322	dev	code	NA	NA	0.484167	NA	NA	166725d0694747ccb46eb4883e0a96e6cece0873	56b9dcb52635a2c491fa014f843d56dedd51118f64821762606f208bd2d561fc
2026-09-14T05:43:13Z	cpt_Qwen2.5-0.5B_r1ctrl_seed42	step263	8617984	29052806	dev	ko	NA	NA	1.146574	NA	NA	166725d0694747ccb46eb4883e0a96e6cece0873	56b9dcb52635a2c491fa014f843d56dedd51118f64821762606f208bd2d561fc
2026-09-14T05:43:14Z	cpt_Qwen2.5-0.5B_r1ctrl_seed42	step263	8617984	29052806	dev	en	NA	NA	0.827956	NA	NA	166725d0694747ccb46eb4883e0a96e6cece0873	56b9dcb52635a2c491fa014f843d56dedd51118f64821762606f208bd2d561fc
2026-09-14T05:43:14Z	cpt_Qwen2.5-0.5B_r1ctrl_seed42	step263	8617984	29052806	dev	code	NA	NA	0.484137	NA	NA	166725d0694747ccb46eb4883e0a96e6cece0873	56b9dcb52635a2c491fa014f843d56dedd51118f64821762606f208bd2d561fc
2026-09-14T05:44:08Z	cpt_Qwen2.5-0.5B_r1ctrl_seed42	step272	8912896	30037107	dev	ko	NA	NA	1.146528	NA	NA	166725d0694747ccb46eb4883e0a96e6cece0873	56b9dcb52635a2c491fa014f843d56dedd51118f64821762606f208bd2d561fc
2026-09-14T05:44:08Z	cpt_Qwen2.5-0.5B_r1ctrl_seed42	step272	8912896	30037107	dev	en	NA	NA	0.827952	NA	NA	166725d0694747ccb46eb4883e0a96e6cece0873	56b9dcb52635a2c491fa014f843d56dedd51118f64821762606f208bd2d561fc
2026-09-14T05:44:08Z	cpt_Qwen2.5-0.5B_r1ctrl_seed42	step272	8912896	30037107	dev	code	NA	NA	0.484117	NA	NA	166725d0694747ccb46eb4883e0a96e6cece0873	56b9dcb52635a2c491fa014f843d56dedd51118f64821762606f208bd2d561fc
2026-09-14T05:45:02Z	cpt_Qwen2.5-0.5B_r1ctrl_seed42	step281	9207808	31042509	dev	ko	NA	NA	1.146522	NA	NA	166725d0694747ccb46eb4883e0a96e6cece0873	56b9dcb52635a2c491fa014f843d56dedd51118f64821762606f208bd2d561fc
2026-09-14T05:45:02Z	cpt_Qwen2.5-0.5B_r1ctrl_seed42	step281	9207808	31042509	dev	en	NA	NA	0.827936	NA	NA	166725d0694747ccb46eb4883e0a96e6cece0873	56b9dcb52635a2c491fa014f843d56dedd51118f64821762606f208bd2d561fc
2026-09-14T05:45:02Z	cpt_Qwen2.5-0.5B_r1ctrl_seed42	step281	9207808	31042509	dev	code	NA	NA	0.484148	NA	NA	166725d0694747ccb46eb4883e0a96e6cece0873	56b9dcb52635a2c491fa014f843d56dedd51118f64821762606f208bd2d561fc
2026-09-14T05:45:55Z	cpt_Qwen2.5-0.5B_r1ctrl_seed42	step290	9502720	32030208	dev	ko	NA	NA	1.146586	NA	NA	166725d0694747ccb46eb4883e0a96e6cece0873	56b9dcb52635a2c491fa014f843d56dedd51118f64821762606f208bd2d561fc
2026-09-14T05:45:55Z	cpt_Qwen2.5-0.5B_r1ctrl_seed42	step290	9502720	32030208	dev	en	NA	NA	0.827924	NA	NA	166725d0694747ccb46eb4883e0a96e6cece0873	56b9dcb52635a2c491fa014f843d56dedd51118f64821762606f208bd2d561fc
2026-09-14T05:45:55Z	cpt_Qwen2.5-0.5B_r1ctrl_seed42	step290	9502720	32030208	dev	code	NA	NA	0.484157	NA	NA	166725d0694747ccb46eb4883e0a96e6cece0873	56b9dcb52635a2c491fa014f843d56dedd51118f64821762606f208bd2d561fc
2026-09-14T05:46:50Z	cpt_Qwen2.5-0.5B_r1ctrl_seed42	step299	9797632	33020705	dev	ko	NA	NA	1.146459	NA	NA	166725d0694747ccb46eb4883e0a96e6cece0873	56b9dcb52635a2c491fa014f843d56dedd51118f64821762606f208bd2d561fc
2026-09-14T05:46:50Z	cpt_Qwen2.5-0.5B_r1ctrl_seed42	step299	9797632	33020705	dev	en	NA	NA	0.827927	NA	NA	166725d0694747ccb46eb4883e0a96e6cece0873	56b9dcb52635a2c491fa014f843d56dedd51118f64821762606f208bd2d561fc
2026-09-14T05:46:50Z	cpt_Qwen2.5-0.5B_r1ctrl_seed42	step299	9797632	33020705	dev	code	NA	NA	0.484138	NA	NA	166725d0694747ccb46eb4883e0a96e6cece0873	56b9dcb52635a2c491fa014f843d56dedd51118f64821762606f208bd2d561fc
2026-09-14T05:47:44Z	cpt_Qwen2.5-0.5B_r1ctrl_seed42	step308	10092544	34018734	dev	ko	NA	NA	1.146498	NA	NA	166725d0694747ccb46eb4883e0a96e6cece0873	56b9dcb52635a2c491fa014f843d56dedd51118f64821762606f208bd2d561fc
2026-09-14T05:47:44Z	cpt_Qwen2.5-0.5B_r1ctrl_seed42	step308	10092544	34018734	dev	en	NA	NA	0.827935	NA	NA	166725d0694747ccb46eb4883e0a96e6cece0873	56b9dcb52635a2c491fa014f843d56dedd51118f64821762606f208bd2d561fc
2026-09-14T05:47:44Z	cpt_Qwen2.5-0.5B_r1ctrl_seed42	step308	10092544	34018734	dev	code	NA	NA	0.484169	NA	NA	166725d0694747ccb46eb4883e0a96e6cece0873	56b9dcb52635a2c491fa014f843d56dedd51118f64821762606f208bd2d561fc
2026-09-14T05:48:38Z	cpt_Qwen2.5-0.5B_r1ctrl_seed42	step317	10387456	35021670	dev	ko	NA	NA	1.146446	NA	NA	166725d0694747ccb46eb4883e0a96e6cece0873	56b9dcb52635a2c491fa014f843d56dedd51118f64821762606f208bd2d561fc
2026-09-14T05:48:38Z	cpt_Qwen2.5-0.5B_r1ctrl_seed42	step317	10387456	35021670	dev	en	NA	NA	0.827974	NA	NA	166725d0694747ccb46eb4883e0a96e6cece0873	56b9dcb52635a2c491fa014f843d56dedd51118f64821762606f208bd2d561fc
2026-09-14T05:48:38Z	cpt_Qwen2.5-0.5B_r1ctrl_seed42	step317	10387456	35021670	dev	code	NA	NA	0.484134	NA	NA	166725d0694747ccb46eb4883e0a96e6cece0873	56b9dcb52635a2c491fa014f843d56dedd51118f64821762606f208bd2d561fc
2026-09-14T05:49:32Z	cpt_Qwen2.5-0.5B_r1ctrl_seed42	step326	10682368	36006644	dev	ko	NA	NA	1.146457	NA	NA	166725d0694747ccb46eb4883e0a96e6cece0873	56b9dcb52635a2c491fa014f843d56dedd51118f64821762606f208bd2d561fc
2026-09-14T05:49:32Z	cpt_Qwen2.5-0.5B_r1ctrl_seed42	step326	10682368	36006644	dev	en	NA	NA	0.82793	NA	NA	166725d0694747ccb46eb4883e0a96e6cece0873	56b9dcb52635a2c491fa014f843d56dedd51118f64821762606f208bd2d561fc
2026-09-14T05:49:32Z	cpt_Qwen2.5-0.5B_r1ctrl_seed42	step326	10682368	36006644	dev	code	NA	NA	0.484154	NA	NA	166725d0694747ccb46eb4883e0a96e6cece0873	56b9dcb52635a2c491fa014f843d56dedd51118f64821762606f208bd2d561fc
2026-09-14T05:50:26Z	cpt_Qwen2.5-0.5B_r1ctrl_seed42	step335	10977280	37005374	dev	ko	NA	NA	1.146469	NA	NA	166725d0694747ccb46eb4883e0a96e6cece0873	56b9dcb52635a2c491fa014f843d56dedd51118f64821762606f208bd2d561fc
2026-09-14T05:50:26Z	cpt_Qwen2.5-0.5B_r1ctrl_seed42	step335	10977280	37005374	dev	en	NA	NA	0.827953	NA	NA	166725d0694747ccb46eb4883e0a96e6cece0873	56b9dcb52635a2c491fa014f843d56dedd51118f64821762606f208bd2d561fc
2026-09-14T05:50:26Z	cpt_Qwen2.5-0.5B_r1ctrl_seed42	step335	10977280	37005374	dev	code	NA	NA	0.484162	NA	NA	166725d0694747ccb46eb4883e0a96e6cece0873	56b9dcb52635a2c491fa014f843d56dedd51118f64821762606f208bd2d561fc
2026-09-14T05:51:19Z	cpt_Qwen2.5-0.5B_r1ctrl_seed42	step344	11272192	38011382	dev	ko	NA	NA	1.146441	NA	NA	166725d0694747ccb46eb4883e0a96e6cece0873	56b9dcb52635a2c491fa014f843d56dedd51118f64821762606f208bd2d561fc
2026-09-14T05:51:19Z	cpt_Qwen2.5-0.5B_r1ctrl_seed42	step344	11272192	38011382	dev	en	NA	NA	0.827898	NA	NA	166725d0694747ccb46eb4883e0a96e6cece0873	56b9dcb52635a2c491fa014f843d56dedd51118f64821762606f208bd2d561fc
2026-09-14T05:51:19Z	cpt_Qwen2.5-0.5B_r1ctrl_seed42	step344	11272192	38011382	dev	code	NA	NA	0.484098	NA	NA	166725d0694747ccb46eb4883e0a96e6cece0873	56b9dcb52635a2c491fa014f843d56dedd51118f64821762606f208bd2d561fc
2026-09-14T05:52:13Z	cpt_Qwen2.5-0.5B_r1ctrl_seed42	step353	11567104	39029394	dev	ko	NA	NA	1.146464	NA	NA	166725d0694747ccb46eb4883e0a96e6cece0873	56b9dcb52635a2c491fa014f843d56dedd51118f64821762606f208bd2d561fc
2026-09-14T05:52:13Z	cpt_Qwen2.5-0.5B_r1ctrl_seed42	step353	11567104	39029394	dev	en	NA	NA	0.827959	NA	NA	166725d0694747ccb46eb4883e0a96e6cece0873	56b9dcb52635a2c491fa014f843d56dedd51118f64821762606f208bd2d561fc
2026-09-14T05:52:13Z	cpt_Qwen2.5-0.5B_r1ctrl_seed42	step353	11567104	39029394	dev	code	NA	NA	0.484165	NA	NA	166725d0694747ccb46eb4883e0a96e6cece0873	56b9dcb52635a2c491fa014f843d56dedd51118f64821762606f208bd2d561fc
2026-09-14T05:53:05Z	cpt_Qwen2.5-0.5B_r1ctrl_seed42	final	11857920	40006921	dev	ko	NA	NA	1.146431	NA	NA	166725d0694747ccb46eb4883e0a96e6cece0873	56b9dcb52635a2c491fa014f843d56dedd51118f64821762606f208bd2d561fc
2026-09-14T05:53:05Z	cpt_Qwen2.5-0.5B_r1ctrl_seed42	final	11857920	40006921	dev	en	NA	NA	0.827927	NA	NA	166725d0694747ccb46eb4883e0a96e6cece0873	56b9dcb52635a2c491fa014f843d56dedd51118f64821762606f208bd2d561fc
2026-09-14T05:53:05Z	cpt_Qwen2.5-0.5B_r1ctrl_seed42	final	11857920	40006921	dev	code	NA	NA	0.484128	NA	NA	166725d0694747ccb46eb4883e0a96e6cece0873	56b9dcb52635a2c491fa014f843d56dedd51118f64821762606f208bd2d561fc
2026-09-14T06:15:49Z	cpt_kot2b_v2_n30000_mean_r1base_seed42	step0	0	0	dev	ko	NA	NA	2.380758	NA	NA	5803a18d7a0cffaefb4ee90db283d9e5dc113b0f	e4f0cba5360b93c1d68e1b010a68ce58786160428d9afc911ec3cb9f00f62a29
2026-09-14T06:15:49Z	cpt_kot2b_v2_n30000_mean_r1base_seed42	step0	0	0	dev	en	NA	NA	0.828535	NA	NA	5803a18d7a0cffaefb4ee90db283d9e5dc113b0f	e4f0cba5360b93c1d68e1b010a68ce58786160428d9afc911ec3cb9f00f62a29
2026-09-14T06:15:49Z	cpt_kot2b_v2_n30000_mean_r1base_seed42	step0	0	0	dev	code	NA	NA	0.487109	NA	NA	5803a18d7a0cffaefb4ee90db283d9e5dc113b0f	e4f0cba5360b93c1d68e1b010a68ce58786160428d9afc911ec3cb9f00f62a29
2026-09-14T06:16:46Z	cpt_kot2b_v2_n30000_mean_r1base_seed42	step7	229376	1100077	dev	ko	NA	NA	2.157643	NA	NA	5803a18d7a0cffaefb4ee90db283d9e5dc113b0f	e4f0cba5360b93c1d68e1b010a68ce58786160428d9afc911ec3cb9f00f62a29
2026-09-14T06:16:46Z	cpt_kot2b_v2_n30000_mean_r1base_seed42	step7	229376	1100077	dev	en	NA	NA	0.829843	NA	NA	5803a18d7a0cffaefb4ee90db283d9e5dc113b0f	e4f0cba5360b93c1d68e1b010a68ce58786160428d9afc911ec3cb9f00f62a29
2026-09-14T06:16:46Z	cpt_kot2b_v2_n30000_mean_r1base_seed42	step7	229376	1100077	dev	code	NA	NA	0.487898	NA	NA	5803a18d7a0cffaefb4ee90db283d9e5dc113b0f	e4f0cba5360b93c1d68e1b010a68ce58786160428d9afc911ec3cb9f00f62a29
2026-09-14T06:17:27Z	cpt_kot2b_v2_n30000_mean_r1base_seed42	step13	425984	2059544	dev	ko	NA	NA	2.061039	NA	NA	5803a18d7a0cffaefb4ee90db283d9e5dc113b0f	e4f0cba5360b93c1d68e1b010a68ce58786160428d9afc911ec3cb9f00f62a29
2026-09-14T06:17:27Z	cpt_kot2b_v2_n30000_mean_r1base_seed42	step13	425984	2059544	dev	en	NA	NA	0.832183	NA	NA	5803a18d7a0cffaefb4ee90db283d9e5dc113b0f	e4f0cba5360b93c1d68e1b010a68ce58786160428d9afc911ec3cb9f00f62a29
2026-09-14T06:17:27Z	cpt_kot2b_v2_n30000_mean_r1base_seed42	step13	425984	2059544	dev	code	NA	NA	0.489491	NA	NA	5803a18d7a0cffaefb4ee90db283d9e5dc113b0f	e4f0cba5360b93c1d68e1b010a68ce58786160428d9afc911ec3cb9f00f62a29
2026-09-14T06:18:09Z	cpt_kot2b_v2_n30000_mean_r1base_seed42	step19	622592	3003672	dev	ko	NA	NA	1.999323	NA	NA	5803a18d7a0cffaefb4ee90db283d9e5dc113b0f	e4f0cba5360b93c1d68e1b010a68ce58786160428d9afc911ec3cb9f00f62a29
2026-09-14T06:18:09Z	cpt_kot2b_v2_n30000_mean_r1base_seed42	step19	622592	3003672	dev	en	NA	NA	0.832641	NA	NA	5803a18d7a0cffaefb4ee90db283d9e5dc113b0f	e4f0cba5360b93c1d68e1b010a68ce58786160428d9afc911ec3cb9f00f62a29
2026-09-14T06:18:09Z	cpt_kot2b_v2_n30000_mean_r1base_seed42	step19	622592	3003672	dev	code	NA	NA	0.48965	NA	NA	5803a18d7a0cffaefb4ee90db283d9e5dc113b0f	e4f0cba5360b93c1d68e1b010a68ce58786160428d9afc911ec3cb9f00f62a29
2026-09-14T06:18:56Z	cpt_kot2b_v2_n30000_mean_r1base_seed42	step26	851968	4104762	dev	ko	NA	NA	1.95151	NA	NA	5803a18d7a0cffaefb4ee90db283d9e5dc113b0f	e4f0cba5360b93c1d68e1b010a68ce58786160428d9afc911ec3cb9f00f62a29
2026-09-14T06:18:56Z	cpt_kot2b_v2_n30000_mean_r1base_seed42	step26	851968	4104762	dev	en	NA	NA	0.832711	NA	NA	5803a18d7a0cffaefb4ee90db283d9e5dc113b0f	e4f0cba5360b93c1d68e1b010a68ce58786160428d9afc911ec3cb9f00f62a29
2026-09-14T06:18:57Z	cpt_kot2b_v2_n30000_mean_r1base_seed42	step26	851968	4104762	dev	code	NA	NA	0.489888	NA	NA	5803a18d7a0cffaefb4ee90db283d9e5dc113b0f	e4f0cba5360b93c1d68e1b010a68ce58786160428d9afc911ec3cb9f00f62a29
2026-09-14T06:19:38Z	cpt_kot2b_v2_n30000_mean_r1base_seed42	step32	1048576	5056857	dev	ko	NA	NA	1.920432	NA	NA	5803a18d7a0cffaefb4ee90db283d9e5dc113b0f	e4f0cba5360b93c1d68e1b010a68ce58786160428d9afc911ec3cb9f00f62a29
2026-09-14T06:19:38Z	cpt_kot2b_v2_n30000_mean_r1base_seed42	step32	1048576	5056857	dev	en	NA	NA	0.833057	NA	NA	5803a18d7a0cffaefb4ee90db283d9e5dc113b0f	e4f0cba5360b93c1d68e1b010a68ce58786160428d9afc911ec3cb9f00f62a29
2026-09-14T06:19:38Z	cpt_kot2b_v2_n30000_mean_r1base_seed42	step32	1048576	5056857	dev	code	NA	NA	0.490264	NA	NA	5803a18d7a0cffaefb4ee90db283d9e5dc113b0f	e4f0cba5360b93c1d68e1b010a68ce58786160428d9afc911ec3cb9f00f62a29
2026-09-14T06:20:20Z	cpt_kot2b_v2_n30000_mean_r1base_seed42	step38	1245184	6002662	dev	ko	NA	NA	1.896332	NA	NA	5803a18d7a0cffaefb4ee90db283d9e5dc113b0f	e4f0cba5360b93c1d68e1b010a68ce58786160428d9afc911ec3cb9f00f62a29
2026-09-14T06:20:20Z	cpt_kot2b_v2_n30000_mean_r1base_seed42	step38	1245184	6002662	dev	en	NA	NA	0.833339	NA	NA	5803a18d7a0cffaefb4ee90db283d9e5dc113b0f	e4f0cba5360b93c1d68e1b010a68ce58786160428d9afc911ec3cb9f00f62a29
2026-09-14T06:20:20Z	cpt_kot2b_v2_n30000_mean_r1base_seed42	step38	1245184	6002662	dev	code	NA	NA	0.490669	NA	NA	5803a18d7a0cffaefb4ee90db283d9e5dc113b0f	e4f0cba5360b93c1d68e1b010a68ce58786160428d9afc911ec3cb9f00f62a29
2026-09-14T06:21:05Z	cpt_kot2b_v2_n30000_mean_r1base_seed42	step45	1474560	7098660	dev	ko	NA	NA	1.873506	NA	NA	5803a18d7a0cffaefb4ee90db283d9e5dc113b0f	e4f0cba5360b93c1d68e1b010a68ce58786160428d9afc911ec3cb9f00f62a29
2026-09-14T06:21:06Z	cpt_kot2b_v2_n30000_mean_r1base_seed42	step45	1474560	7098660	dev	en	NA	NA	0.833452	NA	NA	5803a18d7a0cffaefb4ee90db283d9e5dc113b0f	e4f0cba5360b93c1d68e1b010a68ce58786160428d9afc911ec3cb9f00f62a29
2026-09-14T06:21:06Z	cpt_kot2b_v2_n30000_mean_r1base_seed42	step45	1474560	7098660	dev	code	NA	NA	0.490781	NA	NA	5803a18d7a0cffaefb4ee90db283d9e5dc113b0f	e4f0cba5360b93c1d68e1b010a68ce58786160428d9afc911ec3cb9f00f62a29
2026-09-14T06:21:49Z	cpt_kot2b_v2_n30000_mean_r1base_seed42	step51	1671168	8047545	dev	ko	NA	NA	1.857282	NA	NA	5803a18d7a0cffaefb4ee90db283d9e5dc113b0f	e4f0cba5360b93c1d68e1b010a68ce58786160428d9afc911ec3cb9f00f62a29
2026-09-14T06:21:49Z	cpt_kot2b_v2_n30000_mean_r1base_seed42	step51	1671168	8047545	dev	en	NA	NA	0.833399	NA	NA	5803a18d7a0cffaefb4ee90db283d9e5dc113b0f	e4f0cba5360b93c1d68e1b010a68ce58786160428d9afc911ec3cb9f00f62a29
2026-09-14T06:21:49Z	cpt_kot2b_v2_n30000_mean_r1base_seed42	step51	1671168	8047545	dev	code	NA	NA	0.490845	NA	NA	5803a18d7a0cffaefb4ee90db283d9e5dc113b0f	e4f0cba5360b93c1d68e1b010a68ce58786160428d9afc911ec3cb9f00f62a29
2026-09-14T06:22:34Z	cpt_kot2b_v2_n30000_mean_r1base_seed42	step58	1900544	9150308	dev	ko	NA	NA	1.84156	NA	NA	5803a18d7a0cffaefb4ee90db283d9e5dc113b0f	e4f0cba5360b93c1d68e1b010a68ce58786160428d9afc911ec3cb9f00f62a29
2026-09-14T06:22:34Z	cpt_kot2b_v2_n30000_mean_r1base_seed42	step58	1900544	9150308	dev	en	NA	NA	0.833421	NA	NA	5803a18d7a0cffaefb4ee90db283d9e5dc113b0f	e4f0cba5360b93c1d68e1b010a68ce58786160428d9afc911ec3cb9f00f62a29
2026-09-14T06:22:34Z	cpt_kot2b_v2_n30000_mean_r1base_seed42	step58	1900544	9150308	dev	code	NA	NA	0.490804	NA	NA	5803a18d7a0cffaefb4ee90db283d9e5dc113b0f	e4f0cba5360b93c1d68e1b010a68ce58786160428d9afc911ec3cb9f00f62a29
2026-09-14T06:23:17Z	cpt_kot2b_v2_n30000_mean_r1base_seed42	step64	2097152	10093779	dev	ko	NA	NA	1.830365	NA	NA	5803a18d7a0cffaefb4ee90db283d9e5dc113b0f	e4f0cba5360b93c1d68e1b010a68ce58786160428d9afc911ec3cb9f00f62a29
2026-09-14T06:23:17Z	cpt_kot2b_v2_n30000_mean_r1base_seed42	step64	2097152	10093779	dev	en	NA	NA	0.833547	NA	NA	5803a18d7a0cffaefb4ee90db283d9e5dc113b0f	e4f0cba5360b93c1d68e1b010a68ce58786160428d9afc911ec3cb9f00f62a29
2026-09-14T06:23:17Z	cpt_kot2b_v2_n30000_mean_r1base_seed42	step64	2097152	10093779	dev	code	NA	NA	0.490782	NA	NA	5803a18d7a0cffaefb4ee90db283d9e5dc113b0f	e4f0cba5360b93c1d68e1b010a68ce58786160428d9afc911ec3cb9f00f62a29
2026-09-14T06:24:00Z	cpt_kot2b_v2_n30000_mean_r1base_seed42	step70	2293760	11053338	dev	ko	NA	NA	1.820691	NA	NA	5803a18d7a0cffaefb4ee90db283d9e5dc113b0f	e4f0cba5360b93c1d68e1b010a68ce58786160428d9afc911ec3cb9f00f62a29
2026-09-14T06:24:00Z	cpt_kot2b_v2_n30000_mean_r1base_seed42	step70	2293760	11053338	dev	en	NA	NA	0.833709	NA	NA	5803a18d7a0cffaefb4ee90db283d9e5dc113b0f	e4f0cba5360b93c1d68e1b010a68ce58786160428d9afc911ec3cb9f00f62a29
2026-09-14T06:24:00Z	cpt_kot2b_v2_n30000_mean_r1base_seed42	step70	2293760	11053338	dev	code	NA	NA	0.490817	NA	NA	5803a18d7a0cffaefb4ee90db283d9e5dc113b0f	e4f0cba5360b93c1d68e1b010a68ce58786160428d9afc911ec3cb9f00f62a29
2026-09-14T06:24:42Z	cpt_kot2b_v2_n30000_mean_r1base_seed42	step76	2490368	12001463	dev	ko	NA	NA	1.812224	NA	NA	5803a18d7a0cffaefb4ee90db283d9e5dc113b0f	e4f0cba5360b93c1d68e1b010a68ce58786160428d9afc911ec3cb9f00f62a29
2026-09-14T06:24:42Z	cpt_kot2b_v2_n30000_mean_r1base_seed42	step76	2490368	12001463	dev	en	NA	NA	0.833754	NA	NA	5803a18d7a0cffaefb4ee90db283d9e5dc113b0f	e4f0cba5360b93c1d68e1b010a68ce58786160428d9afc911ec3cb9f00f62a29
2026-09-14T06:24:42Z	cpt_kot2b_v2_n30000_mean_r1base_seed42	step76	2490368	12001463	dev	code	NA	NA	0.490966	NA	NA	5803a18d7a0cffaefb4ee90db283d9e5dc113b0f	e4f0cba5360b93c1d68e1b010a68ce58786160428d9afc911ec3cb9f00f62a29
2026-09-14T06:25:28Z	cpt_kot2b_v2_n30000_mean_r1base_seed42	step83	2719744	13104303	dev	ko	NA	NA	1.80363	NA	NA	5803a18d7a0cffaefb4ee90db283d9e5dc113b0f	e4f0cba5360b93c1d68e1b010a68ce58786160428d9afc911ec3cb9f00f62a29
2026-09-14T06:25:28Z	cpt_kot2b_v2_n30000_mean_r1base_seed42	step83	2719744	13104303	dev	en	NA	NA	0.833914	NA	NA	5803a18d7a0cffaefb4ee90db283d9e5dc113b0f	e4f0cba5360b93c1d68e1b010a68ce58786160428d9afc911ec3cb9f00f62a29
2026-09-14T06:25:28Z	cpt_kot2b_v2_n30000_mean_r1base_seed42	step83	2719744	13104303	dev	code	NA	NA	0.491063	NA	NA	5803a18d7a0cffaefb4ee90db283d9e5dc113b0f	e4f0cba5360b93c1d68e1b010a68ce58786160428d9afc911ec3cb9f00f62a29
2026-09-14T06:26:10Z	cpt_kot2b_v2_n30000_mean_r1base_seed42	step89	2916352	14044296	dev	ko	NA	NA	1.797241	NA	NA	5803a18d7a0cffaefb4ee90db283d9e5dc113b0f	e4f0cba5360b93c1d68e1b010a68ce58786160428d9afc911ec3cb9f00f62a29
2026-09-14T06:26:10Z	cpt_kot2b_v2_n30000_mean_r1base_seed42	step89	2916352	14044296	dev	en	NA	NA	0.833917	NA	NA	5803a18d7a0cffaefb4ee90db283d9e5dc113b0f	e4f0cba5360b93c1d68e1b010a68ce58786160428d9afc911ec3cb9f00f62a29
2026-09-14T06:26:10Z	cpt_kot2b_v2_n30000_mean_r1base_seed42	step89	2916352	14044296	dev	code	NA	NA	0.491105	NA	NA	5803a18d7a0cffaefb4ee90db283d9e5dc113b0f	e4f0cba5360b93c1d68e1b010a68ce58786160428d9afc911ec3cb9f00f62a29
2026-09-14T06:26:56Z	cpt_kot2b_v2_n30000_mean_r1base_seed42	step96	3145728	15128003	dev	ko	NA	NA	1.79067	NA	NA	5803a18d7a0cffaefb4ee90db283d9e5dc113b0f	e4f0cba5360b93c1d68e1b010a68ce58786160428d9afc911ec3cb9f00f62a29
2026-09-14T06:26:56Z	cpt_kot2b_v2_n30000_mean_r1base_seed42	step96	3145728	15128003	dev	en	NA	NA	0.833935	NA	NA	5803a18d7a0cffaefb4ee90db283d9e5dc113b0f	e4f0cba5360b93c1d68e1b010a68ce58786160428d9afc911ec3cb9f00f62a29
2026-09-14T06:26:56Z	cpt_kot2b_v2_n30000_mean_r1base_seed42	step96	3145728	15128003	dev	code	NA	NA	0.491115	NA	NA	5803a18d7a0cffaefb4ee90db283d9e5dc113b0f	e4f0cba5360b93c1d68e1b010a68ce58786160428d9afc911ec3cb9f00f62a29
2026-09-14T06:27:39Z	cpt_kot2b_v2_n30000_mean_r1base_seed42	step102	3342336	16075724	dev	ko	NA	NA	1.785565	NA	NA	5803a18d7a0cffaefb4ee90db283d9e5dc113b0f	e4f0cba5360b93c1d68e1b010a68ce58786160428d9afc911ec3cb9f00f62a29
2026-09-14T06:27:39Z	cpt_kot2b_v2_n30000_mean_r1base_seed42	step102	3342336	16075724	dev	en	NA	NA	0.833979	NA	NA	5803a18d7a0cffaefb4ee90db283d9e5dc113b0f	e4f0cba5360b93c1d68e1b010a68ce58786160428d9afc911ec3cb9f00f62a29
2026-09-14T06:27:39Z	cpt_kot2b_v2_n30000_mean_r1base_seed42	step102	3342336	16075724	dev	code	NA	NA	0.491158	NA	NA	5803a18d7a0cffaefb4ee90db283d9e5dc113b0f	e4f0cba5360b93c1d68e1b010a68ce58786160428d9afc911ec3cb9f00f62a29
2026-09-14T06:28:20Z	cpt_kot2b_v2_n30000_mean_r1base_seed42	step108	3538944	17008608	dev	ko	NA	NA	1.78168	NA	NA	5803a18d7a0cffaefb4ee90db283d9e5dc113b0f	e4f0cba5360b93c1d68e1b010a68ce58786160428d9afc911ec3cb9f00f62a29
2026-09-14T06:28:20Z	cpt_kot2b_v2_n30000_mean_r1base_seed42	step108	3538944	17008608	dev	en	NA	NA	0.833981	NA	NA	5803a18d7a0cffaefb4ee90db283d9e5dc113b0f	e4f0cba5360b93c1d68e1b010a68ce58786160428d9afc911ec3cb9f00f62a29
2026-09-14T06:28:20Z	cpt_kot2b_v2_n30000_mean_r1base_seed42	step108	3538944	17008608	dev	code	NA	NA	0.491234	NA	NA	5803a18d7a0cffaefb4ee90db283d9e5dc113b0f	e4f0cba5360b93c1d68e1b010a68ce58786160428d9afc911ec3cb9f00f62a29
2026-09-14T06:29:06Z	cpt_kot2b_v2_n30000_mean_r1base_seed42	step115	3768320	18130220	dev	ko	NA	NA	1.77718	NA	NA	5803a18d7a0cffaefb4ee90db283d9e5dc113b0f	e4f0cba5360b93c1d68e1b010a68ce58786160428d9afc911ec3cb9f00f62a29
2026-09-14T06:29:06Z	cpt_kot2b_v2_n30000_mean_r1base_seed42	step115	3768320	18130220	dev	en	NA	NA	0.834087	NA	NA	5803a18d7a0cffaefb4ee90db283d9e5dc113b0f	e4f0cba5360b93c1d68e1b010a68ce58786160428d9afc911ec3cb9f00f62a29
2026-09-14T06:29:06Z	cpt_kot2b_v2_n30000_mean_r1base_seed42	step115	3768320	18130220	dev	code	NA	NA	0.491262	NA	NA	5803a18d7a0cffaefb4ee90db283d9e5dc113b0f	e4f0cba5360b93c1d68e1b010a68ce58786160428d9afc911ec3cb9f00f62a29
2026-09-14T06:29:47Z	cpt_kot2b_v2_n30000_mean_r1base_seed42	step121	3964928	19091312	dev	ko	NA	NA	1.773663	NA	NA	5803a18d7a0cffaefb4ee90db283d9e5dc113b0f	e4f0cba5360b93c1d68e1b010a68ce58786160428d9afc911ec3cb9f00f62a29
2026-09-14T06:29:47Z	cpt_kot2b_v2_n30000_mean_r1base_seed42	step121	3964928	19091312	dev	en	NA	NA	0.834108	NA	NA	5803a18d7a0cffaefb4ee90db283d9e5dc113b0f	e4f0cba5360b93c1d68e1b010a68ce58786160428d9afc911ec3cb9f00f62a29
2026-09-14T06:29:47Z	cpt_kot2b_v2_n30000_mean_r1base_seed42	step121	3964928	19091312	dev	code	NA	NA	0.491299	NA	NA	5803a18d7a0cffaefb4ee90db283d9e5dc113b0f	e4f0cba5360b93c1d68e1b010a68ce58786160428d9afc911ec3cb9f00f62a29
2026-09-14T06:30:31Z	cpt_kot2b_v2_n30000_mean_r1base_seed42	step127	4161536	20058975	dev	ko	NA	NA	1.770571	NA	NA	5803a18d7a0cffaefb4ee90db283d9e5dc113b0f	e4f0cba5360b93c1d68e1b010a68ce58786160428d9afc911ec3cb9f00f62a29
2026-09-14T06:30:31Z	cpt_kot2b_v2_n30000_mean_r1base_seed42	step127	4161536	20058975	dev	en	NA	NA	0.834195	NA	NA	5803a18d7a0cffaefb4ee90db283d9e5dc113b0f	e4f0cba5360b93c1d68e1b010a68ce58786160428d9afc911ec3cb9f00f62a29
2026-09-14T06:30:31Z	cpt_kot2b_v2_n30000_mean_r1base_seed42	step127	4161536	20058975	dev	code	NA	NA	0.491317	NA	NA	5803a18d7a0cffaefb4ee90db283d9e5dc113b0f	e4f0cba5360b93c1d68e1b010a68ce58786160428d9afc911ec3cb9f00f62a29
2026-09-14T06:31:13Z	cpt_kot2b_v2_n30000_mean_r1base_seed42	step133	4358144	21023382	dev	ko	NA	NA	1.767933	NA	NA	5803a18d7a0cffaefb4ee90db283d9e5dc113b0f	e4f0cba5360b93c1d68e1b010a68ce58786160428d9afc911ec3cb9f00f62a29
2026-09-14T06:31:13Z	cpt_kot2b_v2_n30000_mean_r1base_seed42	step133	4358144	21023382	dev	en	NA	NA	0.834205	NA	NA	5803a18d7a0cffaefb4ee90db283d9e5dc113b0f	e4f0cba5360b93c1d68e1b010a68ce58786160428d9afc911ec3cb9f00f62a29
2026-09-14T06:31:13Z	cpt_kot2b_v2_n30000_mean_r1base_seed42	step133	4358144	21023382	dev	code	NA	NA	0.491375	NA	NA	5803a18d7a0cffaefb4ee90db283d9e5dc113b0f	e4f0cba5360b93c1d68e1b010a68ce58786160428d9afc911ec3cb9f00f62a29
2026-09-14T06:31:59Z	cpt_kot2b_v2_n30000_mean_r1base_seed42	step140	4587520	22128477	dev	ko	NA	NA	1.765346	NA	NA	5803a18d7a0cffaefb4ee90db283d9e5dc113b0f	e4f0cba5360b93c1d68e1b010a68ce58786160428d9afc911ec3cb9f00f62a29
2026-09-14T06:31:59Z	cpt_kot2b_v2_n30000_mean_r1base_seed42	step140	4587520	22128477	dev	en	NA	NA	0.834229	NA	NA	5803a18d7a0cffaefb4ee90db283d9e5dc113b0f	e4f0cba5360b93c1d68e1b010a68ce58786160428d9afc911ec3cb9f00f62a29
2026-09-14T06:31:59Z	cpt_kot2b_v2_n30000_mean_r1base_seed42	step140	4587520	22128477	dev	code	NA	NA	0.491403	NA	NA	5803a18d7a0cffaefb4ee90db283d9e5dc113b0f	e4f0cba5360b93c1d68e1b010a68ce58786160428d9afc911ec3cb9f00f62a29
2026-09-14T06:32:42Z	cpt_kot2b_v2_n30000_mean_r1base_seed42	step146	4784128	23091710	dev	ko	NA	NA	1.763467	NA	NA	5803a18d7a0cffaefb4ee90db283d9e5dc113b0f	e4f0cba5360b93c1d68e1b010a68ce58786160428d9afc911ec3cb9f00f62a29
2026-09-14T06:32:42Z	cpt_kot2b_v2_n30000_mean_r1base_seed42	step146	4784128	23091710	dev	en	NA	NA	0.83416	NA	NA	5803a18d7a0cffaefb4ee90db283d9e5dc113b0f	e4f0cba5360b93c1d68e1b010a68ce58786160428d9afc911ec3cb9f00f62a29
2026-09-14T06:32:42Z	cpt_kot2b_v2_n30000_mean_r1base_seed42	step146	4784128	23091710	dev	code	NA	NA	0.491426	NA	NA	5803a18d7a0cffaefb4ee90db283d9e5dc113b0f	e4f0cba5360b93c1d68e1b010a68ce58786160428d9afc911ec3cb9f00f62a29
2026-09-14T06:33:25Z	cpt_kot2b_v2_n30000_mean_r1base_seed42	step152	4980736	24034659	dev	ko	NA	NA	1.761789	NA	NA	5803a18d7a0cffaefb4ee90db283d9e5dc113b0f	e4f0cba5360b93c1d68e1b010a68ce58786160428d9afc911ec3cb9f00f62a29
2026-09-14T06:33:25Z	cpt_kot2b_v2_n30000_mean_r1base_seed42	step152	4980736	24034659	dev	en	NA	NA	0.834229	NA	NA	5803a18d7a0cffaefb4ee90db283d9e5dc113b0f	e4f0cba5360b93c1d68e1b010a68ce58786160428d9afc911ec3cb9f00f62a29
2026-09-14T06:33:25Z	cpt_kot2b_v2_n30000_mean_r1base_seed42	step152	4980736	24034659	dev	code	NA	NA	0.491441	NA	NA	5803a18d7a0cffaefb4ee90db283d9e5dc113b0f	e4f0cba5360b93c1d68e1b010a68ce58786160428d9afc911ec3cb9f00f62a29
2026-09-14T06:34:12Z	cpt_kot2b_v2_n30000_mean_r1base_seed42	step159	5210112	25134160	dev	ko	NA	NA	1.760176	NA	NA	5803a18d7a0cffaefb4ee90db283d9e5dc113b0f	e4f0cba5360b93c1d68e1b010a68ce58786160428d9afc911ec3cb9f00f62a29
2026-09-14T06:34:12Z	cpt_kot2b_v2_n30000_mean_r1base_seed42	step159	5210112	25134160	dev	en	NA	NA	0.834279	NA	NA	5803a18d7a0cffaefb4ee90db283d9e5dc113b0f	e4f0cba5360b93c1d68e1b010a68ce58786160428d9afc911ec3cb9f00f62a29
2026-09-14T06:34:12Z	cpt_kot2b_v2_n30000_mean_r1base_seed42	step159	5210112	25134160	dev	code	NA	NA	0.491461	NA	NA	5803a18d7a0cffaefb4ee90db283d9e5dc113b0f	e4f0cba5360b93c1d68e1b010a68ce58786160428d9afc911ec3cb9f00f62a29
2026-09-14T06:34:54Z	cpt_kot2b_v2_n30000_mean_r1base_seed42	step165	5406720	26084589	dev	ko	NA	NA	1.759018	NA	NA	5803a18d7a0cffaefb4ee90db283d9e5dc113b0f	e4f0cba5360b93c1d68e1b010a68ce58786160428d9afc911ec3cb9f00f62a29
2026-09-14T06:34:54Z	cpt_kot2b_v2_n30000_mean_r1base_seed42	step165	5406720	26084589	dev	en	NA	NA	0.834302	NA	NA	5803a18d7a0cffaefb4ee90db283d9e5dc113b0f	e4f0cba5360b93c1d68e1b010a68ce58786160428d9afc911ec3cb9f00f62a29
2026-09-14T06:34:54Z	cpt_kot2b_v2_n30000_mean_r1base_seed42	step165	5406720	26084589	dev	code	NA	NA	0.491425	NA	NA	5803a18d7a0cffaefb4ee90db283d9e5dc113b0f	e4f0cba5360b93c1d68e1b010a68ce58786160428d9afc911ec3cb9f00f62a29
2026-09-14T06:35:36Z	cpt_kot2b_v2_n30000_mean_r1base_seed42	step171	5603328	27032372	dev	ko	NA	NA	1.758019	NA	NA	5803a18d7a0cffaefb4ee90db283d9e5dc113b0f	e4f0cba5360b93c1d68e1b010a68ce58786160428d9afc911ec3cb9f00f62a29
2026-09-14T06:35:36Z	cpt_kot2b_v2_n30000_mean_r1base_seed42	step171	5603328	27032372	dev	en	NA	NA	0.834316	NA	NA	5803a18d7a0cffaefb4ee90db283d9e5dc113b0f	e4f0cba5360b93c1d68e1b010a68ce58786160428d9afc911ec3cb9f00f62a29
2026-09-14T06:35:36Z	cpt_kot2b_v2_n30000_mean_r1base_seed42	step171	5603328	27032372	dev	code	NA	NA	0.491448	NA	NA	5803a18d7a0cffaefb4ee90db283d9e5dc113b0f	e4f0cba5360b93c1d68e1b010a68ce58786160428d9afc911ec3cb9f00f62a29
2026-09-14T06:36:22Z	cpt_kot2b_v2_n30000_mean_r1base_seed42	step178	5832704	28136397	dev	ko	NA	NA	1.757089	NA	NA	5803a18d7a0cffaefb4ee90db283d9e5dc113b0f	e4f0cba5360b93c1d68e1b010a68ce58786160428d9afc911ec3cb9f00f62a29
2026-09-14T06:36:22Z	cpt_kot2b_v2_n30000_mean_r1base_seed42	step178	5832704	28136397	dev	en	NA	NA	0.834282	NA	NA	5803a18d7a0cffaefb4ee90db283d9e5dc113b0f	e4f0cba5360b93c1d68e1b010a68ce58786160428d9afc911ec3cb9f00f62a29
2026-09-14T06:36:23Z	cpt_kot2b_v2_n30000_mean_r1base_seed42	step178	5832704	28136397	dev	code	NA	NA	0.491472	NA	NA	5803a18d7a0cffaefb4ee90db283d9e5dc113b0f	e4f0cba5360b93c1d68e1b010a68ce58786160428d9afc911ec3cb9f00f62a29
2026-09-14T06:37:04Z	cpt_kot2b_v2_n30000_mean_r1base_seed42	step184	6029312	29081552	dev	ko	NA	NA	1.756416	NA	NA	5803a18d7a0cffaefb4ee90db283d9e5dc113b0f	e4f0cba5360b93c1d68e1b010a68ce58786160428d9afc911ec3cb9f00f62a29
2026-09-14T06:37:04Z	cpt_kot2b_v2_n30000_mean_r1base_seed42	step184	6029312	29081552	dev	en	NA	NA	0.8343	NA	NA	5803a18d7a0cffaefb4ee90db283d9e5dc113b0f	e4f0cba5360b93c1d68e1b010a68ce58786160428d9afc911ec3cb9f00f62a29
2026-09-14T06:37:04Z	cpt_kot2b_v2_n30000_mean_r1base_seed42	step184	6029312	29081552	dev	code	NA	NA	0.49148	NA	NA	5803a18d7a0cffaefb4ee90db283d9e5dc113b0f	e4f0cba5360b93c1d68e1b010a68ce58786160428d9afc911ec3cb9f00f62a29
2026-09-14T06:37:46Z	cpt_kot2b_v2_n30000_mean_r1base_seed42	step190	6225920	30019521	dev	ko	NA	NA	1.755863	NA	NA	5803a18d7a0cffaefb4ee90db283d9e5dc113b0f	e4f0cba5360b93c1d68e1b010a68ce58786160428d9afc911ec3cb9f00f62a29
2026-09-14T06:37:46Z	cpt_kot2b_v2_n30000_mean_r1base_seed42	step190	6225920	30019521	dev	en	NA	NA	0.83432	NA	NA	5803a18d7a0cffaefb4ee90db283d9e5dc113b0f	e4f0cba5360b93c1d68e1b010a68ce58786160428d9afc911ec3cb9f00f62a29
2026-09-14T06:37:46Z	cpt_kot2b_v2_n30000_mean_r1base_seed42	step190	6225920	30019521	dev	code	NA	NA	0.491495	NA	NA	5803a18d7a0cffaefb4ee90db283d9e5dc113b0f	e4f0cba5360b93c1d68e1b010a68ce58786160428d9afc911ec3cb9f00f62a29
2026-09-14T06:38:33Z	cpt_kot2b_v2_n30000_mean_r1base_seed42	step197	6455296	31133577	dev	ko	NA	NA	1.755403	NA	NA	5803a18d7a0cffaefb4ee90db283d9e5dc113b0f	e4f0cba5360b93c1d68e1b010a68ce58786160428d9afc911ec3cb9f00f62a29
2026-09-14T06:38:33Z	cpt_kot2b_v2_n30000_mean_r1base_seed42	step197	6455296	31133577	dev	en	NA	NA	0.834354	NA	NA	5803a18d7a0cffaefb4ee90db283d9e5dc113b0f	e4f0cba5360b93c1d68e1b010a68ce58786160428d9afc911ec3cb9f00f62a29
2026-09-14T06:38:33Z	cpt_kot2b_v2_n30000_mean_r1base_seed42	step197	6455296	31133577	dev	code	NA	NA	0.491477	NA	NA	5803a18d7a0cffaefb4ee90db283d9e5dc113b0f	e4f0cba5360b93c1d68e1b010a68ce58786160428d9afc911ec3cb9f00f62a29
2026-09-14T06:39:16Z	cpt_kot2b_v2_n30000_mean_r1base_seed42	step203	6651904	32078381	dev	ko	NA	NA	1.755053	NA	NA	5803a18d7a0cffaefb4ee90db283d9e5dc113b0f	e4f0cba5360b93c1d68e1b010a68ce58786160428d9afc911ec3cb9f00f62a29
2026-09-14T06:39:16Z	cpt_kot2b_v2_n30000_mean_r1base_seed42	step203	6651904	32078381	dev	en	NA	NA	0.83435	NA	NA	5803a18d7a0cffaefb4ee90db283d9e5dc113b0f	e4f0cba5360b93c1d68e1b010a68ce58786160428d9afc911ec3cb9f00f62a29
2026-09-14T06:39:16Z	cpt_kot2b_v2_n30000_mean_r1base_seed42	step203	6651904	32078381	dev	code	NA	NA	0.491507	NA	NA	5803a18d7a0cffaefb4ee90db283d9e5dc113b0f	e4f0cba5360b93c1d68e1b010a68ce58786160428d9afc911ec3cb9f00f62a29
2026-09-14T06:39:58Z	cpt_kot2b_v2_n30000_mean_r1base_seed42	step209	6848512	33027635	dev	ko	NA	NA	1.754811	NA	NA	5803a18d7a0cffaefb4ee90db283d9e5dc113b0f	e4f0cba5360b93c1d68e1b010a68ce58786160428d9afc911ec3cb9f00f62a29
2026-09-14T06:39:58Z	cpt_kot2b_v2_n30000_mean_r1base_seed42	step209	6848512	33027635	dev	en	NA	NA	0.834323	NA	NA	5803a18d7a0cffaefb4ee90db283d9e5dc113b0f	e4f0cba5360b93c1d68e1b010a68ce58786160428d9afc911ec3cb9f00f62a29
2026-09-14T06:39:58Z	cpt_kot2b_v2_n30000_mean_r1base_seed42	step209	6848512	33027635	dev	code	NA	NA	0.491557	NA	NA	5803a18d7a0cffaefb4ee90db283d9e5dc113b0f	e4f0cba5360b93c1d68e1b010a68ce58786160428d9afc911ec3cb9f00f62a29
2026-09-14T06:40:43Z	cpt_kot2b_v2_n30000_mean_r1base_seed42	step216	7077888	34137674	dev	ko	NA	NA	1.754617	NA	NA	5803a18d7a0cffaefb4ee90db283d9e5dc113b0f	e4f0cba5360b93c1d68e1b010a68ce58786160428d9afc911ec3cb9f00f62a29
2026-09-14T06:40:43Z	cpt_kot2b_v2_n30000_mean_r1base_seed42	step216	7077888	34137674	dev	en	NA	NA	0.834308	NA	NA	5803a18d7a0cffaefb4ee90db283d9e5dc113b0f	e4f0cba5360b93c1d68e1b010a68ce58786160428d9afc911ec3cb9f00f62a29
2026-09-14T06:40:43Z	cpt_kot2b_v2_n30000_mean_r1base_seed42	step216	7077888	34137674	dev	code	NA	NA	0.49152	NA	NA	5803a18d7a0cffaefb4ee90db283d9e5dc113b0f	e4f0cba5360b93c1d68e1b010a68ce58786160428d9afc911ec3cb9f00f62a29
2026-09-14T06:41:25Z	cpt_kot2b_v2_n30000_mean_r1base_seed42	step222	7274496	35092915	dev	ko	NA	NA	1.754399	NA	NA	5803a18d7a0cffaefb4ee90db283d9e5dc113b0f	e4f0cba5360b93c1d68e1b010a68ce58786160428d9afc911ec3cb9f00f62a29
2026-09-14T06:41:25Z	cpt_kot2b_v2_n30000_mean_r1base_seed42	step222	7274496	35092915	dev	en	NA	NA	0.834349	NA	NA	5803a18d7a0cffaefb4ee90db283d9e5dc113b0f	e4f0cba5360b93c1d68e1b010a68ce58786160428d9afc911ec3cb9f00f62a29
2026-09-14T06:41:25Z	cpt_kot2b_v2_n30000_mean_r1base_seed42	step222	7274496	35092915	dev	code	NA	NA	0.491485	NA	NA	5803a18d7a0cffaefb4ee90db283d9e5dc113b0f	e4f0cba5360b93c1d68e1b010a68ce58786160428d9afc911ec3cb9f00f62a29
2026-09-14T06:42:08Z	cpt_kot2b_v2_n30000_mean_r1base_seed42	step228	7471104	36031409	dev	ko	NA	NA	1.754276	NA	NA	5803a18d7a0cffaefb4ee90db283d9e5dc113b0f	e4f0cba5360b93c1d68e1b010a68ce58786160428d9afc911ec3cb9f00f62a29
2026-09-14T06:42:08Z	cpt_kot2b_v2_n30000_mean_r1base_seed42	step228	7471104	36031409	dev	en	NA	NA	0.834346	NA	NA	5803a18d7a0cffaefb4ee90db283d9e5dc113b0f	e4f0cba5360b93c1d68e1b010a68ce58786160428d9afc911ec3cb9f00f62a29
2026-09-14T06:42:08Z	cpt_kot2b_v2_n30000_mean_r1base_seed42	step228	7471104	36031409	dev	code	NA	NA	0.491496	NA	NA	5803a18d7a0cffaefb4ee90db283d9e5dc113b0f	e4f0cba5360b93c1d68e1b010a68ce58786160428d9afc911ec3cb9f00f62a29
2026-09-14T06:42:55Z	cpt_kot2b_v2_n30000_mean_r1base_seed42	step235	7700480	37144581	dev	ko	NA	NA	1.754122	NA	NA	5803a18d7a0cffaefb4ee90db283d9e5dc113b0f	e4f0cba5360b93c1d68e1b010a68ce58786160428d9afc911ec3cb9f00f62a29
2026-09-14T06:42:55Z	cpt_kot2b_v2_n30000_mean_r1base_seed42	step235	7700480	37144581	dev	en	NA	NA	0.834353	NA	NA	5803a18d7a0cffaefb4ee90db283d9e5dc113b0f	e4f0cba5360b93c1d68e1b010a68ce58786160428d9afc911ec3cb9f00f62a29
2026-09-14T06:42:55Z	cpt_kot2b_v2_n30000_mean_r1base_seed42	step235	7700480	37144581	dev	code	NA	NA	0.491548	NA	NA	5803a18d7a0cffaefb4ee90db283d9e5dc113b0f	e4f0cba5360b93c1d68e1b010a68ce58786160428d9afc911ec3cb9f00f62a29
2026-09-14T06:43:37Z	cpt_kot2b_v2_n30000_mean_r1base_seed42	step241	7897088	38110954	dev	ko	NA	NA	1.754014	NA	NA	5803a18d7a0cffaefb4ee90db283d9e5dc113b0f	e4f0cba5360b93c1d68e1b010a68ce58786160428d9afc911ec3cb9f00f62a29
2026-09-14T06:43:37Z	cpt_kot2b_v2_n30000_mean_r1base_seed42	step241	7897088	38110954	dev	en	NA	NA	0.834347	NA	NA	5803a18d7a0cffaefb4ee90db283d9e5dc113b0f	e4f0cba5360b93c1d68e1b010a68ce58786160428d9afc911ec3cb9f00f62a29
2026-09-14T06:43:37Z	cpt_kot2b_v2_n30000_mean_r1base_seed42	step241	7897088	38110954	dev	code	NA	NA	0.491477	NA	NA	5803a18d7a0cffaefb4ee90db283d9e5dc113b0f	e4f0cba5360b93c1d68e1b010a68ce58786160428d9afc911ec3cb9f00f62a29
2026-09-14T06:44:19Z	cpt_kot2b_v2_n30000_mean_r1base_seed42	step247	8093696	39079948	dev	ko	NA	NA	1.753951	NA	NA	5803a18d7a0cffaefb4ee90db283d9e5dc113b0f	e4f0cba5360b93c1d68e1b010a68ce58786160428d9afc911ec3cb9f00f62a29
2026-09-14T06:44:19Z	cpt_kot2b_v2_n30000_mean_r1base_seed42	step247	8093696	39079948	dev	en	NA	NA	0.834355	NA	NA	5803a18d7a0cffaefb4ee90db283d9e5dc113b0f	e4f0cba5360b93c1d68e1b010a68ce58786160428d9afc911ec3cb9f00f62a29
2026-09-14T06:44:19Z	cpt_kot2b_v2_n30000_mean_r1base_seed42	step247	8093696	39079948	dev	code	NA	NA	0.491499	NA	NA	5803a18d7a0cffaefb4ee90db283d9e5dc113b0f	e4f0cba5360b93c1d68e1b010a68ce58786160428d9afc911ec3cb9f00f62a29
2026-09-14T06:44:59Z	cpt_kot2b_v2_n30000_mean_r1base_seed42	final	8286208	40007671	dev	ko	NA	NA	1.753873	NA	NA	5803a18d7a0cffaefb4ee90db283d9e5dc113b0f	e4f0cba5360b93c1d68e1b010a68ce58786160428d9afc911ec3cb9f00f62a29
2026-09-14T06:45:00Z	cpt_kot2b_v2_n30000_mean_r1base_seed42	final	8286208	40007671	dev	en	NA	NA	0.83433	NA	NA	5803a18d7a0cffaefb4ee90db283d9e5dc113b0f	e4f0cba5360b93c1d68e1b010a68ce58786160428d9afc911ec3cb9f00f62a29
2026-09-14T06:45:00Z	cpt_kot2b_v2_n30000_mean_r1base_seed42	final	8286208	40007671	dev	code	NA	NA	0.491519	NA	NA	5803a18d7a0cffaefb4ee90db283d9e5dc113b0f	e4f0cba5360b93c1d68e1b010a68ce58786160428d9afc911ec3cb9f00f62a29
