ts_utc	run_id	step	tokens_seen	raw_bytes_seen	train_loss	dev_loss	dev_bpb	lr	grad_norm	grad_norm_emb	grad_norm_attn	grad_norm_ffn	peak_vram_mb	tok_per_s	raw_bytes_per_s	elapsed_sec	git_commit	config_sha256	grad_norm_head
2026-08-30T11:43:25Z	cpt_c0_qwen_smoke_seed42	7	229376	783147	2.617724	NA	1.149559	5.325521863e-06	3.296875	NA	NA	NA	11935	4374.33	14935.05	52.44	02b0c191b192946077cb33f8fb5b3fdcd6338dd1	f357fe48b6ca5e0472d9b279596be02874ee743afffc585e5cbab2bb45da7a57	NA
2026-08-30T11:43:49Z	cpt_c0_qwen_smoke_seed42	13	425984	1458898	2.795996	NA	1.149426	1.017349791e-06	4.40625	NA	NA	NA	11935	5609.26	19210.42	75.94	02b0c191b192946077cb33f8fb5b3fdcd6338dd1	f357fe48b6ca5e0472d9b279596be02874ee743afffc585e5cbab2bb45da7a57	NA
2026-08-30T11:47:20Z	cpt_c0_qwen_noise_seed42	28	917504	3087676	2.722595	NA	1.152397	9.445888809e-06	3.203125	NA	NA	NA	11935	5750.84	19353.31	159.54	02b0c191b192946077cb33f8fb5b3fdcd6338dd1	033666c752347175706539ab6fc54c28017b030f94ab2278d2b0cf2bcbad5b8d	NA
2026-08-30T11:48:59Z	cpt_c0_qwen_noise_seed42	55	1802240	6093091	2.815823	NA	1.150861	7.731109752e-06	3.5625	NA	NA	NA	11935	6965.02	23547.65	258.76	02b0c191b192946077cb33f8fb5b3fdcd6338dd1	033666c752347175706539ab6fc54c28017b030f94ab2278d2b0cf2bcbad5b8d	NA
2026-08-30T11:50:39Z	cpt_c0_qwen_noise_seed42	82	2686976	9077243	2.40003	NA	1.15022	5.374518617e-06	3.5	NA	NA	NA	11935	7507.37	25361.67	357.91	02b0c191b192946077cb33f8fb5b3fdcd6338dd1	033666c752347175706539ab6fc54c28017b030f94ab2278d2b0cf2bcbad5b8d	NA
2026-08-30T11:52:18Z	cpt_c0_qwen_noise_seed42	109	3571712	12069849	2.672007	NA	1.149791	3.048652639e-06	3.203125	NA	NA	NA	11935	7804.47	26373.56	457.65	02b0c191b192946077cb33f8fb5b3fdcd6338dd1	033666c752347175706539ab6fc54c28017b030f94ab2278d2b0cf2bcbad5b8d	NA
2026-08-30T11:53:57Z	cpt_c0_qwen_noise_seed42	136	4456448	15050020	2.795102	NA	1.149721	1.445632941e-06	3.125	NA	NA	NA	11935	8010.04	27050.96	556.36	02b0c191b192946077cb33f8fb5b3fdcd6338dd1	033666c752347175706539ab6fc54c28017b030f94ab2278d2b0cf2bcbad5b8d	NA
2026-08-30T11:58:07Z	cpt_c0_qwen_noise_seed123	28	917504	3080004	2.742086	NA	1.15261	9.448925205e-06	3.234375	NA	NA	NA	11935	5761.5	19341.01	159.25	02b0c191b192946077cb33f8fb5b3fdcd6338dd1	383a5c5387605e754de7d374d0426d8a128eb8d47931b7c59d00d33bf4f0abb2	NA
2026-08-30T11:59:46Z	cpt_c0_qwen_noise_seed123	55	1802240	6084189	2.927929	NA	1.151002	7.737479482e-06	3.765625	NA	NA	NA	11935	6982.97	23573.82	258.09	02b0c191b192946077cb33f8fb5b3fdcd6338dd1	383a5c5387605e754de7d374d0426d8a128eb8d47931b7c59d00d33bf4f0abb2	NA
2026-08-30T12:01:25Z	cpt_c0_qwen_noise_seed123	82	2686976	9043210	2.862408	NA	1.150268	5.402564204e-06	3.25	NA	NA	NA	11935	7516.59	25297.62	357.47	02b0c191b192946077cb33f8fb5b3fdcd6338dd1	383a5c5387605e754de7d374d0426d8a128eb8d47931b7c59d00d33bf4f0abb2	NA
2026-08-30T12:03:04Z	cpt_c0_qwen_noise_seed123	109	3571712	12065186	2.735748	NA	1.149924	3.051876975e-06	3.125	NA	NA	NA	11935	7826.94	26439.28	456.34	02b0c191b192946077cb33f8fb5b3fdcd6338dd1	383a5c5387605e754de7d374d0426d8a128eb8d47931b7c59d00d33bf4f0abb2	NA
2026-08-30T12:04:43Z	cpt_c0_qwen_noise_seed123	136	4456448	15052846	2.859024	NA	1.149821	1.444622742e-06	3.421875	NA	NA	NA	11935	8030.95	27126.69	554.91	02b0c191b192946077cb33f8fb5b3fdcd6338dd1	383a5c5387605e754de7d374d0426d8a128eb8d47931b7c59d00d33bf4f0abb2	NA
2026-08-30T12:08:51Z	cpt_c0_qwen_noise_seed2026	28	917504	3097129	2.729377	NA	1.152762	9.44213682e-06	3.390625	NA	NA	NA	11935	5789.52	19543.11	158.48	02b0c191b192946077cb33f8fb5b3fdcd6338dd1	02296a973c263fa72eb6eff8eaeec199201e310bccac4aa177c1b78642b6a34f	NA
2026-08-30T12:10:30Z	cpt_c0_qwen_noise_seed2026	55	1802240	6081375	2.529271	NA	1.151201	7.739491772e-06	3.21875	NA	NA	NA	11935	7001.09	23624.08	257.42	02b0c191b192946077cb33f8fb5b3fdcd6338dd1	02296a973c263fa72eb6eff8eaeec199201e310bccac4aa177c1b78642b6a34f	NA
2026-08-30T12:12:09Z	cpt_c0_qwen_noise_seed2026	82	2686976	9095624	2.767683	NA	1.150293	5.359373338e-06	3.328125	NA	NA	NA	11935	7532.28	25497.34	356.73	02b0c191b192946077cb33f8fb5b3fdcd6338dd1	02296a973c263fa72eb6eff8eaeec199201e310bccac4aa177c1b78642b6a34f	NA
2026-08-30T12:13:49Z	cpt_c0_qwen_noise_seed2026	109	3571712	12107358	2.694223	NA	1.150008	3.022781462e-06	3.03125	NA	NA	NA	11935	7829.49	26540.35	456.19	02b0c191b192946077cb33f8fb5b3fdcd6338dd1	02296a973c263fa72eb6eff8eaeec199201e310bccac4aa177c1b78642b6a34f	NA
2026-08-30T12:15:28Z	cpt_c0_qwen_noise_seed2026	136	4456448	15077690	2.770293	NA	1.149879	1.435788659e-06	3.171875	NA	NA	NA	11935	8027.26	27158.98	555.16	02b0c191b192946077cb33f8fb5b3fdcd6338dd1	02296a973c263fa72eb6eff8eaeec199201e310bccac4aa177c1b78642b6a34f	NA
2026-08-30T12:44:28Z	cpt_c0_qwen_trilang_seed42	6	196608	673932	2.662152	NA	1.123043	4.758882502e-06	3.3125	NA	NA	NA	11935	2451.78	8404.21	80.19	02b0c191b192946077cb33f8fb5b3fdcd6338dd1	a4651c49e88eec6500dd813f8dbbe8f9a37454c3ca06f0a8f33a5c3e367a035d	NA
2026-08-30T12:49:38Z	cpt_t2b_mean_noise_seed42	19	622592	3040807	6.846628	NA	1.982928	9.464316601e-06	10.5625	NA	NA	NA	11935	2658.97	12986.7	234.15	86f61d7f852e2a80c3d4d46422f92405953b9b0b	af2f95128152c4586886d86d53010dc5623f9d73ce2a028b53e1e9002864f408	NA
2026-08-30T12:51:05Z	cpt_t2b_mean_noise_seed42	38	1245184	6008633	6.021983	NA	1.90448	7.791301505e-06	15.25	NA	NA	NA	11935	3887.14	18757.38	320.33	86f61d7f852e2a80c3d4d46422f92405953b9b0b	af2f95128152c4586886d86d53010dc5623f9d73ce2a028b53e1e9002864f408	NA
2026-08-30T12:52:37Z	cpt_t2b_mean_noise_seed42	58	1900544	9148699	6.309859	NA	1.874985	5.315651014e-06	7.53125	NA	NA	NA	11935	4609.28	22187.8	412.33	86f61d7f852e2a80c3d4d46422f92405953b9b0b	af2f95128152c4586886d86d53010dc5623f9d73ce2a028b53e1e9002864f408	NA
2026-08-30T12:54:02Z	cpt_t2b_mean_noise_seed42	76	2490368	12026336	6.25789	NA	1.865087	3.078809888e-06	7.28125	NA	NA	NA	11935	5007.74	24183.09	497.3	86f61d7f852e2a80c3d4d46422f92405953b9b0b	af2f95128152c4586886d86d53010dc5623f9d73ce2a028b53e1e9002864f408	NA
2026-08-30T12:55:30Z	cpt_t2b_mean_noise_seed42	95	3112960	15034717	6.361733	NA	1.862179	1.451122109e-06	7.15625	NA	NA	NA	11935	5314.92	25669.55	585.7	86f61d7f852e2a80c3d4d46422f92405953b9b0b	af2f95128152c4586886d86d53010dc5623f9d73ce2a028b53e1e9002864f408	NA
2026-08-30T13:00:54Z	cpt_t2b_mean_noise_seed123	20	655360	3147474	7.006075	NA	1.974619	9.421955542e-06	11.3125	NA	NA	NA	11935	2729.66	13109.62	240.09	86f61d7f852e2a80c3d4d46422f92405953b9b0b	192347063b49bae33de9e3178e82741e227650affa42bd9d4a294c1ca452e7ad	NA
2026-08-30T13:02:22Z	cpt_t2b_mean_noise_seed123	39	1277952	6138277	6.496922	NA	1.901233	7.698686264e-06	7.8125	NA	NA	NA	11935	3897.41	18720.11	327.9	86f61d7f852e2a80c3d4d46422f92405953b9b0b	192347063b49bae33de9e3178e82741e227650affa42bd9d4a294c1ca452e7ad	NA
2026-08-30T13:03:48Z	cpt_t2b_mean_noise_seed123	58	1900544	9156132	6.24421	NA	1.8724	5.309529125e-06	7.375	NA	NA	NA	11935	4591.34	22119.43	413.94	86f61d7f852e2a80c3d4d46422f92405953b9b0b	192347063b49bae33de9e3178e82741e227650affa42bd9d4a294c1ca452e7ad	NA
2026-08-30T13:05:12Z	cpt_t2b_mean_noise_seed123	76	2490368	12041668	6.370229	NA	1.862517	3.068166196e-06	8.0625	NA	NA	NA	11935	5004.34	24197.45	497.64	86f61d7f852e2a80c3d4d46422f92405953b9b0b	192347063b49bae33de9e3178e82741e227650affa42bd9d4a294c1ca452e7ad	NA
2026-08-30T13:06:39Z	cpt_t2b_mean_noise_seed123	95	3112960	15049281	6.196293	NA	1.859722	1.445897288e-06	6.78125	NA	NA	NA	11935	5317.14	25705.16	585.46	86f61d7f852e2a80c3d4d46422f92405953b9b0b	192347063b49bae33de9e3178e82741e227650affa42bd9d4a294c1ca452e7ad	NA
2026-08-30T13:12:03Z	cpt_t2b_mean_noise_seed2026	20	655360	3140298	6.553931	NA	1.974568	9.424852536e-06	10.875	NA	NA	NA	11935	2735.98	13110.05	239.53	86f61d7f852e2a80c3d4d46422f92405953b9b0b	4bf985c0c283435609cf5dfdd1469954b92b6ff4df49552589f9f9fb664176ec	NA
2026-08-30T13:13:29Z	cpt_t2b_mean_noise_seed2026	39	1277952	6117493	6.489428	NA	1.901437	7.713618793e-06	8.125	NA	NA	NA	11935	3928.04	18803.35	325.34	86f61d7f852e2a80c3d4d46422f92405953b9b0b	4bf985c0c283435609cf5dfdd1469954b92b6ff4df49552589f9f9fb664176ec	NA
2026-08-30T13:14:54Z	cpt_t2b_mean_noise_seed2026	57	1867776	9001663	6.545532	NA	1.874195	5.43680688e-06	8.125	NA	NA	NA	11935	4553.22	21944.06	410.21	86f61d7f852e2a80c3d4d46422f92405953b9b0b	4bf985c0c283435609cf5dfdd1469954b92b6ff4df49552589f9f9fb664176ec	NA
2026-08-30T13:16:22Z	cpt_t2b_mean_noise_seed2026	76	2490368	12051565	6.416437	NA	1.863284	3.061305741e-06	7.0625	NA	NA	NA	11935	4999.59	24194.35	498.11	86f61d7f852e2a80c3d4d46422f92405953b9b0b	4bf985c0c283435609cf5dfdd1469954b92b6ff4df49552589f9f9fb664176ec	NA
2026-08-30T13:17:50Z	cpt_t2b_mean_noise_seed2026	95	3112960	15059117	6.299562	NA	1.860551	1.442384954e-06	6.96875	NA	NA	NA	11935	5310.11	25687.96	586.23	86f61d7f852e2a80c3d4d46422f92405953b9b0b	4bf985c0c283435609cf5dfdd1469954b92b6ff4df49552589f9f9fb664176ec	NA
2026-08-30T13:24:46Z	cpt_c0_qwen_noise2_seed42	27	884736	3015407	2.897364	NA	1.152488	9.474181277e-06	3.34375	NA	NA	NA	11935	3326.93	11339.03	265.93	86f61d7f852e2a80c3d4d46422f92405953b9b0b	c5d7d8598808fb136764219d88290c51457409a0bde539eb9da766d7dac688e3	NA
2026-08-30T13:26:45Z	cpt_c0_qwen_noise2_seed42	55	1802240	6065031	2.650974	NA	1.150877	7.751167579e-06	4.09375	NA	NA	NA	11935	4688.97	15779.65	384.36	86f61d7f852e2a80c3d4d46422f92405953b9b0b	c5d7d8598808fb136764219d88290c51457409a0bde539eb9da766d7dac688e3	NA
2026-08-30T13:28:39Z	cpt_c0_qwen_noise2_seed42	82	2686976	9042537	2.651775	NA	1.150118	5.403118845e-06	3.109375	NA	NA	NA	11935	5389.86	18138.62	498.52	86f61d7f852e2a80c3d4d46422f92405953b9b0b	c5d7d8598808fb136764219d88290c51457409a0bde539eb9da766d7dac688e3	NA
2026-08-30T13:30:34Z	cpt_c0_qwen_noise2_seed42	109	3571712	12047031	2.74647	NA	1.149759	3.06444765e-06	3.234375	NA	NA	NA	11935	5823.29	19641.39	613.35	86f61d7f852e2a80c3d4d46422f92405953b9b0b	c5d7d8598808fb136764219d88290c51457409a0bde539eb9da766d7dac688e3	NA
2026-08-30T13:32:28Z	cpt_c0_qwen_noise2_seed42	136	4456448	15020039	2.715369	NA	1.149629	1.456416986e-06	3.21875	NA	NA	NA	11935	6125.37	20644.97	727.54	86f61d7f852e2a80c3d4d46422f92405953b9b0b	c5d7d8598808fb136764219d88290c51457409a0bde539eb9da766d7dac688e3	NA
2026-08-30T13:38:44Z	cpt_c0_qwen_noise2_seed123	28	917504	3072880	2.811054	NA	1.152562	9.451737731e-06	3.15625	NA	NA	NA	11935	3411.91	11427.09	268.91	86f61d7f852e2a80c3d4d46422f92405953b9b0b	af68625696bb72378e89cd419412777e966e5c6bd59ef2d231650052ddaddd4b	NA
2026-08-30T13:40:37Z	cpt_c0_qwen_noise2_seed123	55	1802240	6035086	2.541443	NA	1.150976	7.772507222e-06	3.09375	NA	NA	NA	11935	4717.28	15796.57	382.05	86f61d7f852e2a80c3d4d46422f92405953b9b0b	af68625696bb72378e89cd419412777e966e5c6bd59ef2d231650052ddaddd4b	NA
2026-08-30T13:42:31Z	cpt_c0_qwen_noise2_seed123	82	2686976	9032933	2.652137	NA	1.150237	5.411033969e-06	3.3125	NA	NA	NA	11935	5411.49	18192.07	496.53	86f61d7f852e2a80c3d4d46422f92405953b9b0b	af68625696bb72378e89cd419412777e966e5c6bd59ef2d231650052ddaddd4b	NA
2026-08-30T13:44:25Z	cpt_c0_qwen_noise2_seed123	109	3571712	12035016	2.709635	NA	1.149885	3.072781758e-06	3.625	NA	NA	NA	11935	5850.78	19714.43	610.47	86f61d7f852e2a80c3d4d46422f92405953b9b0b	af68625696bb72378e89cd419412777e966e5c6bd59ef2d231650052ddaddd4b	NA
2026-08-30T13:46:20Z	cpt_c0_qwen_noise2_seed123	136	4456448	15022072	2.740313	NA	1.149785	1.455681865e-06	3.0625	NA	NA	NA	11935	6144.74	20713.09	725.25	86f61d7f852e2a80c3d4d46422f92405953b9b0b	af68625696bb72378e89cd419412777e966e5c6bd59ef2d231650052ddaddd4b	NA
2026-08-30T13:52:36Z	cpt_c0_qwen_noise2_seed2026	28	917504	3070502	2.709396	NA	1.152558	9.452675058e-06	3.4375	NA	NA	NA	11935	3417.71	11437.63	268.46	86f61d7f852e2a80c3d4d46422f92405953b9b0b	56fb2a0dc85daed8acb48e47b961e280f60320f385e46d296e864bcdf3d53094	NA
2026-08-30T13:54:30Z	cpt_c0_qwen_noise2_seed2026	55	1802240	6029687	2.577354	NA	1.151109	7.776347443e-06	3.28125	NA	NA	NA	11935	4704.52	15739.72	383.09	86f61d7f852e2a80c3d4d46422f92405953b9b0b	56fb2a0dc85daed8acb48e47b961e280f60320f385e46d296e864bcdf3d53094	NA
2026-08-30T13:56:25Z	cpt_c0_qwen_noise2_seed2026	82	2686976	9031064	2.957761	NA	1.150158	5.412574336e-06	3.796875	NA	NA	NA	11935	5396.22	18136.96	497.94	86f61d7f852e2a80c3d4d46422f92405953b9b0b	56fb2a0dc85daed8acb48e47b961e280f60320f385e46d296e864bcdf3d53094	NA
2026-08-30T13:58:18Z	cpt_c0_qwen_noise2_seed2026	109	3571712	12043883	2.714025	NA	1.149837	3.066630096e-06	3.3125	NA	NA	NA	11935	5842.92	19702.44	611.29	86f61d7f852e2a80c3d4d46422f92405953b9b0b	56fb2a0dc85daed8acb48e47b961e280f60320f385e46d296e864bcdf3d53094	NA
2026-08-30T14:00:13Z	cpt_c0_qwen_noise2_seed2026	136	4456448	15040954	2.686333	NA	1.149741	1.448881061e-06	3.1875	NA	NA	NA	11935	6136.26	20710.5	726.25	86f61d7f852e2a80c3d4d46422f92405953b9b0b	56fb2a0dc85daed8acb48e47b961e280f60320f385e46d296e864bcdf3d53094	NA
2026-08-30T14:17:04Z	cpt_c0_qwen_savecheck_seed42	8	262144	894803	2.73742	NA	1.13637	1.000770971e-06	3.28125	NA	NA	NA	11935	3854.7	13157.63	68.01	14bb288649c940c032bfb05e439df7eeec312a3d	54793e4fabb22939161f1c0a19e9d30ceda7f70b71b063fb92563b5e21e71bdc	NA
2026-08-30T14:21:28Z	cpt_t2a_none_noise_seed42	27	884736	3015394	2.893279	NA	1.151578	9.474186304e-06	3.34375	NA	NA	NA	10040	3726.29	12700.1	237.43	14bb288649c940c032bfb05e439df7eeec312a3d	f60b4537ffe956c6447f949137cde82a64756e2de804556e4353257672a416f9	NA
2026-08-30T14:22:58Z	cpt_t2a_none_noise_seed42	55	1802240	6064969	2.649746	NA	1.149919	7.751211832e-06	4.09375	NA	NA	NA	10040	5511.11	18546.19	327.02	14bb288649c940c032bfb05e439df7eeec312a3d	f60b4537ffe956c6447f949137cde82a64756e2de804556e4353257672a416f9	NA
2026-08-30T14:24:25Z	cpt_t2a_none_noise_seed42	82	2686976	9042368	2.653907	NA	1.149178	5.403258123e-06	3.125	NA	NA	NA	10040	6485.77	21826.28	414.29	14bb288649c940c032bfb05e439df7eeec312a3d	f60b4537ffe956c6447f949137cde82a64756e2de804556e4353257672a416f9	NA
2026-08-30T14:25:48Z	cpt_t2a_none_noise_seed42	109	3571712	12046910	2.746	NA	1.148837	3.064531522e-06	3.203125	NA	NA	NA	10040	7178.2	24211.11	497.58	14bb288649c940c032bfb05e439df7eeec312a3d	f60b4537ffe956c6447f949137cde82a64756e2de804556e4353257672a416f9	NA
2026-08-30T14:27:13Z	cpt_t2a_none_noise_seed42	136	4456448	15019814	2.704823	NA	1.148741	1.456498379e-06	3.203125	NA	NA	NA	10040	7651.41	25787.96	582.44	14bb288649c940c032bfb05e439df7eeec312a3d	f60b4537ffe956c6447f949137cde82a64756e2de804556e4353257672a416f9	NA
2026-08-30T14:32:35Z	cpt_t2a_none_noise_seed123	28	917504	3072863	2.807249	NA	1.15165	9.451744435e-06	3.140625	NA	NA	NA	10040	3806.9	12749.89	241.01	14bb288649c940c032bfb05e439df7eeec312a3d	64c2299ea00316734e7c42956ddead3435d6aceddcf74a2c8c471b4ba6deb087	NA
2026-08-30T14:34:01Z	cpt_t2a_none_noise_seed123	55	1802240	6035041	2.537968	NA	1.15007	7.772539238e-06	3.09375	NA	NA	NA	10040	5505.01	18434.27	327.38	14bb288649c940c032bfb05e439df7eeec312a3d	64c2299ea00316734e7c42956ddead3435d6aceddcf74a2c8c471b4ba6deb087	NA
2026-08-30T14:35:28Z	cpt_t2a_none_noise_seed123	82	2686976	9032818	2.650149	NA	1.14932	5.411128748e-06	3.3125	NA	NA	NA	10040	6488	21810.73	414.15	14bb288649c940c032bfb05e439df7eeec312a3d	64c2299ea00316734e7c42956ddead3435d6aceddcf74a2c8c471b4ba6deb087	NA
2026-08-30T14:36:51Z	cpt_t2a_none_noise_seed123	109	3571712	12034897	2.704547	NA	1.149007	3.072864361e-06	3.546875	NA	NA	NA	10040	7176.86	24182.44	497.67	14bb288649c940c032bfb05e439df7eeec312a3d	64c2299ea00316734e7c42956ddead3435d6aceddcf74a2c8c471b4ba6deb087	NA
2026-08-30T14:39:17Z	cpt_t2a_none_noise_seed123	136	4456448	15021787	2.73615	NA	1.148881	1.455784886e-06	3.0625	NA	NA	NA	10040	6923.23	23336.83	643.69	14bb288649c940c032bfb05e439df7eeec312a3d	64c2299ea00316734e7c42956ddead3435d6aceddcf74a2c8c471b4ba6deb087	NA
2026-08-30T14:54:32Z	cpt_t2a_none_noise_seed2026	28	917504	3070398	2.704421	NA	1.151684	9.452716035e-06	3.34375	NA	NA	NA	10040	1184.63	3964.33	774.51	14bb288649c940c032bfb05e439df7eeec312a3d	8532f3d6f5ebd27a7eed79a429661f45b70f00467898ac9265875dd47aa12dd4	NA
2026-08-30T14:56:00Z	cpt_t2a_none_noise_seed2026	55	1802240	6029537	2.569783	NA	1.15012	7.776454103e-06	3.265625	NA	NA	NA	10040	2089.65	6991.08	862.46	14bb288649c940c032bfb05e439df7eeec312a3d	8532f3d6f5ebd27a7eed79a429661f45b70f00467898ac9265875dd47aa12dd4	NA
2026-08-30T14:57:28Z	cpt_t2a_none_noise_seed2026	82	2686976	9030821	2.957168	NA	1.1493	5.412774609e-06	3.796875	NA	NA	NA	10040	2826.32	9499.14	950.7	14bb288649c940c032bfb05e439df7eeec312a3d	8532f3d6f5ebd27a7eed79a429661f45b70f00467898ac9265875dd47aa12dd4	NA
2026-08-30T14:58:56Z	cpt_t2a_none_noise_seed2026	109	3571712	12043620	2.71821	NA	1.148942	3.066812465e-06	3.296875	NA	NA	NA	10040	3438.92	11595.86	1038.61	14bb288649c940c032bfb05e439df7eeec312a3d	8532f3d6f5ebd27a7eed79a429661f45b70f00467898ac9265875dd47aa12dd4	NA
2026-08-30T15:00:25Z	cpt_t2a_none_noise_seed2026	136	4456448	15040591	2.684099	NA	1.14885	1.449011348e-06	3.15625	NA	NA	NA	10040	3953.36	13342.65	1127.26	14bb288649c940c032bfb05e439df7eeec312a3d	8532f3d6f5ebd27a7eed79a429661f45b70f00467898ac9265875dd47aa12dd4	NA
2026-08-30T15:03:34Z	align_t2b_mean_smoke_seed42	10	327680	1594687	6.665457	NA	1.970491	5.189196305e-05	7.65625	NA	NA	NA	14282	3696.44	17989.07	88.65	14bb288649c940c032bfb05e439df7eeec312a3d	43358a64ad57d9fbcae59d8b110c3115defaca41034d9f5050dace86fea46e7b	NA
2026-08-30T15:08:23Z	align_c0_qwen_v1_seed42	31	1015808	3405328	2.723163	NA	1.150632	9.978046431e-05	2.265625	NA	NA	NA	14281	3963.07	13285.53	256.32	14bb288649c940c032bfb05e439df7eeec312a3d	6e0ff0461ba5a1638834a0383b6f1f097de29577faee60dd0e4242f492c74b3e	NA
2026-08-30T15:14:16Z	align_c0_qwen_v1_seed42	154	5046272	17003077	2.568814	NA	1.146524	8.794374211e-05	2.0625	NA	NA	NA	14281	8279.66	27897.77	609.48	a04ae54d073be765967502b7282a1179249c4553	6e0ff0461ba5a1638834a0383b6f1f097de29577faee60dd0e4242f492c74b3e	NA
2026-08-30T15:21:31Z	align_c0_qwen_v1_seed42	308	10092544	34063345	2.711135	NA	1.143215	5.522963646e-05	2.078125	NA	NA	NA	14281	9662.93	32613.36	1044.46	a04ae54d073be765967502b7282a1179249c4553	6e0ff0461ba5a1638834a0383b6f1f097de29577faee60dd0e4242f492c74b3e	NA
2026-08-30T15:38:39Z	align_t2a_none_v1_seed42	31	1015808	3405251	2.722839	NA	1.150577	9.978048067e-05	2.25	NA	NA	NA	12387	4479.13	15015.21	226.79	a04ae54d073be765967502b7282a1179249c4553	ae464841a16e898d10f4cfc9229e15305e1ce3417329fa12fa1298c74ee64a40	NA
2026-08-30T15:42:51Z	align_t2a_none_v1_seed42	154	5046272	17002847	2.577297	NA	1.146627	8.794407945e-05	2.078125	NA	NA	NA	12387	10547.32	35538.01	478.44	a04ae54d073be765967502b7282a1179249c4553	ae464841a16e898d10f4cfc9229e15305e1ce3417329fa12fa1298c74ee64a40	NA
2026-08-30T15:48:00Z	align_t2a_none_v1_seed42	308	10092544	34062648	2.719627	NA	1.143439	5.523113714e-05	2.078125	NA	NA	NA	12387	12813.66	43246.51	787.64	a04ae54d073be765967502b7282a1179249c4553	ae464841a16e898d10f4cfc9229e15305e1ce3417329fa12fa1298c74ee64a40	NA
2026-08-30T16:06:26Z	align_t2b_mean_smokemix_seed42	11	360448	1593391	3.83927	NA	1.99833	5.195413613e-05	3.90625	NA	NA	NA	14282	3925.85	17354.54	91.81	a04ae54d073be765967502b7282a1179249c4553	f1cec03c78b219a1260b5c908f4c308a70d03ad9cd5e0e0986da49526fa75ba8	NA
2026-08-31T05:14:32Z	align_t2b_mean_smoke_seed42	11	360448	1593391	3.83906	NA	1.99815	5.195413613e-05	3.90625	NA	NA	NA	14282	3650.07	16135.42	98.75	c39627c2f5f892cbe4f1a30bc408bbac7a5c23b8	f1cec03c78b219a1260b5c908f4c308a70d03ad9cd5e0e0986da49526fa75ba8	NA
2026-08-31T05:29:44Z	align_c0_qwen_probe_ko10en00code00_seed42	154	5046272	17003077	2.574068	NA	1.147409	1e-05	2	NA	NA	NA	14281	5807.24	19567.09	868.96	c39627c2f5f892cbe4f1a30bc408bbac7a5c23b8	13e5b3da90b1ea8f586a6770514e10f28d0b0c7d90d232e60855263b8893b236	NA
2026-08-31T05:40:53Z	align_c0_qwen_probe_ko08en01code01_seed42	149	4882432	17005589	2.748452	NA	1.147582	1e-05	2.03125	NA	NA	NA	14281	7824.93	27254.34	623.96	c39627c2f5f892cbe4f1a30bc408bbac7a5c23b8	6880bc722d2a917e4fc2e7324c1ede586116cf63e723300b0fbc87b93c5d6c8f	NA
2026-08-31T06:04:56Z	align_c0_qwen_probelr1e5ko100_seed42	154	5046272	17003077	2.594453	NA	1.153759	1e-06	2.015625	NA	NA	NA	14281	8278.53	27893.96	609.56	8bfd1230c7f9db8c5c702ab0e46a990258bf3227	7cdcddbe91978d73ad37e053b987a27c547d98c310ab9e701b9af6dd4e136418	NA
2026-08-31T06:37:26Z	cpt_c0_qwen_main_seed42	181	5931008	20096824	2.776915	NA	1.148386	9.77406207e-06	3.15625	NA	NA	NA	11935	4863.53	16479.73	1219.49	a6dc77c678932e0f177eb861ffbfe6f7a9fa0a07	c16f813e2213bacb0a3bea3419d274f7217bc9e3f765148b7e7fee93c5850ff8	NA
2026-08-31T06:48:23Z	cpt_c0_qwen_main_seed42	362	11862016	40100666	2.767357	NA	1.143644	8.945267078e-06	3.125	NA	NA	NA	11935	6318.77	21361.2	1877.27	a6dc77c678932e0f177eb861ffbfe6f7a9fa0a07	c16f813e2213bacb0a3bea3419d274f7217bc9e3f765148b7e7fee93c5850ff8	NA
2026-08-31T06:59:10Z	cpt_c0_qwen_main_seed42	542	17760256	60002315	2.55343	NA	1.140762	7.631178893e-06	3.125	NA	NA	NA	11935	7035.77	23770.07	2524.28	a6dc77c678932e0f177eb861ffbfe6f7a9fa0a07	c16f813e2213bacb0a3bea3419d274f7217bc9e3f765148b7e7fee93c5850ff8	NA
2026-08-31T07:09:54Z	cpt_c0_qwen_main_seed42	724	23724032	80076926	2.597486	NA	1.139109	6.000485872e-06	3.125	NA	NA	NA	11935	7488.23	25275.39	3168.18	a6dc77c678932e0f177eb861ffbfe6f7a9fa0a07	c16f813e2213bacb0a3bea3419d274f7217bc9e3f765148b7e7fee93c5850ff8	NA
2026-08-31T07:20:34Z	cpt_c0_qwen_main_seed42	905	29655040	100093133	2.711061	NA	1.138161	4.302493114e-06	3.21875	NA	NA	NA	11935	7787.42	26284.47	3808.07	a6dc77c678932e0f177eb861ffbfe6f7a9fa0a07	c16f813e2213bacb0a3bea3419d274f7217bc9e3f765148b7e7fee93c5850ff8	NA
2026-08-31T07:32:10Z	cpt_c0_qwen_main_seed42	1085	35553280	120006161	2.46167	NA	1.13777	2.783104235e-06	2.96875	NA	NA	NA	11935	7893.98	26645.27	4503.84	a6dc77c678932e0f177eb861ffbfe6f7a9fa0a07	c16f813e2213bacb0a3bea3419d274f7217bc9e3f765148b7e7fee93c5850ff8	NA
2026-08-31T07:43:53Z	cpt_c0_qwen_main_seed42	1266	41484288	140001526	2.613632	NA	1.137619	1.645369585e-06	2.984375	NA	NA	NA	11935	7966.82	26886.5	5207.13	a6dc77c678932e0f177eb861ffbfe6f7a9fa0a07	c16f813e2213bacb0a3bea3419d274f7217bc9e3f765148b7e7fee93c5850ff8	NA
2026-08-31T07:55:29Z	cpt_c0_qwen_main_seed42	1447	47415296	160036442	2.696035	NA	1.137529	1.058210016e-06	3.0625	NA	NA	NA	11935	8032.66	27111.88	5902.82	a6dc77c678932e0f177eb861ffbfe6f7a9fa0a07	c16f813e2213bacb0a3bea3419d274f7217bc9e3f765148b7e7fee93c5850ff8	NA
2026-08-31T08:15:14Z	cpt_t2a_none_main_seed42	181	5931008	20096513	2.782772	NA	1.14759	9.7740704e-06	3.171875	NA	NA	NA	10040	7116.14	24112.19	833.46	a6dc77c678932e0f177eb861ffbfe6f7a9fa0a07	c762a84588af654ccefa1fcc88693cd1f6fe2e2ec4807b306b71ed71e92647aa	NA
2026-08-31T08:30:26Z	cpt_t2a_none_main_seed42	362	11862016	40099967	2.770026	NA	1.142964	8.945305575e-06	3.125	NA	NA	NA	10040	6794.34	22968.51	1745.87	a6dc77c678932e0f177eb861ffbfe6f7a9fa0a07	c762a84588af654ccefa1fcc88693cd1f6fe2e2ec4807b306b71ed71e92647aa	NA
2026-08-31T08:44:48Z	cpt_t2a_none_main_seed42	542	17760256	60001129	2.55678	NA	1.140108	7.63126832e-06	3.03125	NA	NA	NA	10040	6811.11	23010.62	2607.54	a6dc77c678932e0f177eb861ffbfe6f7a9fa0a07	c762a84588af654ccefa1fcc88693cd1f6fe2e2ec4807b306b71ed71e92647aa	NA
2026-08-31T08:53:36Z	cpt_t2a_none_main_seed42	724	23724032	80075466	2.587709	NA	1.138441	6.000610091e-06	3.125	NA	NA	NA	10040	7566.47	25539.03	3135.41	a6dc77c678932e0f177eb861ffbfe6f7a9fa0a07	c762a84588af654ccefa1fcc88693cd1f6fe2e2ec4807b306b71ed71e92647aa	NA
2026-08-31T09:02:18Z	cpt_t2a_none_main_seed42	905	29655040	100091185	2.709584	NA	1.137511	4.302653874e-06	3.234375	NA	NA	NA	10040	8108.04	27366.12	3657.49	a6dc77c678932e0f177eb861ffbfe6f7a9fa0a07	c762a84588af654ccefa1fcc88693cd1f6fe2e2ec4807b306b71ed71e92647aa	NA
2026-08-31T09:10:53Z	cpt_t2a_none_main_seed42	1085	35553280	120003631	2.475964	NA	1.137109	2.783276905e-06	2.953125	NA	NA	NA	10040	8520.61	28759.78	4172.62	a6dc77c678932e0f177eb861ffbfe6f7a9fa0a07	c762a84588af654ccefa1fcc88693cd1f6fe2e2ec4807b306b71ed71e92647aa	NA
2026-08-31T09:25:07Z	cpt_t2a_none_main_seed42	1267	41517056	140109266	2.637409	NA	1.136917	1.640618105e-06	3.046875	NA	NA	NA	10040	8258.72	27871.05	5027.05	a6dc77c678932e0f177eb861ffbfe6f7a9fa0a07	c762a84588af654ccefa1fcc88693cd1f6fe2e2ec4807b306b71ed71e92647aa	NA
2026-08-31T09:42:15Z	cpt_t2a_none_main_seed42	1447	47415296	160032643	2.675782	NA	1.136907	1.058262171e-06	3.015625	NA	NA	NA	10040	7831.11	26430.97	6054.74	a6dc77c678932e0f177eb861ffbfe6f7a9fa0a07	c762a84588af654ccefa1fcc88693cd1f6fe2e2ec4807b306b71ed71e92647aa	NA
2026-08-31T10:00:53Z	cpt_t2b_mean_main_seed42	126	4128768	20043945	5.981439	NA	1.743704	9.775476359e-06	5.71875	NA	NA	NA	11935	5831.84	28311.84	707.97	a6dc77c678932e0f177eb861ffbfe6f7a9fa0a07	0c9c7394fa43089f225d4fa50c94431f15ab2d386b2c429812ef9455eb048bc2	NA
2026-08-31T10:08:43Z	cpt_t2b_mean_main_seed42	253	8290304	40162535	5.520837	NA	1.647153	8.941857297e-06	4.90625	NA	NA	NA	11935	7035.08	34081.58	1178.42	a6dc77c678932e0f177eb861ffbfe6f7a9fa0a07	0c9c7394fa43089f225d4fa50c94431f15ab2d386b2c429812ef9455eb048bc2	NA
2026-08-31T10:16:27Z	cpt_t2b_mean_main_seed42	379	12419072	60128473	5.347847	NA	1.603496	7.621660143e-06	4.40625	NA	NA	NA	11935	7562.5	36614.76	1642.19	a6dc77c678932e0f177eb861ffbfe6f7a9fa0a07	0c9c7394fa43089f225d4fa50c94431f15ab2d386b2c429812ef9455eb048bc2	NA
2026-08-31T10:24:08Z	cpt_t2b_mean_main_seed42	505	16547840	80052469	5.305525	NA	1.58181	6.002566649e-06	4.09375	NA	NA	NA	11935	7867.69	38061.06	2103.26	a6dc77c678932e0f177eb861ffbfe6f7a9fa0a07	0c9c7394fa43089f225d4fa50c94431f15ab2d386b2c429812ef9455eb048bc2	NA
2026-08-31T10:32:04Z	cpt_t2b_mean_main_seed42	631	20676608	100047691	5.206277	NA	1.572184	4.306243677e-06	4.5	NA	NA	NA	11935	8015.25	38783.33	2579.66	a6dc77c678932e0f177eb861ffbfe6f7a9fa0a07	0c9c7394fa43089f225d4fa50c94431f15ab2d386b2c429812ef9455eb048bc2	NA
2026-08-31T10:39:59Z	cpt_t2b_mean_main_seed42	757	24805376	120020420	5.167703	NA	1.568658	2.782131193e-06	4.34375	NA	NA	NA	11935	8122.1	39298.64	3054.06	a6dc77c678932e0f177eb861ffbfe6f7a9fa0a07	0c9c7394fa43089f225d4fa50c94431f15ab2d386b2c429812ef9455eb048bc2	NA
2026-08-31T10:48:40Z	cpt_t2b_mean_main_seed42	884	28966912	140137266	5.267668	NA	1.567515	1.639385921e-06	4.1875	NA	NA	NA	11935	8101.44	39193.44	3575.53	a6dc77c678932e0f177eb861ffbfe6f7a9fa0a07	0c9c7394fa43089f225d4fa50c94431f15ab2d386b2c429812ef9455eb048bc2	NA
2026-08-31T10:57:31Z	cpt_t2b_mean_main_seed42	1010	33095680	160082668	5.300593	NA	1.567169	1.057577248e-06	4.125	NA	NA	NA	11935	8059.2	38982.1	4106.57	a6dc77c678932e0f177eb861ffbfe6f7a9fa0a07	0c9c7394fa43089f225d4fa50c94431f15ab2d386b2c429812ef9455eb048bc2	NA
2026-08-31T11:50:35Z	cpt_smoketok_smoketok_seed42	3	98304	331807	2.714688	NA	1.136285	1.734911693e-06	3.28125	NA	NA	NA	11935	881.27	2974.55	111.55	702f0aff984fa724b60312e56879665d14014c0b	3af18c9e666fa37e3b2c1a21ed3e230e6caad92c7aa2fdf83cfd941890bade89	NA
2026-09-01T03:51:28Z	cpt_t2b_mean_eqtok_seed42	127	4161536	20084061	5.975195	NA	1.748235	9.907492661e-06	5.75	NA	NA	NA	11935	5289.88	25529.57	786.7	9ded083e16ba399436426fed989bad844a11cc63	b5309b1ab4e7bf2457c9068a8b2380b12dfb79812a4e05c2afca219195a0799e	NA
2026-09-01T04:00:26Z	cpt_t2b_mean_eqtok_seed42	253	8290304	40014587	5.475943	NA	1.645699	9.515634885e-06	4.875	NA	NA	NA	11935	6260.59	30217.82	1324.2	9ded083e16ba399436426fed989bad844a11cc63	b5309b1ab4e7bf2457c9068a8b2380b12dfb79812a4e05c2afca219195a0799e	NA
2026-09-01T04:08:48Z	cpt_t2b_mean_eqtok_seed42	380	12451840	60126058	5.024102	NA	1.593648	8.836815471e-06	6.5625	NA	NA	NA	11935	6817.47	32919.42	1826.46	9ded083e16ba399436426fed989bad844a11cc63	b5309b1ab4e7bf2457c9068a8b2380b12dfb79812a4e05c2afca219195a0799e	NA
2026-09-01T04:17:10Z	cpt_t2b_mean_eqtok_seed42	506	16580608	80114374	5.20902	NA	1.565473	7.929098784e-06	4.0625	NA	NA	NA	11935	7122.63	34415.2	2327.88	9ded083e16ba399436426fed989bad844a11cc63	b5309b1ab4e7bf2457c9068a8b2380b12dfb79812a4e05c2afca219195a0799e	NA
2026-09-01T04:25:39Z	cpt_t2b_mean_eqtok_seed42	632	20709376	100104159	5.162788	NA	1.549026	6.851634549e-06	4.0625	NA	NA	NA	11935	7298.82	35280.73	2837.36	9ded083e16ba399436426fed989bad844a11cc63	b5309b1ab4e7bf2457c9068a8b2380b12dfb79812a4e05c2afca219195a0799e	NA
2026-09-01T04:33:45Z	cpt_t2b_mean_eqtok_seed42	758	24838144	120113770	4.945763	NA	1.540045	5.679716908e-06	4.75	NA	NA	NA	11935	7473.74	36141.97	3323.39	9ded083e16ba399436426fed989bad844a11cc63	b5309b1ab4e7bf2457c9068a8b2380b12dfb79812a4e05c2afca219195a0799e	NA
2026-09-01T04:41:58Z	cpt_t2b_mean_eqtok_seed42	884	28966912	140093409	5.550789	NA	1.535933	4.495240493e-06	4.34375	NA	NA	NA	11935	7591.06	36712.85	3815.92	9ded083e16ba399436426fed989bad844a11cc63	b5309b1ab4e7bf2457c9068a8b2380b12dfb79812a4e05c2afca219195a0799e	NA
2026-09-01T04:50:01Z	cpt_t2b_mean_eqtok_seed42	1010	33095680	160102854	5.191157	NA	1.533806	3.380977551e-06	4.21875	NA	NA	NA	11935	7698.17	37240.48	4299.16	9ded083e16ba399436426fed989bad844a11cc63	b5309b1ab4e7bf2457c9068a8b2380b12dfb79812a4e05c2afca219195a0799e	NA
2026-09-01T04:58:05Z	cpt_t2b_mean_eqtok_seed42	1136	37224448	180062780	5.243166	NA	1.532882	2.414793752e-06	4	NA	NA	NA	11935	7782.84	37647.27	4782.89	9ded083e16ba399436426fed989bad844a11cc63	b5309b1ab4e7bf2457c9068a8b2380b12dfb79812a4e05c2afca219195a0799e	NA
2026-09-01T05:06:06Z	cpt_t2b_mean_eqtok_seed42	1262	41353216	200078965	5.235288	NA	1.532463	1.664206867e-06	4.25	NA	NA	NA	11935	7855.28	38006.15	5264.38	9ded083e16ba399436426fed989bad844a11cc63	b5309b1ab4e7bf2457c9068a8b2380b12dfb79812a4e05c2afca219195a0799e	NA
2026-09-01T05:14:13Z	cpt_t2b_mean_eqtok_seed42	1389	45514752	220153944	5.207315	NA	1.532321	1.179014858e-06	4.03125	NA	NA	NA	11935	7913.59	38277.88	5751.47	9ded083e16ba399436426fed989bad844a11cc63	b5309b1ab4e7bf2457c9068a8b2380b12dfb79812a4e05c2afca219195a0799e	NA
2026-09-01T05:22:17Z	cpt_t2b_mean_eqtok_seed42	1515	49643520	240053754	5.152377	NA	1.532221	1.000719733e-06	4.375	NA	NA	NA	11935	7962.03	38500.8	6235.03	9ded083e16ba399436426fed989bad844a11cc63	b5309b1ab4e7bf2457c9068a8b2380b12dfb79812a4e05c2afca219195a0799e	NA
2026-09-01T05:35:25Z	cpt_t2b10k_mean_main_seed42	135	4423680	20035821	5.224028	NA	1.64885	9.775693259e-06	5.875	NA	NA	NA	11934	6346.86	28746.34	696.99	9ded083e16ba399436426fed989bad844a11cc63	43a54b48b1863462e643c5298761ac4b4ce68462599e0fc35650a76e38e01e16	NA
2026-09-01T05:42:55Z	cpt_t2b10k_mean_main_seed42	271	8880128	40127395	4.971501	NA	1.56509	8.94379455e-06	4.875	NA	NA	NA	11934	7742.8	34988.07	1146.89	9ded083e16ba399436426fed989bad844a11cc63	43a54b48b1863462e643c5298761ac4b4ce68462599e0fc35650a76e38e01e16	NA
2026-09-01T05:50:23Z	cpt_t2b10k_mean_main_seed42	406	13303808	60074744	4.712541	NA	1.527797	7.625715548e-06	4.40625	NA	NA	NA	11934	8345.6	37685.45	1594.11	9ded083e16ba399436426fed989bad844a11cc63	43a54b48b1863462e643c5298761ac4b4ce68462599e0fc35650a76e38e01e16	NA
2026-09-01T05:57:53Z	cpt_t2b10k_mean_main_seed42	542	17760256	80132965	4.679829	NA	1.509325	5.995717723e-06	4.5	NA	NA	NA	11934	8687.34	39196.64	2044.38	fcec1fcd39e4515c946c5d58583e12c326c52793	43a54b48b1863462e643c5298761ac4b4ce68462599e0fc35650a76e38e01e16	NA
2026-09-01T06:05:20Z	cpt_t2b10k_mean_main_seed42	677	22183936	100098523	4.695623	NA	1.501453	4.302048309e-06	4.75	NA	NA	NA	11934	8904.12	40177.25	2491.42	fcec1fcd39e4515c946c5d58583e12c326c52793	43a54b48b1863462e643c5298761ac4b4ce68462599e0fc35650a76e38e01e16	NA
2026-09-01T06:12:47Z	cpt_t2b10k_mean_main_seed42	812	26607616	120049654	4.607313	NA	1.498596	2.780136872e-06	4.5	NA	NA	NA	11934	9056.07	40859.64	2938.1	fcec1fcd39e4515c946c5d58583e12c326c52793	43a54b48b1863462e643c5298761ac4b4ce68462599e0fc35650a76e38e01e16	NA
2026-09-01T06:20:17Z	cpt_t2b10k_mean_main_seed42	948	31064064	140136989	4.726851	NA	1.497661	1.639398105e-06	4.25	NA	NA	NA	11934	9168.67	41361.92	3388.07	fcec1fcd39e4515c946c5d58583e12c326c52793	43a54b48b1863462e643c5298761ac4b4ce68462599e0fc35650a76e38e01e16	NA
2026-09-01T06:27:43Z	cpt_t2b10k_mean_main_seed42	1083	35487744	160077741	4.701732	NA	1.497337	1.057644528e-06	4.09375	NA	NA	NA	11934	9254.74	41746.17	3834.55	fcec1fcd39e4515c946c5d58583e12c326c52793	43a54b48b1863462e643c5298761ac4b4ce68462599e0fc35650a76e38e01e16	NA
2026-09-01T06:34:40Z	cpt_t2b10k_mean_noise_seed42	7	229376	1054813	6.217073	NA	1.974755	9.962545978e-06	15.3125	NA	NA	NA	11934	1174.07	5399.1	195.37	fcec1fcd39e4515c946c5d58583e12c326c52793	093622f5d8c185b574b6d113ac0272f696e589309c779aafbe03cd02ea2ac1d9	NA
2026-09-01T06:35:23Z	cpt_t2b10k_mean_noise_seed42	14	458752	2082354	5.728017	NA	1.898934	9.775312116e-06	10.4375	NA	NA	NA	11934	1926.85	8746.28	238.08	fcec1fcd39e4515c946c5d58583e12c326c52793	093622f5d8c185b574b6d113ac0272f696e589309c779aafbe03cd02ea2ac1d9	NA
2026-09-01T06:36:06Z	cpt_t2b10k_mean_noise_seed42	21	688128	3130407	5.844566	NA	1.853781	9.428834473e-06	9.875	NA	NA	NA	11934	2449.14	11141.53	280.97	fcec1fcd39e4515c946c5d58583e12c326c52793	093622f5d8c185b574b6d113ac0272f696e589309c779aafbe03cd02ea2ac1d9	NA
2026-09-01T06:36:46Z	cpt_t2b10k_mean_noise_seed42	27	884736	4013307	6.018518	NA	1.827066	9.024243306e-06	9.5625	NA	NA	NA	11934	2757.82	12509.94	320.81	fcec1fcd39e4515c946c5d58583e12c326c52793	093622f5d8c185b574b6d113ac0272f696e589309c779aafbe03cd02ea2ac1d9	NA
2026-09-01T06:37:29Z	cpt_t2b10k_mean_noise_seed42	34	1114112	5042960	5.740208	NA	1.804502	8.437088245e-06	8.6875	NA	NA	NA	11934	3061.19	13856.29	363.95	fcec1fcd39e4515c946c5d58583e12c326c52793	093622f5d8c185b574b6d113ac0272f696e589309c779aafbe03cd02ea2ac1d9	NA
2026-09-01T06:38:12Z	cpt_t2b10k_mean_noise_seed42	41	1343488	6037893	5.323061	NA	1.789195	7.770509769e-06	12.0625	NA	NA	NA	11934	3303.48	14846.46	406.69	fcec1fcd39e4515c946c5d58583e12c326c52793	093622f5d8c185b574b6d113ac0272f696e589309c779aafbe03cd02ea2ac1d9	NA
2026-09-01T06:38:55Z	cpt_t2b10k_mean_noise_seed42	48	1572864	7072818	5.619019	NA	1.778173	6.997673958e-06	7.53125	NA	NA	NA	11934	3497.9	15729.27	449.66	fcec1fcd39e4515c946c5d58583e12c326c52793	093622f5d8c185b574b6d113ac0272f696e589309c779aafbe03cd02ea2ac1d9	NA
2026-09-01T06:39:37Z	cpt_t2b10k_mean_noise_seed42	55	1802240	8121918	5.320161	NA	1.769751	6.159615032e-06	7.28125	NA	NA	NA	11934	3659.93	16493.72	492.42	fcec1fcd39e4515c946c5d58583e12c326c52793	093622f5d8c185b574b6d113ac0272f696e589309c779aafbe03cd02ea2ac1d9	NA
2026-09-01T06:40:20Z	cpt_t2b10k_mean_noise_seed42	62	2031616	9115617	5.51668	NA	1.763691	5.342901646e-06	7.1875	NA	NA	NA	11934	3794.84	17026.99	535.36	fcec1fcd39e4515c946c5d58583e12c326c52793	093622f5d8c185b574b6d113ac0272f696e589309c779aafbe03cd02ea2ac1d9	NA
2026-09-01T06:41:00Z	cpt_t2b10k_mean_noise_seed42	68	2228224	10026696	4.99729	NA	1.759776	4.597996925e-06	9.8125	NA	NA	NA	11934	3872.73	17426.73	575.36	fcec1fcd39e4515c946c5d58583e12c326c52793	093622f5d8c185b574b6d113ac0272f696e589309c779aafbe03cd02ea2ac1d9	NA
2026-09-01T06:41:43Z	cpt_t2b10k_mean_noise_seed42	75	2457600	11055749	5.492065	NA	1.756868	3.787830686e-06	7	NA	NA	NA	11934	3975.81	17885.57	618.14	fcec1fcd39e4515c946c5d58583e12c326c52793	093622f5d8c185b574b6d113ac0272f696e589309c779aafbe03cd02ea2ac1d9	NA
2026-09-01T06:42:26Z	cpt_t2b10k_mean_noise_seed42	82	2686976	12097802	5.790017	NA	1.754827	3.029361492e-06	7.09375	NA	NA	NA	11934	4064.55	18300.17	661.08	fcec1fcd39e4515c946c5d58583e12c326c52793	093622f5d8c185b574b6d113ac0272f696e589309c779aafbe03cd02ea2ac1d9	NA
2026-09-01T06:43:09Z	cpt_t2b10k_mean_noise_seed42	89	2916352	13129486	5.696055	NA	1.753561	2.366773181e-06	7.03125	NA	NA	NA	11934	4142.23	18648.42	704.05	fcec1fcd39e4515c946c5d58583e12c326c52793	093622f5d8c185b574b6d113ac0272f696e589309c779aafbe03cd02ea2ac1d9	NA
2026-09-01T06:43:49Z	cpt_t2b10k_mean_noise_seed42	95	3112960	14005881	5.333416	NA	1.752823	1.890741243e-06	6.90625	NA	NA	NA	11934	4184.97	18829.08	743.84	fcec1fcd39e4515c946c5d58583e12c326c52793	093622f5d8c185b574b6d113ac0272f696e589309c779aafbe03cd02ea2ac1d9	NA
2026-09-01T06:44:31Z	cpt_t2b10k_mean_noise_seed42	102	3342336	15046297	5.645737	NA	1.752425	1.446965446e-06	7.21875	NA	NA	NA	11934	4249.11	19128.37	786.6	fcec1fcd39e4515c946c5d58583e12c326c52793	093622f5d8c185b574b6d113ac0272f696e589309c779aafbe03cd02ea2ac1d9	NA
2026-09-01T06:45:14Z	cpt_t2b10k_mean_noise_seed42	109	3571712	16070759	5.378108	NA	1.75216	1.153349641e-06	7.21875	NA	NA	NA	11934	4306.53	19377.04	829.37	fcec1fcd39e4515c946c5d58583e12c326c52793	093622f5d8c185b574b6d113ac0272f696e589309c779aafbe03cd02ea2ac1d9	NA
2026-09-01T06:45:57Z	cpt_t2b10k_mean_noise_seed42	116	3801088	17097496	5.457828	NA	1.751948	1.012226373e-06	6.75	NA	NA	NA	11934	4358.45	19604.56	872.12	fcec1fcd39e4515c946c5d58583e12c326c52793	093622f5d8c185b574b6d113ac0272f696e589309c779aafbe03cd02ea2ac1d9	NA
2026-09-01T06:49:53Z	cpt_t2b10k_mean_noise_seed123	7	229376	1028340	6.170935	NA	1.973132	9.965303155e-06	15.1875	NA	NA	NA	11934	1153.41	5170.96	198.87	fcec1fcd39e4515c946c5d58583e12c326c52793	e830421dfc14b315b6134a180a9c1bc9336be4f0e809eec033cf7f2a853bf9ea	NA
2026-09-01T06:50:38Z	cpt_t2b10k_mean_noise_seed123	14	458752	2058388	5.987641	NA	1.89817	9.78143546e-06	11.6875	NA	NA	NA	11934	1884.17	8454.14	243.48	fcec1fcd39e4515c946c5d58583e12c326c52793	e830421dfc14b315b6134a180a9c1bc9336be4f0e809eec033cf7f2a853bf9ea	NA
2026-09-01T06:51:22Z	cpt_t2b10k_mean_noise_seed123	21	688128	3084994	5.89056	NA	1.851284	9.446951168e-06	9.5	NA	NA	NA	11934	2391.96	10723.58	287.68	fcec1fcd39e4515c946c5d58583e12c326c52793	e830421dfc14b315b6134a180a9c1bc9336be4f0e809eec033cf7f2a853bf9ea	NA
2026-09-01T06:52:07Z	cpt_t2b10k_mean_noise_seed123	28	917504	4113613	5.571584	NA	1.820473	8.972236809e-06	8.25	NA	NA	NA	11934	2758.04	12365.64	332.66	fcec1fcd39e4515c946c5d58583e12c326c52793	e830421dfc14b315b6134a180a9c1bc9336be4f0e809eec033cf7f2a853bf9ea	NA
2026-09-01T06:52:51Z	cpt_t2b10k_mean_noise_seed123	35	1146880	5120258	5.709557	NA	1.800614	8.388520378e-06	8.1875	NA	NA	NA	11934	3046.61	13601.63	376.44	fcec1fcd39e4515c946c5d58583e12c326c52793	e830421dfc14b315b6134a180a9c1bc9336be4f0e809eec033cf7f2a853bf9ea	NA
2026-09-01T06:53:30Z	cpt_t2b10k_mean_noise_seed123	41	1343488	6012182	5.450272	NA	1.787637	7.788783133e-06	7.4375	NA	NA	NA	11934	3232.11	14463.88	415.67	fcec1fcd39e4515c946c5d58583e12c326c52793	e830421dfc14b315b6134a180a9c1bc9336be4f0e809eec033cf7f2a853bf9ea	NA
2026-09-01T06:54:14Z	cpt_t2b10k_mean_noise_seed123	48	1572864	7053788	5.542143	NA	1.776284	7.012457441e-06	7.34375	NA	NA	NA	11934	3418.84	15332.4	460.06	fcec1fcd39e4515c946c5d58583e12c326c52793	e830421dfc14b315b6134a180a9c1bc9336be4f0e809eec033cf7f2a853bf9ea	NA
2026-09-01T06:54:56Z	cpt_t2b10k_mean_noise_seed123	55	1802240	8089745	5.493774	NA	1.767656	6.185837958e-06	7.03125	NA	NA	NA	11934	3589.68	16113.06	502.06	fcec1fcd39e4515c946c5d58583e12c326c52793	e830421dfc14b315b6134a180a9c1bc9336be4f0e809eec033cf7f2a853bf9ea	NA
2026-09-01T06:55:38Z	cpt_t2b10k_mean_noise_seed123	62	2031616	9123521	5.659915	NA	1.761271	5.336390322e-06	7.34375	NA	NA	NA	11934	3732.35	16761.12	544.33	fcec1fcd39e4515c946c5d58583e12c326c52793	e830421dfc14b315b6134a180a9c1bc9336be4f0e809eec033cf7f2a853bf9ea	NA
2026-09-01T06:56:19Z	cpt_t2b10k_mean_noise_seed123	68	2228224	10032965	5.492393	NA	1.757356	4.592934709e-06	7.1875	NA	NA	NA	11934	3807.97	17146.04	585.15	fcec1fcd39e4515c946c5d58583e12c326c52793	e830421dfc14b315b6134a180a9c1bc9336be4f0e809eec033cf7f2a853bf9ea	NA
2026-09-01T06:57:03Z	cpt_t2b10k_mean_noise_seed123	75	2457600	11070677	5.434897	NA	1.754387	3.776457104e-06	7.0625	NA	NA	NA	11934	3906.32	17596.7	629.13	fcec1fcd39e4515c946c5d58583e12c326c52793	e830421dfc14b315b6134a180a9c1bc9336be4f0e809eec033cf7f2a853bf9ea	NA
2026-09-01T06:57:48Z	cpt_t2b10k_mean_noise_seed123	82	2686976	12112181	5.58241	NA	1.752301	3.019463342e-06	7.3125	NA	NA	NA	11934	3987.41	17974.18	673.87	fcec1fcd39e4515c946c5d58583e12c326c52793	e830421dfc14b315b6134a180a9c1bc9336be4f0e809eec033cf7f2a853bf9ea	NA
2026-09-01T06:58:29Z	cpt_t2b10k_mean_noise_seed123	88	2883584	13012032	5.045294	NA	1.75118	2.436988379e-06	8.5	NA	NA	NA	11934	4034.4	18205.02	714.75	fcec1fcd39e4515c946c5d58583e12c326c52793	e830421dfc14b315b6134a180a9c1bc9336be4f0e809eec033cf7f2a853bf9ea	NA
2026-09-01T06:59:14Z	cpt_t2b10k_mean_noise_seed123	95	3112960	14016123	5.299001	NA	1.750424	1.885705203e-06	7.40625	NA	NA	NA	11934	4098.81	18454.9	759.48	fcec1fcd39e4515c946c5d58583e12c326c52793	e830421dfc14b315b6134a180a9c1bc9336be4f0e809eec033cf7f2a853bf9ea	NA
2026-09-01T06:59:57Z	cpt_t2b10k_mean_noise_seed123	102	3342336	15062263	5.506405	NA	1.750032	1.44126433e-06	7.125	NA	NA	NA	11934	4161.71	18754.77	803.12	fcec1fcd39e4515c946c5d58583e12c326c52793	e830421dfc14b315b6134a180a9c1bc9336be4f0e809eec033cf7f2a853bf9ea	NA
2026-09-01T07:00:41Z	cpt_t2b10k_mean_noise_seed123	109	3571712	16094067	5.710189	NA	1.749749	1.14841624e-06	7.375	NA	NA	NA	11934	4218.71	19009.42	846.64	fcec1fcd39e4515c946c5d58583e12c326c52793	e830421dfc14b315b6134a180a9c1bc9336be4f0e809eec033cf7f2a853bf9ea	NA
2026-09-01T07:01:23Z	cpt_t2b10k_mean_noise_seed123	116	3801088	17113906	5.193655	NA	1.749604	1.01125017e-06	6.8125	NA	NA	NA	11934	4276.6	19254.82	888.81	fcec1fcd39e4515c946c5d58583e12c326c52793	e830421dfc14b315b6134a180a9c1bc9336be4f0e809eec033cf7f2a853bf9ea	NA
2026-09-01T07:05:20Z	cpt_t2b10k_mean_noise_seed2026	7	229376	1023329	6.285072	NA	1.973056	9.965813236e-06	15.75	NA	NA	NA	11934	1203.59	5369.64	190.58	fcec1fcd39e4515c946c5d58583e12c326c52793	d2779b1f0d81faffc4f9c2efadec70d7a2b9b6694b3beb1471a7adc3c5b35965	NA
2026-09-01T07:06:03Z	cpt_t2b10k_mean_noise_seed2026	14	458752	2045740	5.622157	NA	1.898261	9.784633783e-06	10.875	NA	NA	NA	11934	1962.47	8751.38	233.76	fcec1fcd39e4515c946c5d58583e12c326c52793	d2779b1f0d81faffc4f9c2efadec70d7a2b9b6694b3beb1471a7adc3c5b35965	NA
2026-09-01T07:06:47Z	cpt_t2b10k_mean_noise_seed2026	21	688128	3074374	5.782087	NA	1.85203	9.451148464e-06	10	NA	NA	NA	11934	2473.63	11051.5	278.19	fcec1fcd39e4515c946c5d58583e12c326c52793	d2779b1f0d81faffc4f9c2efadec70d7a2b9b6694b3beb1471a7adc3c5b35965	NA
2026-09-01T07:07:31Z	cpt_t2b10k_mean_noise_seed2026	28	917504	4122677	5.808964	NA	1.82116	8.967479305e-06	9.0625	NA	NA	NA	11934	2852.46	12817.12	321.65	fcec1fcd39e4515c946c5d58583e12c326c52793	d2779b1f0d81faffc4f9c2efadec70d7a2b9b6694b3beb1471a7adc3c5b35965	NA
2026-09-01T07:08:16Z	cpt_t2b10k_mean_noise_seed2026	35	1146880	5123159	5.283484	NA	1.800002	8.386686285e-06	13.1875	NA	NA	NA	11934	3129.95	13981.61	366.42	fcec1fcd39e4515c946c5d58583e12c326c52793	d2779b1f0d81faffc4f9c2efadec70d7a2b9b6694b3beb1471a7adc3c5b35965	NA
2026-09-01T07:08:58Z	cpt_t2b10k_mean_noise_seed2026	42	1376256	6144270	5.721861	NA	1.786532	7.694374588e-06	7.5	NA	NA	NA	11934	3368.26	15037.52	408.6	fcec1fcd39e4515c946c5d58583e12c326c52793	d2779b1f0d81faffc4f9c2efadec70d7a2b9b6694b3beb1471a7adc3c5b35965	NA
2026-09-01T07:09:39Z	cpt_t2b10k_mean_noise_seed2026	48	1572864	7030068	5.341979	NA	1.777345	7.030858605e-06	7.875	NA	NA	NA	11934	3496.1	15626.16	449.89	fcec1fcd39e4515c946c5d58583e12c326c52793	d2779b1f0d81faffc4f9c2efadec70d7a2b9b6694b3beb1471a7adc3c5b35965	NA
2026-09-01T07:10:23Z	cpt_t2b10k_mean_noise_seed2026	55	1802240	8074058	5.614812	NA	1.769017	6.198615221e-06	7.59375	NA	NA	NA	11934	3647.32	16340.04	494.13	fcec1fcd39e4515c946c5d58583e12c326c52793	d2779b1f0d81faffc4f9c2efadec70d7a2b9b6694b3beb1471a7adc3c5b35965	NA
2026-09-01T07:11:07Z	cpt_t2b10k_mean_noise_seed2026	62	2031616	9134350	6.004855	NA	1.762441	5.327469941e-06	8.3125	NA	NA	NA	11934	3773.81	16967.41	538.35	fcec1fcd39e4515c946c5d58583e12c326c52793	d2779b1f0d81faffc4f9c2efadec70d7a2b9b6694b3beb1471a7adc3c5b35965	NA
2026-09-01T07:11:48Z	cpt_t2b10k_mean_noise_seed2026	68	2228224	10043193	5.430507	NA	1.758417	4.584678172e-06	6.8125	NA	NA	NA	11934	3846.72	17338.18	579.25	fcec1fcd39e4515c946c5d58583e12c326c52793	d2779b1f0d81faffc4f9c2efadec70d7a2b9b6694b3beb1471a7adc3c5b35965	NA
2026-09-01T07:12:33Z	cpt_t2b10k_mean_noise_seed2026	75	2457600	11089064	5.567036	NA	1.755532	3.762465845e-06	7.34375	NA	NA	NA	11934	3940.56	17780.42	623.67	fcec1fcd39e4515c946c5d58583e12c326c52793	d2779b1f0d81faffc4f9c2efadec70d7a2b9b6694b3beb1471a7adc3c5b35965	NA
2026-09-01T07:13:16Z	cpt_t2b10k_mean_noise_seed2026	82	2686976	12118722	5.630438	NA	1.753654	3.014966369e-06	6.96875	NA	NA	NA	11934	4028.03	18167.1	667.07	fcec1fcd39e4515c946c5d58583e12c326c52793	d2779b1f0d81faffc4f9c2efadec70d7a2b9b6694b3beb1471a7adc3c5b35965	NA
2026-09-01T07:14:00Z	cpt_t2b10k_mean_noise_seed2026	89	2916352	13122545	5.278337	NA	1.752388	2.370882575e-06	7.25	NA	NA	NA	11934	4099.53	18446.43	711.39	fcec1fcd39e4515c946c5d58583e12c326c52793	d2779b1f0d81faffc4f9c2efadec70d7a2b9b6694b3beb1471a7adc3c5b35965	NA
2026-09-01T07:14:40Z	cpt_t2b10k_mean_noise_seed2026	95	3112960	14023157	4.978753	NA	1.751776	1.88225392e-06	8.3125	NA	NA	NA	11934	4143.78	18666.75	751.24	fcec1fcd39e4515c946c5d58583e12c326c52793	d2779b1f0d81faffc4f9c2efadec70d7a2b9b6694b3beb1471a7adc3c5b35965	NA
2026-09-01T07:15:24Z	cpt_t2b10k_mean_noise_seed2026	102	3342336	15070592	5.597833	NA	1.751403	1.438304e-06	6.75	NA	NA	NA	11934	4203.18	18952.14	795.19	fcec1fcd39e4515c946c5d58583e12c326c52793	d2779b1f0d81faffc4f9c2efadec70d7a2b9b6694b3beb1471a7adc3c5b35965	NA
2026-09-01T07:16:09Z	cpt_t2b10k_mean_noise_seed2026	109	3571712	16100670	5.558819	NA	1.751091	1.147033056e-06	7.03125	NA	NA	NA	11934	4255.06	19181.09	839.4	fcec1fcd39e4515c946c5d58583e12c326c52793	d2779b1f0d81faffc4f9c2efadec70d7a2b9b6694b3beb1471a7adc3c5b35965	NA
2026-09-01T07:16:52Z	cpt_t2b10k_mean_noise_seed2026	116	3801088	17145018	5.611717	NA	1.75089	1.009510725e-06	7.15625	NA	NA	NA	11934	4303.3	19410.28	883.3	fcec1fcd39e4515c946c5d58583e12c326c52793	d2779b1f0d81faffc4f9c2efadec70d7a2b9b6694b3beb1471a7adc3c5b35965	NA
2026-09-02T02:25:14Z	cpt_t2b_gradsmoke_gradsmoke_seed42	4	131072	642712	7.182475	NA	2.170922	5.131212813e-06	27.75	10.0625	18.125	18.5	11935	2327.34	11412.11	56.32	afd4b4f9610cbc8a6a18653829a5893b76e523ae	bfd3749393258228b9136ca703623792d1d64cc54bf2aac83657c9391a810a5b	NA
2026-09-02T02:25:29Z	cpt_t2b_gradsmoke_gradsmoke_seed42	7	229376	1117577	7.656461	NA	2.165463	1.108644843e-06	26.625	8.8125	17.5	18	11935	3218.48	15681.25	71.27	afd4b4f9610cbc8a6a18653829a5893b76e523ae	bfd3749393258228b9136ca703623792d1d64cc54bf2aac83657c9391a810a5b	NA
2026-09-02T02:37:55Z	cpt_t2b_mean_grad_seed42	126	4128768	20043945	5.982515	NA	1.744113	9.775476359e-06	5.75	4.78125	2.09375	2.421875	11935	5772.94	28025.92	715.19	ce7701b102f5f4e43e7b304cfe6dd2785819688f	999ba55f53c06596743ca1415cf2a1f800e9bf71994494947936394919a2b3e1	NA
2026-09-02T02:46:02Z	cpt_t2b_mean_grad_seed42	253	8290304	40162535	5.521872	NA	1.647383	8.941857297e-06	4.90625	3.875	2	2.25	11935	6894.32	33399.66	1202.48	ce7701b102f5f4e43e7b304cfe6dd2785819688f	999ba55f53c06596743ca1415cf2a1f800e9bf71994494947936394919a2b3e1	NA
2026-09-02T02:54:23Z	cpt_t2b_mean_grad_seed42	379	12419072	60128473	5.348606	NA	1.603833	7.621660143e-06	4.40625	3.21875	2	2.234375	11935	7290.11	35295.97	1703.55	ce7701b102f5f4e43e7b304cfe6dd2785819688f	999ba55f53c06596743ca1415cf2a1f800e9bf71994494947936394919a2b3e1	NA
2026-09-02T03:02:43Z	cpt_t2b_mean_grad_seed42	505	16547840	80052469	5.306461	NA	1.582153	6.002566649e-06	4.09375	3.046875	1.789062	2.09375	11935	7507.92	36320.61	2204.05	ce7701b102f5f4e43e7b304cfe6dd2785819688f	999ba55f53c06596743ca1415cf2a1f800e9bf71994494947936394919a2b3e1	NA
2026-09-02T03:11:03Z	cpt_t2b_mean_grad_seed42	631	20676608	100047691	5.207269	NA	1.572605	4.306243677e-06	4.5	3.390625	1.859375	2.296875	11935	7647.11	37002.01	2703.84	0318527d55da0933b79e3764c69d44e95b8f2eb4	999ba55f53c06596743ca1415cf2a1f800e9bf71994494947936394919a2b3e1	NA
2026-09-02T03:19:23Z	cpt_t2b_mean_grad_seed42	757	24805376	120020420	5.169376	NA	1.569007	2.782131193e-06	4.34375	3.3125	1.835938	2.140625	11935	7742.2	37460.49	3203.92	95eede8e407fc2a6060f43e1e58e4326100ebe1f	999ba55f53c06596743ca1415cf2a1f800e9bf71994494947936394919a2b3e1	NA
2026-09-02T03:27:43Z	cpt_t2b_mean_grad_seed42	884	28966912	140137266	5.268881	NA	1.567876	1.639385921e-06	4.1875	3.125	1.820312	2.109375	11935	7821.64	37839.84	3703.43	95eede8e407fc2a6060f43e1e58e4326100ebe1f	999ba55f53c06596743ca1415cf2a1f800e9bf71994494947936394919a2b3e1	NA
2026-09-02T03:35:52Z	cpt_t2b_mean_grad_seed42	1010	33095680	160082668	5.301364	NA	1.567534	1.057577248e-06	4.125	2.984375	1.898438	2.140625	11935	7893.83	38182.16	4192.6	95eede8e407fc2a6060f43e1e58e4326100ebe1f	999ba55f53c06596743ca1415cf2a1f800e9bf71994494947936394919a2b3e1	NA
2026-09-07T02:33:12Z	cpt_c0_tied_headsmoke_seed42	5	163840	561915	2.709279	NA	1.136158	6.100297013e-06	5.96875	4.5	2.25	3.21875	11935	2728.05	9356.28	60.06	eed02d1e35b999db3358f3fb3e436533b5277e0a	8d126546352fc6b019653b9261d5458896a582f87a5205eefd1d674c862e367e	NA
2026-09-07T02:33:31Z	cpt_c0_tied_headsmoke_seed42	9	294912	1001936	2.724875	NA	1.1361	1.615350946e-06	3.328125	2.0625	1.53125	2.109375	11935	3728.37	12666.78	79.1	eed02d1e35b999db3358f3fb3e436533b5277e0a	8d126546352fc6b019653b9261d5458896a582f87a5205eefd1d674c862e367e	NA
2026-09-07T02:37:14Z	cpt_c0_constlr_lrsmoke_seed42	3	98304	331807	2.713968	NA	1.136241	1e-05	3.3125	2.109375	1.476562	2.09375	11935	1945.42	6566.39	50.53	0e6acf6e8e2c1dba2bec39c714ee3c42ae55846b	4ed9765df1a29579cd3433cc7b8f35b59b1ca020d625317262d36430565a8aab	NA
2026-09-07T02:37:29Z	cpt_c0_constlr_lrsmoke_seed42	6	196608	672339	2.620131	NA	1.136174	1e-05	3.265625	2.046875	1.414062	2.109375	11935	2994.29	10239.55	65.66	0e6acf6e8e2c1dba2bec39c714ee3c42ae55846b	4ed9765df1a29579cd3433cc7b8f35b59b1ca020d625317262d36430565a8aab	NA
2026-09-07T02:37:44Z	cpt_c0_constlr_lrsmoke_seed42	9	294912	1001936	2.722439	NA	1.13582	1e-05	3.375	2.0625	1.59375	2.140625	11935	3659.73	12433.59	80.58	0e6acf6e8e2c1dba2bec39c714ee3c42ae55846b	4ed9765df1a29579cd3433cc7b8f35b59b1ca020d625317262d36430565a8aab	NA
2026-09-07T02:40:41Z	cpt_untied_t2b_untiesmoke_seed42	4	131072	642712	7.180962	NA	2.170478	5.131212813e-06	27.875	2.796875	18.125	18.5	12758	2184.11	10709.77	60.01	e9e2228bdd59a98f26170dd5bce6ac054f32acca	22ebaf871045aecef396b7c409e5ace656c6c6b23bd37fe8f06e021bc17446dc	10.0625
2026-09-07T02:40:56Z	cpt_untied_t2b_untiesmoke_seed42	7	229376	1117577	7.654792	NA	2.164811	1.108644843e-06	26.625	2.640625	17.5	18	12758	3056.22	14890.67	75.05	e9e2228bdd59a98f26170dd5bce6ac054f32acca	22ebaf871045aecef396b7c409e5ace656c6c6b23bd37fe8f06e021bc17446dc	8.5
2026-09-07T02:47:29Z	cpt_dmg_mean_k1000_dmgsmoke_seed42	5	163840	561915	7.543828	NA	3.180177	6.100297013e-06	36	18.375	25.375	17.75	11935	2781.63	9540.05	58.9	686187493b34a3f428cf7694d423de20710363ff	92dd646d171948160d8537fcf57a16a58be4a7d1a810c2bed0601605ae144826	NA
2026-09-07T02:47:48Z	cpt_dmg_mean_k1000_dmgsmoke_seed42	9	294912	1001936	7.72472	NA	3.15217	1.615350946e-06	29.25	14.375	20.75	14.875	11935	3799.72	12909.19	77.61	686187493b34a3f428cf7694d423de20710363ff	92dd646d171948160d8537fcf57a16a58be4a7d1a810c2bed0601605ae144826	NA
2026-09-14T04:38:16Z	cpt_dmg_mean_k40_r1_seed42	10	327680	1099296	5.049943	NA	2.13358	9.998705533e-06	17	12.375	7.6875	8.75	11935	1439.38	4828.8	227.65	166725d0694747ccb46eb4883e0a96e6cece0873	7987a9ef5274f52c17dad518a8b2966d8eb8b550d789ceb9308963ae03adaf3e	NA
2026-09-14T04:39:12Z	cpt_dmg_mean_k40_r1_seed42	19	622592	2100511	4.820576	NA	1.968147	9.975580037e-06	13.8125	11.9375	3.953125	5.75	11935	2197.16	7412.83	283.36	166725d0694747ccb46eb4883e0a96e6cece0873	7987a9ef5274f52c17dad518a8b2966d8eb8b550d789ceb9308963ae03adaf3e	NA
2026-09-14T04:40:08Z	cpt_dmg_mean_k40_r1_seed42	28	917504	3090690	4.367254	NA	1.869993	9.924382433e-06	13.0625	11.875	3.296875	4.375	11935	2707.32	9119.84	338.9	166725d0694747ccb46eb4883e0a96e6cece0873	7987a9ef5274f52c17dad518a8b2966d8eb8b550d789ceb9308963ae03adaf3e	NA
2026-09-14T04:41:03Z	cpt_dmg_mean_k40_r1_seed42	37	1212416	4079039	4.375449	NA	1.803957	9.845509235e-06	12.5	11.75	2.453125	3.453125	11935	3073.34	10339.91	394.49	166725d0694747ccb46eb4883e0a96e6cece0873	7987a9ef5274f52c17dad518a8b2966d8eb8b550d789ceb9308963ae03adaf3e	NA
2026-09-14T04:41:59Z	cpt_dmg_mean_k40_r1_seed42	46	1507328	5066514	4.198585	NA	1.754463	9.739492028e-06	11.625	10.875	2.484375	3.3125	11935	3349.5	11258.54	450.02	166725d0694747ccb46eb4883e0a96e6cece0873	7987a9ef5274f52c17dad518a8b2966d8eb8b550d789ceb9308963ae03adaf3e	NA
2026-09-14T04:42:54Z	cpt_dmg_mean_k40_r1_seed42	55	1802240	6055371	3.889056	NA	1.714797	9.606733152e-06	11.25	10.0625	3.09375	4.0625	11935	3565.49	11979.73	505.47	166725d0694747ccb46eb4883e0a96e6cece0873	7987a9ef5274f52c17dad518a8b2966d8eb8b550d789ceb9308963ae03adaf3e	NA
2026-09-14T04:43:50Z	cpt_dmg_mean_k40_r1_seed42	64	2097152	7049878	3.775162	NA	1.682084	9.447217351e-06	10.1875	9.5	2.21875	3.046875	11935	3738.38	12567.11	560.98	166725d0694747ccb46eb4883e0a96e6cece0873	7987a9ef5274f52c17dad518a8b2966d8eb8b550d789ceb9308963ae03adaf3e	NA
2026-09-14T04:44:45Z	cpt_dmg_mean_k40_r1_seed42	73	2392064	8042731	3.795714	NA	1.653437	9.262967357e-06	9.3125	8.6875	1.976562	2.796875	11935	3881.12	13049.31	616.33	166725d0694747ccb46eb4883e0a96e6cece0873	7987a9ef5274f52c17dad518a8b2966d8eb8b550d789ceb9308963ae03adaf3e	NA
2026-09-14T04:45:41Z	cpt_dmg_mean_k40_r1_seed42	82	2686976	9039183	3.48054	NA	1.62927	9.054109236e-06	10	9.25	2.234375	3.171875	11935	3999.12	13453.34	671.89	166725d0694747ccb46eb4883e0a96e6cece0873	7987a9ef5274f52c17dad518a8b2966d8eb8b550d789ceb9308963ae03adaf3e	NA
2026-09-14T04:46:36Z	cpt_dmg_mean_k40_r1_seed42	91	2981888	10028127	3.735991	NA	1.608525	8.824422858e-06	8.875	8.25	1.789062	2.65625	11935	4098.62	13783.71	727.53	166725d0694747ccb46eb4883e0a96e6cece0873	7987a9ef5274f52c17dad518a8b2966d8eb8b550d789ceb9308963ae03adaf3e	NA
2026-09-14T04:47:31Z	cpt_dmg_mean_k40_r1_seed42	100	3276800	11025078	3.902952	NA	1.590948	8.571755065e-06	8.625	8	1.898438	2.625	11935	4186.65	14086.35	782.68	166725d0694747ccb46eb4883e0a96e6cece0873	7987a9ef5274f52c17dad518a8b2966d8eb8b550d789ceb9308963ae03adaf3e	NA
2026-09-14T04:48:26Z	cpt_dmg_mean_k40_r1_seed42	109	3571712	12018367	3.822416	NA	1.575833	8.300522288e-06	8	7.40625	1.976562	2.375	11935	4266.04	14354.7	837.24	166725d0694747ccb46eb4883e0a96e6cece0873	7987a9ef5274f52c17dad518a8b2966d8eb8b550d789ceb9308963ae03adaf3e	NA
2026-09-14T04:49:20Z	cpt_dmg_mean_k40_r1_seed42	118	3866624	13006861	3.667765	NA	1.562482	8.012986866e-06	7.90625	7.21875	1.898438	2.5625	11935	4339.1	14596.2	891.11	166725d0694747ccb46eb4883e0a96e6cece0873	7987a9ef5274f52c17dad518a8b2966d8eb8b550d789ceb9308963ae03adaf3e	NA
2026-09-14T04:50:14Z	cpt_dmg_mean_k40_r1_seed42	127	4161536	14005490	3.56859	NA	1.551169	7.706503625e-06	7.84375	6.96875	2.03125	2.953125	11935	4402.62	14816.86	945.24	166725d0694747ccb46eb4883e0a96e6cece0873	7987a9ef5274f52c17dad518a8b2966d8eb8b550d789ceb9308963ae03adaf3e	NA
2026-09-14T04:51:12Z	cpt_dmg_mean_k40_r1_seed42	137	4489216	15091163	3.547265	NA	1.540637	7.357347085e-06	7.375	6.6875	1.6875	2.65625	11935	4476.05	15046.91	1002.94	166725d0694747ccb46eb4883e0a96e6cece0873	7987a9ef5274f52c17dad518a8b2966d8eb8b550d789ceb9308963ae03adaf3e	NA
2026-09-14T04:52:06Z	cpt_dmg_mean_k40_r1_seed42	146	4784128	16081970	3.969251	NA	1.532321	7.026366569e-06	12.125	10.3125	3.34375	5.4375	11935	4526.2	15214.95	1056.98	166725d0694747ccb46eb4883e0a96e6cece0873	7987a9ef5274f52c17dad518a8b2966d8eb8b550d789ceb9308963ae03adaf3e	NA
2026-09-14T04:53:01Z	cpt_dmg_mean_k40_r1_seed42	155	5079040	17067319	3.591682	NA	1.525858	6.687665616e-06	7	6.3125	1.8125	2.390625	11935	4565.9	15342.98	1112.39	166725d0694747ccb46eb4883e0a96e6cece0873	7987a9ef5274f52c17dad518a8b2966d8eb8b550d789ceb9308963ae03adaf3e	NA
2026-09-14T04:53:56Z	cpt_dmg_mean_k40_r1_seed42	164	5373952	18077302	3.69054	NA	1.519694	6.332833248e-06	7.15625	6.5	1.789062	2.4375	11935	4603.01	15483.94	1167.49	166725d0694747ccb46eb4883e0a96e6cece0873	7987a9ef5274f52c17dad518a8b2966d8eb8b550d789ceb9308963ae03adaf3e	NA
2026-09-14T04:54:52Z	cpt_dmg_mean_k40_r1_seed42	173	5668864	19090470	3.492784	NA	1.51408	5.971405054e-06	7.09375	6.40625	1.796875	2.453125	11935	4634.23	15606.23	1223.26	166725d0694747ccb46eb4883e0a96e6cece0873	7987a9ef5274f52c17dad518a8b2966d8eb8b550d789ceb9308963ae03adaf3e	NA
2026-09-14T04:55:48Z	cpt_dmg_mean_k40_r1_seed42	182	5963776	20103724	3.482943	NA	1.509265	5.606839533e-06	6.90625	6.125	1.75	2.671875	11935	4662.53	15717.25	1279.09	166725d0694747ccb46eb4883e0a96e6cece0873	7987a9ef5274f52c17dad518a8b2966d8eb8b550d789ceb9308963ae03adaf3e	NA
2026-09-14T04:56:44Z	cpt_dmg_mean_k40_r1_seed42	191	6258688	21112932	3.452141	NA	1.505162	5.243026638e-06	6.625	6	1.671875	2.25	11935	4689.09	15818.07	1334.73	166725d0694747ccb46eb4883e0a96e6cece0873	7987a9ef5274f52c17dad518a8b2966d8eb8b550d789ceb9308963ae03adaf3e	NA
2026-09-14T04:57:40Z	cpt_dmg_mean_k40_r1_seed42	200	6553600	22105334	3.505309	NA	1.501723	4.886897738e-06	6.46875	5.75	1.773438	2.34375	11935	4712.27	15894.51	1390.75	166725d0694747ccb46eb4883e0a96e6cece0873	7987a9ef5274f52c17dad518a8b2966d8eb8b550d789ceb9308963ae03adaf3e	NA
2026-09-14T04:58:35Z	cpt_dmg_mean_k40_r1_seed42	209	6848512	23108154	3.467384	NA	1.498569	4.530975683e-06	6.34375	5.65625	1.8125	2.265625	11935	4736.65	15982.32	1445.86	166725d0694747ccb46eb4883e0a96e6cece0873	7987a9ef5274f52c17dad518a8b2966d8eb8b550d789ceb9308963ae03adaf3e	NA
2026-09-14T04:59:30Z	cpt_dmg_mean_k40_r1_seed42	218	7143424	24094039	3.455593	NA	1.496006	4.187149871e-06	6.75	5.96875	1.820312	2.546875	11935	4759.86	16054.53	1500.76	166725d0694747ccb46eb4883e0a96e6cece0873	7987a9ef5274f52c17dad518a8b2966d8eb8b550d789ceb9308963ae03adaf3e	NA
2026-09-14T05:00:24Z	cpt_dmg_mean_k40_r1_seed42	227	7438336	25083391	3.487037	NA	1.493886	3.850352306e-06	6.3125	5.5	1.703125	2.578125	11935	4782.56	16127.64	1555.3	166725d0694747ccb46eb4883e0a96e6cece0873	7987a9ef5274f52c17dad518a8b2966d8eb8b550d789ceb9308963ae03adaf3e	NA
2026-09-14T05:01:19Z	cpt_dmg_mean_k40_r1_seed42	236	7733248	26083180	3.475076	NA	1.49209	3.52053931e-06	6.375	5.6875	1.734375	2.296875	11935	4802.03	16196.57	1610.41	166725d0694747ccb46eb4883e0a96e6cece0873	7987a9ef5274f52c17dad518a8b2966d8eb8b550d789ceb9308963ae03adaf3e	NA
2026-09-14T05:02:14Z	cpt_dmg_mean_k40_r1_seed42	245	8028160	27080192	3.461484	NA	1.490649	3.204289243e-06	6.1875	5.5	1.648438	2.3125	11935	4820.92	16261.7	1665.27	166725d0694747ccb46eb4883e0a96e6cece0873	7987a9ef5274f52c17dad518a8b2966d8eb8b550d789ceb9308963ae03adaf3e	NA
2026-09-14T05:03:08Z	cpt_dmg_mean_k40_r1_seed42	254	8323072	28062322	3.408998	NA	1.48933	2.907073083e-06	6.375	5.5625	1.90625	2.4375	11935	4841.4	16323.42	1719.15	166725d0694747ccb46eb4883e0a96e6cece0873	7987a9ef5274f52c17dad518a8b2966d8eb8b550d789ceb9308963ae03adaf3e	NA
2026-09-14T05:04:02Z	cpt_dmg_mean_k40_r1_seed42	263	8617984	29052806	3.529063	NA	1.488249	2.623595102e-06	6.40625	5.78125	1.65625	2.234375	11935	4859.85	16383.46	1773.3	166725d0694747ccb46eb4883e0a96e6cece0873	7987a9ef5274f52c17dad518a8b2966d8eb8b550d789ceb9308963ae03adaf3e	NA
2026-09-14T05:04:57Z	cpt_dmg_mean_k40_r1_seed42	272	8912896	30037107	3.479864	NA	1.487384	2.359829182e-06	17.25	12.5	11.3125	2.90625	11935	4874.41	16427.11	1828.51	166725d0694747ccb46eb4883e0a96e6cece0873	7987a9ef5274f52c17dad518a8b2966d8eb8b550d789ceb9308963ae03adaf3e	NA
2026-09-14T05:05:53Z	cpt_dmg_mean_k40_r1_seed42	281	9207808	31042509	3.25138	NA	1.486815	2.110583135e-06	6.40625	5.5	1.882812	2.703125	11935	4887.3	16476.68	1884.03	166725d0694747ccb46eb4883e0a96e6cece0873	7987a9ef5274f52c17dad518a8b2966d8eb8b550d789ceb9308963ae03adaf3e	NA
2026-09-14T05:06:49Z	cpt_dmg_mean_k40_r1_seed42	290	9502720	32030208	3.464996	NA	1.486263	1.887133296e-06	6.28125	5.53125	1.726562	2.453125	11935	4898.6	16511.4	1939.88	166725d0694747ccb46eb4883e0a96e6cece0873	7987a9ef5274f52c17dad518a8b2966d8eb8b550d789ceb9308963ae03adaf3e	NA
2026-09-14T05:07:43Z	cpt_dmg_mean_k40_r1_seed42	299	9797632	33020705	3.421686	NA	1.48586	1.685773618e-06	6.5625	5.9375	1.703125	2.234375	11935	4912.25	16555.63	1994.53	166725d0694747ccb46eb4883e0a96e6cece0873	7987a9ef5274f52c17dad518a8b2966d8eb8b550d789ceb9308963ae03adaf3e	NA
2026-09-14T05:08:39Z	cpt_dmg_mean_k40_r1_seed42	308	10092544	34018734	3.65181	NA	1.485571	1.507182587e-06	6.65625	5.9375	1.757812	2.390625	11935	4922.1	16590.82	2050.46	166725d0694747ccb46eb4883e0a96e6cece0873	7987a9ef5274f52c17dad518a8b2966d8eb8b550d789ceb9308963ae03adaf3e	NA
2026-09-14T05:09:35Z	cpt_dmg_mean_k40_r1_seed42	317	10387456	35021670	3.403483	NA	1.485394	1.353434409e-06	6.15625	5.40625	1.773438	2.359375	11935	4932.53	16630.2	2105.91	166725d0694747ccb46eb4883e0a96e6cece0873	7987a9ef5274f52c17dad518a8b2966d8eb8b550d789ceb9308963ae03adaf3e	NA
2026-09-14T05:10:30Z	cpt_dmg_mean_k40_r1_seed42	326	10682368	36006644	3.503907	NA	1.485142	1.228494711e-06	6.21875	5.34375	1.734375	2.6875	11935	4943.34	16662.33	2160.96	166725d0694747ccb46eb4883e0a96e6cece0873	7987a9ef5274f52c17dad518a8b2966d8eb8b550d789ceb9308963ae03adaf3e	NA
2026-09-14T05:11:25Z	cpt_dmg_mean_k40_r1_seed42	335	10977280	37005374	3.260549	NA	1.48497	1.128976249e-06	6.1875	5.40625	1.726562	2.421875	11935	4953.01	16697.04	2216.28	166725d0694747ccb46eb4883e0a96e6cece0873	7987a9ef5274f52c17dad518a8b2966d8eb8b550d789ceb9308963ae03adaf3e	NA
2026-09-14T05:12:20Z	cpt_dmg_mean_k40_r1_seed42	344	11272192	38011382	3.525085	NA	1.484813	1.057028693e-06	6.25	5.53125	1.726562	2.34375	11935	4962.31	16733.58	2271.56	166725d0694747ccb46eb4883e0a96e6cece0873	7987a9ef5274f52c17dad518a8b2966d8eb8b550d789ceb9308963ae03adaf3e	NA
2026-09-14T05:13:14Z	cpt_dmg_mean_k40_r1_seed42	353	11567104	39029394	3.522495	NA	1.484717	1.01360746e-06	6.375	5.71875	1.734375	2.1875	11935	4973.82	16782.51	2325.6	166725d0694747ccb46eb4883e0a96e6cece0873	7987a9ef5274f52c17dad518a8b2966d8eb8b550d789ceb9308963ae03adaf3e	NA
2026-09-14T05:17:57Z	cpt_Qwen2.5-0.5B_r1ctrl_seed42	10	327680	1099296	2.686064	NA	1.154298	9.998705533e-06	3.4375	2.140625	1.492188	2.25	11935	1483.19	4975.8	220.93	166725d0694747ccb46eb4883e0a96e6cece0873	56b9dcb52635a2c491fa014f843d56dedd51118f64821762606f208bd2d561fc	NA
2026-09-14T05:18:51Z	cpt_Qwen2.5-0.5B_r1ctrl_seed42	19	622592	2100511	2.87275	NA	1.153586	9.975580037e-06	3.484375	2.140625	1.625	2.203125	11935	2263.56	7636.84	275.05	166725d0694747ccb46eb4883e0a96e6cece0873	56b9dcb52635a2c491fa014f843d56dedd51118f64821762606f208bd2d561fc	NA
2026-09-14T05:19:45Z	cpt_Qwen2.5-0.5B_r1ctrl_seed42	28	917504	3090690	2.762889	NA	1.152827	9.924382433e-06	3.609375	2.375	1.585938	2.203125	11935	2792.36	9406.3	328.58	166725d0694747ccb46eb4883e0a96e6cece0873	56b9dcb52635a2c491fa014f843d56dedd51118f64821762606f208bd2d561fc	NA
2026-09-14T05:20:40Z	cpt_Qwen2.5-0.5B_r1ctrl_seed42	37	1212416	4079039	2.765061	NA	1.152156	9.845509235e-06	3.125	2.015625	1.40625	1.921875	11935	3161.87	10637.74	383.45	166725d0694747ccb46eb4883e0a96e6cece0873	56b9dcb52635a2c491fa014f843d56dedd51118f64821762606f208bd2d561fc	NA
2026-09-14T05:21:34Z	cpt_Qwen2.5-0.5B_r1ctrl_seed42	46	1507328	5066514	2.776398	NA	1.151494	9.739492028e-06	3.375	2.234375	1.507812	2.03125	11935	3445.73	11581.98	437.45	166725d0694747ccb46eb4883e0a96e6cece0873	56b9dcb52635a2c491fa014f843d56dedd51118f64821762606f208bd2d561fc	NA
2026-09-14T05:22:28Z	cpt_Qwen2.5-0.5B_r1ctrl_seed42	55	1802240	6055371	2.687337	NA	1.151114	9.606733152e-06	3.953125	2.6875	1.703125	2.34375	11935	3663.28	12308.31	491.97	166725d0694747ccb46eb4883e0a96e6cece0873	56b9dcb52635a2c491fa014f843d56dedd51118f64821762606f208bd2d561fc	NA
2026-09-14T05:23:22Z	cpt_Qwen2.5-0.5B_r1ctrl_seed42	64	2097152	7049878	2.574723	NA	1.150631	9.447217351e-06	3.03125	1.90625	1.390625	1.90625	11935	3845.12	12925.91	545.41	166725d0694747ccb46eb4883e0a96e6cece0873	56b9dcb52635a2c491fa014f843d56dedd51118f64821762606f208bd2d561fc	NA
2026-09-14T05:24:17Z	cpt_Qwen2.5-0.5B_r1ctrl_seed42	73	2392064	8042731	2.671315	NA	1.150223	9.262967357e-06	3.046875	1.96875	1.390625	1.859375	11935	3982.77	13391.08	600.6	166725d0694747ccb46eb4883e0a96e6cece0873	56b9dcb52635a2c491fa014f843d56dedd51118f64821762606f208bd2d561fc	NA
2026-09-14T05:25:10Z	cpt_Qwen2.5-0.5B_r1ctrl_seed42	82	2686976	9039183	2.409689	NA	1.149849	9.054109236e-06	3.75	2.578125	1.5	2.265625	11935	4108.52	13821.35	654	166725d0694747ccb46eb4883e0a96e6cece0873	56b9dcb52635a2c491fa014f843d56dedd51118f64821762606f208bd2d561fc	NA
2026-09-14T05:26:05Z	cpt_Qwen2.5-0.5B_r1ctrl_seed42	91	2981888	10028127	2.650477	NA	1.149471	8.824422858e-06	3.15625	2.03125	1.398438	1.960938	11935	4209.38	14156.18	708.39	166725d0694747ccb46eb4883e0a96e6cece0873	56b9dcb52635a2c491fa014f843d56dedd51118f64821762606f208bd2d561fc	NA
2026-09-14T05:27:00Z	cpt_Qwen2.5-0.5B_r1ctrl_seed42	100	3276800	11025078	2.856886	NA	1.149111	8.571755065e-06	3.25	2.09375	1.492188	1.984375	11935	4293.05	14444.35	763.28	166725d0694747ccb46eb4883e0a96e6cece0873	56b9dcb52635a2c491fa014f843d56dedd51118f64821762606f208bd2d561fc	NA
2026-09-14T05:27:53Z	cpt_Qwen2.5-0.5B_r1ctrl_seed42	109	3571712	12018367	2.813255	NA	1.148809	8.300522288e-06	3.015625	1.960938	1.328125	1.875	11935	4373.92	14717.71	816.59	166725d0694747ccb46eb4883e0a96e6cece0873	56b9dcb52635a2c491fa014f843d56dedd51118f64821762606f208bd2d561fc	NA
2026-09-14T05:28:48Z	cpt_Qwen2.5-0.5B_r1ctrl_seed42	118	3866624	13006861	2.710124	NA	1.148563	8.012986866e-06	3.15625	2.0625	1.40625	1.9375	11935	4437.64	14927.69	871.32	166725d0694747ccb46eb4883e0a96e6cece0873	56b9dcb52635a2c491fa014f843d56dedd51118f64821762606f208bd2d561fc	NA
2026-09-14T05:29:41Z	cpt_Qwen2.5-0.5B_r1ctrl_seed42	127	4161536	14005490	2.653961	NA	1.148272	7.706503625e-06	3.328125	2.21875	1.484375	1.992188	11935	4499.67	15143.45	924.85	166725d0694747ccb46eb4883e0a96e6cece0873	56b9dcb52635a2c491fa014f843d56dedd51118f64821762606f208bd2d561fc	NA
2026-09-14T05:30:38Z	cpt_Qwen2.5-0.5B_r1ctrl_seed42	137	4489216	15091163	2.618796	NA	1.147987	7.357347085e-06	2.953125	1.875	1.320312	1.851562	11935	4570.95	15365.91	982.12	166725d0694747ccb46eb4883e0a96e6cece0873	56b9dcb52635a2c491fa014f843d56dedd51118f64821762606f208bd2d561fc	NA
2026-09-14T05:31:33Z	cpt_Qwen2.5-0.5B_r1ctrl_seed42	146	4784128	16081970	3.112809	NA	1.147773	7.026366569e-06	8.25	6.375	2.546875	4.5625	11935	4615.68	15515.72	1036.5	166725d0694747ccb46eb4883e0a96e6cece0873	56b9dcb52635a2c491fa014f843d56dedd51118f64821762606f208bd2d561fc	NA
2026-09-14T05:32:26Z	cpt_Qwen2.5-0.5B_r1ctrl_seed42	155	5079040	17067319	2.724591	NA	1.147666	6.687665616e-06	3.15625	2	1.429688	1.96875	11935	4660.89	15662.19	1089.71	166725d0694747ccb46eb4883e0a96e6cece0873	56b9dcb52635a2c491fa014f843d56dedd51118f64821762606f208bd2d561fc	NA
2026-09-14T05:33:21Z	cpt_Qwen2.5-0.5B_r1ctrl_seed42	164	5373952	18077302	2.819196	NA	1.1475	6.332833248e-06	3.25	2.171875	1.429688	1.945312	11935	4696.34	15797.9	1144.29	166725d0694747ccb46eb4883e0a96e6cece0873	56b9dcb52635a2c491fa014f843d56dedd51118f64821762606f208bd2d561fc	NA
2026-09-14T05:34:14Z	cpt_Qwen2.5-0.5B_r1ctrl_seed42	173	5668864	19090470	2.610547	NA	1.147379	5.971405054e-06	3.25	2.078125	1.421875	2.0625	11935	4732.8	15938.18	1197.78	166725d0694747ccb46eb4883e0a96e6cece0873	56b9dcb52635a2c491fa014f843d56dedd51118f64821762606f208bd2d561fc	NA
2026-09-14T05:35:08Z	cpt_Qwen2.5-0.5B_r1ctrl_seed42	182	5963776	20103724	2.633734	NA	1.147231	5.606839533e-06	3.234375	2.125	1.40625	1.976562	11935	4766.4	16067.41	1251.21	166725d0694747ccb46eb4883e0a96e6cece0873	56b9dcb52635a2c491fa014f843d56dedd51118f64821762606f208bd2d561fc	NA
2026-09-14T05:36:03Z	cpt_Qwen2.5-0.5B_r1ctrl_seed42	191	6258688	21112932	2.610075	NA	1.147135	5.243026638e-06	3.03125	2	1.335938	1.851562	11935	4790.63	16160.6	1306.44	166725d0694747ccb46eb4883e0a96e6cece0873	56b9dcb52635a2c491fa014f843d56dedd51118f64821762606f208bd2d561fc	NA
2026-09-14T05:36:56Z	cpt_Qwen2.5-0.5B_r1ctrl_seed42	200	6553600	22105334	2.695295	NA	1.147009	4.886897738e-06	3.1875	2.109375	1.40625	1.929688	11935	4819.23	16255.3	1359.88	166725d0694747ccb46eb4883e0a96e6cece0873	56b9dcb52635a2c491fa014f843d56dedd51118f64821762606f208bd2d561fc	NA
2026-09-14T05:37:51Z	cpt_Qwen2.5-0.5B_r1ctrl_seed42	209	6848512	23108154	2.644883	NA	1.146923	4.530975683e-06	3.125	2	1.414062	1.9375	11935	4842.58	16339.76	1414.23	166725d0694747ccb46eb4883e0a96e6cece0873	56b9dcb52635a2c491fa014f843d56dedd51118f64821762606f208bd2d561fc	NA
2026-09-14T05:38:44Z	cpt_Qwen2.5-0.5B_r1ctrl_seed42	218	7143424	24094039	2.669352	NA	1.146845	4.187149871e-06	3.578125	2.453125	1.460938	2.15625	11935	4866.64	16414.69	1467.83	166725d0694747ccb46eb4883e0a96e6cece0873	56b9dcb52635a2c491fa014f843d56dedd51118f64821762606f208bd2d561fc	NA
2026-09-14T05:39:37Z	cpt_Qwen2.5-0.5B_r1ctrl_seed42	227	7438336	25083391	2.660811	NA	1.146772	3.850352306e-06	2.984375	1.914062	1.382812	1.820312	11935	4889.97	16489.85	1521.14	166725d0694747ccb46eb4883e0a96e6cece0873	56b9dcb52635a2c491fa014f843d56dedd51118f64821762606f208bd2d561fc	NA
2026-09-14T05:40:31Z	cpt_Qwen2.5-0.5B_r1ctrl_seed42	236	7733248	26083180	2.65384	NA	1.146636	3.52053931e-06	3.25	2.0625	1.515625	1.992188	11935	4909.9	16560.43	1575.03	166725d0694747ccb46eb4883e0a96e6cece0873	56b9dcb52635a2c491fa014f843d56dedd51118f64821762606f208bd2d561fc	NA
2026-09-14T05:41:26Z	cpt_Qwen2.5-0.5B_r1ctrl_seed42	245	8028160	27080192	2.695657	NA	1.146628	3.204289243e-06	3.21875	2.1875	1.382812	1.90625	11935	4927.06	16619.7	1629.4	166725d0694747ccb46eb4883e0a96e6cece0873	56b9dcb52635a2c491fa014f843d56dedd51118f64821762606f208bd2d561fc	NA
2026-09-14T05:42:20Z	cpt_Qwen2.5-0.5B_r1ctrl_seed42	254	8323072	28062322	2.653566	NA	1.146602	2.907073083e-06	3.34375	2.28125	1.429688	1.992188	11935	4943.42	16667.37	1683.67	166725d0694747ccb46eb4883e0a96e6cece0873	56b9dcb52635a2c491fa014f843d56dedd51118f64821762606f208bd2d561fc	NA
2026-09-14T05:43:13Z	cpt_Qwen2.5-0.5B_r1ctrl_seed42	263	8617984	29052806	2.736531	NA	1.146574	2.623595102e-06	3.0625	2.0625	1.296875	1.851562	11935	4960.96	16724.32	1737.16	166725d0694747ccb46eb4883e0a96e6cece0873	56b9dcb52635a2c491fa014f843d56dedd51118f64821762606f208bd2d561fc	NA
2026-09-14T05:44:08Z	cpt_Qwen2.5-0.5B_r1ctrl_seed42	272	8912896	30037107	2.681345	NA	1.146528	2.359829182e-06	3.0625	2	1.335938	1.898438	11935	4974.18	16763.35	1791.83	166725d0694747ccb46eb4883e0a96e6cece0873	56b9dcb52635a2c491fa014f843d56dedd51118f64821762606f208bd2d561fc	NA
2026-09-14T05:45:02Z	cpt_Qwen2.5-0.5B_r1ctrl_seed42	281	9207808	31042509	2.468583	NA	1.146522	2.110583135e-06	3.28125	2.15625	1.46875	1.992188	11935	4988.87	16819.11	1845.67	166725d0694747ccb46eb4883e0a96e6cece0873	56b9dcb52635a2c491fa014f843d56dedd51118f64821762606f208bd2d561fc	NA
2026-09-14T05:45:55Z	cpt_Qwen2.5-0.5B_r1ctrl_seed42	290	9502720	32030208	2.664392	NA	1.146586	1.887133296e-06	3.109375	2.0625	1.335938	1.914062	11935	5004.3	16867.69	1898.91	166725d0694747ccb46eb4883e0a96e6cece0873	56b9dcb52635a2c491fa014f843d56dedd51118f64821762606f208bd2d561fc	NA
2026-09-14T05:46:50Z	cpt_Qwen2.5-0.5B_r1ctrl_seed42	299	9797632	33020705	2.62127	NA	1.146459	1.685773618e-06	3.125	2.09375	1.34375	1.898438	11935	5014.72	16900.99	1953.77	166725d0694747ccb46eb4883e0a96e6cece0873	56b9dcb52635a2c491fa014f843d56dedd51118f64821762606f208bd2d561fc	NA
2026-09-14T05:47:44Z	cpt_Qwen2.5-0.5B_r1ctrl_seed42	308	10092544	34018734	2.840664	NA	1.146498	1.507182587e-06	3.28125	2.15625	1.515625	1.945312	11935	5027.61	16946.46	2007.42	166725d0694747ccb46eb4883e0a96e6cece0873	56b9dcb52635a2c491fa014f843d56dedd51118f64821762606f208bd2d561fc	NA
2026-09-14T05:48:38Z	cpt_Qwen2.5-0.5B_r1ctrl_seed42	317	10387456	35021670	2.599913	NA	1.146446	1.353434409e-06	3.140625	1.992188	1.398438	1.992188	11935	5037.69	16984.75	2061.95	166725d0694747ccb46eb4883e0a96e6cece0873	56b9dcb52635a2c491fa014f843d56dedd51118f64821762606f208bd2d561fc	NA
2026-09-14T05:49:32Z	cpt_Qwen2.5-0.5B_r1ctrl_seed42	326	10682368	36006644	2.712488	NA	1.146457	1.228494711e-06	3.125	2	1.4375	1.921875	11935	5049.88	17021.42	2115.37	166725d0694747ccb46eb4883e0a96e6cece0873	56b9dcb52635a2c491fa014f843d56dedd51118f64821762606f208bd2d561fc	NA
2026-09-14T05:50:26Z	cpt_Qwen2.5-0.5B_r1ctrl_seed42	335	10977280	37005374	2.493741	NA	1.146469	1.128976249e-06	3.125	2.03125	1.414062	1.898438	11935	5060.4	17059.05	2169.25	166725d0694747ccb46eb4883e0a96e6cece0873	56b9dcb52635a2c491fa014f843d56dedd51118f64821762606f208bd2d561fc	NA
2026-09-14T05:51:19Z	cpt_Qwen2.5-0.5B_r1ctrl_seed42	344	11272192	38011382	2.711128	NA	1.146441	1.057028693e-06	3.1875	2.109375	1.367188	1.96875	11935	5071.47	17101.69	2222.67	166725d0694747ccb46eb4883e0a96e6cece0873	56b9dcb52635a2c491fa014f843d56dedd51118f64821762606f208bd2d561fc	NA
2026-09-14T05:52:13Z	cpt_Qwen2.5-0.5B_r1ctrl_seed42	353	11567104	39029394	2.679617	NA	1.146464	1.01360746e-06	3.09375	2.03125	1.359375	1.898438	11935	5081.67	17146.43	2276.24	166725d0694747ccb46eb4883e0a96e6cece0873	56b9dcb52635a2c491fa014f843d56dedd51118f64821762606f208bd2d561fc	NA
2026-09-14T06:16:45Z	cpt_kot2b_v2_n30000_mean_r1base_seed42	7	229376	1100077	7.562701	NA	2.157643	9.998698768e-06	23.5	8.4375	15.5	15.625	11935	1158.2	5554.65	198.05	5803a18d7a0cffaefb4ee90db283d9e5dc113b0f	e4f0cba5360b93c1d68e1b010a68ce58786160428d9afc911ec3cb9f00f62a29	NA
2026-09-14T06:17:27Z	cpt_kot2b_v2_n30000_mean_r1base_seed42	13	425984	2059544	7.188252	NA	2.061039	9.977093011e-06	18.125	7.8125	10.5	12.625	11935	1777.88	8595.67	239.6	5803a18d7a0cffaefb4ee90db283d9e5dc113b0f	e4f0cba5360b93c1d68e1b010a68ce58786160428d9afc911ec3cb9f00f62a29	NA
2026-09-14T06:18:09Z	cpt_kot2b_v2_n30000_mean_r1base_seed42	19	622592	3003672	6.699997	NA	1.999323	9.930003726e-06	11.5625	6.21875	7.78125	5.84375	11935	2208.62	10655.41	281.89	5803a18d7a0cffaefb4ee90db283d9e5dc113b0f	e4f0cba5360b93c1d68e1b010a68ce58786160428d9afc911ec3cb9f00f62a29	NA
2026-09-14T06:18:56Z	cpt_kot2b_v2_n30000_mean_r1base_seed42	26	851968	4104762	6.887888	NA	1.95151	9.843090108e-06	10.0625	6.0625	6.8125	4.21875	11935	2589.33	12475.35	329.03	5803a18d7a0cffaefb4ee90db283d9e5dc113b0f	e4f0cba5360b93c1d68e1b010a68ce58786160428d9afc911ec3cb9f00f62a29	NA
2026-09-14T06:19:38Z	cpt_kot2b_v2_n30000_mean_r1base_seed42	32	1048576	5056857	6.6079	NA	1.920432	9.740658534e-06	8.6875	5.90625	5.34375	3.5	11935	2828.1	13638.76	370.77	5803a18d7a0cffaefb4ee90db283d9e5dc113b0f	e4f0cba5360b93c1d68e1b010a68ce58786160428d9afc911ec3cb9f00f62a29	NA
2026-09-14T06:20:20Z	cpt_kot2b_v2_n30000_mean_r1base_seed42	38	1245184	6002662	6.357208	NA	1.896332	9.614468106e-06	8.3125	5.96875	4.53125	3.53125	11935	3020.22	14559.59	412.28	5803a18d7a0cffaefb4ee90db283d9e5dc113b0f	e4f0cba5360b93c1d68e1b010a68ce58786160428d9afc911ec3cb9f00f62a29	NA
2026-09-14T06:21:05Z	cpt_kot2b_v2_n30000_mean_r1base_seed42	45	1474560	7098660	5.921067	NA	1.873506	9.438739138e-06	7.03125	5.40625	3.375	2.9375	11935	3219.28	15497.89	458.04	5803a18d7a0cffaefb4ee90db283d9e5dc113b0f	e4f0cba5360b93c1d68e1b010a68ce58786160428d9afc911ec3cb9f00f62a29	NA
2026-09-14T06:21:49Z	cpt_kot2b_v2_n30000_mean_r1base_seed42	51	1671168	8047545	6.104584	NA	1.857282	9.26201498e-06	6.59375	5.125	3.0625	2.8125	11935	3333.81	16054.01	501.28	5803a18d7a0cffaefb4ee90db283d9e5dc113b0f	e4f0cba5360b93c1d68e1b010a68ce58786160428d9afc911ec3cb9f00f62a29	NA
2026-09-14T06:22:34Z	cpt_kot2b_v2_n30000_mean_r1base_seed42	58	1900544	9150308	6.050374	NA	1.84156	9.029387317e-06	8.5	7.03125	3.421875	3.34375	11935	3478.98	16749.82	546.29	5803a18d7a0cffaefb4ee90db283d9e5dc113b0f	e4f0cba5360b93c1d68e1b010a68ce58786160428d9afc911ec3cb9f00f62a29	NA
2026-09-14T06:23:17Z	cpt_kot2b_v2_n30000_mean_r1base_seed42	64	2097152	10093779	5.989756	NA	1.830365	8.808419466e-06	6.53125	4.9375	2.859375	3.1875	11935	3560.02	17134.7	589.08	5803a18d7a0cffaefb4ee90db283d9e5dc113b0f	e4f0cba5360b93c1d68e1b010a68ce58786160428d9afc911ec3cb9f00f62a29	NA
2026-09-14T06:24:00Z	cpt_kot2b_v2_n30000_mean_r1base_seed42	70	2293760	11053338	6.258871	NA	1.820691	8.564299263e-06	7.0625	5.5	3.5625	2.625	11935	3628.27	17484.16	632.19	5803a18d7a0cffaefb4ee90db283d9e5dc113b0f	e4f0cba5360b93c1d68e1b010a68ce58786160428d9afc911ec3cb9f00f62a29	NA
2026-09-14T06:24:42Z	cpt_kot2b_v2_n30000_mean_r1base_seed42	76	2490368	12001463	6.34921	NA	1.812224	8.30529158e-06	6.6875	5.375	3.03125	2.546875	11935	3689.77	17781.55	674.94	5803a18d7a0cffaefb4ee90db283d9e5dc113b0f	e4f0cba5360b93c1d68e1b010a68ce58786160428d9afc911ec3cb9f00f62a29	NA
2026-09-14T06:25:28Z	cpt_kot2b_v2_n30000_mean_r1base_seed42	83	2719744	13104303	5.997989	NA	1.80363	7.983758971e-06	6.75	5.34375	3.046875	2.78125	11935	3773.73	18182.62	720.7	5803a18d7a0cffaefb4ee90db283d9e5dc113b0f	e4f0cba5360b93c1d68e1b010a68ce58786160428d9afc911ec3cb9f00f62a29	NA
2026-09-14T06:26:10Z	cpt_kot2b_v2_n30000_mean_r1base_seed42	89	2916352	14044296	6.06464	NA	1.797241	7.694295784e-06	6.6875	5.1875	2.9375	3.015625	11935	3823.53	18412.99	762.74	5803a18d7a0cffaefb4ee90db283d9e5dc113b0f	e4f0cba5360b93c1d68e1b010a68ce58786160428d9afc911ec3cb9f00f62a29	NA
2026-09-14T06:26:56Z	cpt_kot2b_v2_n30000_mean_r1base_seed42	96	3145728	15128003	5.933852	NA	1.79067	7.345237445e-06	6	4.875	2.453125	2.515625	11935	3889.79	18706.26	808.71	5803a18d7a0cffaefb4ee90db283d9e5dc113b0f	e4f0cba5360b93c1d68e1b010a68ce58786160428d9afc911ec3cb9f00f62a29	NA
2026-09-14T06:27:39Z	cpt_kot2b_v2_n30000_mean_r1base_seed42	102	3342336	16075724	6.340721	NA	1.785565	7.028485409e-06	10.75	8.0625	3.703125	6.09375	11935	3926.34	18884.62	851.26	5803a18d7a0cffaefb4ee90db283d9e5dc113b0f	e4f0cba5360b93c1d68e1b010a68ce58786160428d9afc911ec3cb9f00f62a29	NA
2026-09-14T06:28:20Z	cpt_kot2b_v2_n30000_mean_r1base_seed42	108	3538944	17008608	6.045319	NA	1.78168	6.708075293e-06	6.65625	5.3125	2.953125	2.75	11935	3963.59	19049.52	892.86	5803a18d7a0cffaefb4ee90db283d9e5dc113b0f	e4f0cba5360b93c1d68e1b010a68ce58786160428d9afc911ec3cb9f00f62a29	NA
2026-09-14T06:29:05Z	cpt_kot2b_v2_n30000_mean_r1base_seed42	115	3768320	18130220	5.977218	NA	1.77718	6.314071052e-06	5.84375	4.84375	2.21875	2.359375	11935	4017.11	19327.2	938.07	5803a18d7a0cffaefb4ee90db283d9e5dc113b0f	e4f0cba5360b93c1d68e1b010a68ce58786160428d9afc911ec3cb9f00f62a29	NA
2026-09-14T06:29:47Z	cpt_kot2b_v2_n30000_mean_r1base_seed42	121	3964928	19091312	5.955784	NA	1.773663	5.971103063e-06	6.03125	4.96875	2.46875	2.375	11935	4046.71	19485.09	979.79	5803a18d7a0cffaefb4ee90db283d9e5dc113b0f	e4f0cba5360b93c1d68e1b010a68ce58786160428d9afc911ec3cb9f00f62a29	NA
2026-09-14T06:30:31Z	cpt_kot2b_v2_n30000_mean_r1base_seed42	127	4161536	20058975	5.854292	NA	1.770571	5.622972632e-06	6.09375	5	2.34375	2.5625	11935	4067.43	19605.37	1023.14	5803a18d7a0cffaefb4ee90db283d9e5dc113b0f	e4f0cba5360b93c1d68e1b010a68ce58786160428d9afc911ec3cb9f00f62a29	NA
2026-09-14T06:31:13Z	cpt_kot2b_v2_n30000_mean_r1base_seed42	133	4358144	21023382	5.621848	NA	1.767933	5.275275771e-06	5.71875	4.75	2.125	2.375	11935	4091.87	19738.9	1065.07	5803a18d7a0cffaefb4ee90db283d9e5dc113b0f	e4f0cba5360b93c1d68e1b010a68ce58786160428d9afc911ec3cb9f00f62a29	NA
2026-09-14T06:31:59Z	cpt_kot2b_v2_n30000_mean_r1base_seed42	140	4587520	22128477	5.622027	NA	1.765346	4.878630287e-06	6.15625	4.9375	2.484375	2.734375	11935	4127.76	19910.74	1111.38	5803a18d7a0cffaefb4ee90db283d9e5dc113b0f	e4f0cba5360b93c1d68e1b010a68ce58786160428d9afc911ec3cb9f00f62a29	NA
2026-09-14T06:32:42Z	cpt_kot2b_v2_n30000_mean_r1base_seed42	146	4784128	23091710	5.814191	NA	1.763467	4.536767789e-06	5.9375	4.84375	2.40625	2.40625	11935	4142.74	19995.88	1154.82	5803a18d7a0cffaefb4ee90db283d9e5dc113b0f	e4f0cba5360b93c1d68e1b010a68ce58786160428d9afc911ec3cb9f00f62a29	NA
2026-09-14T06:33:25Z	cpt_kot2b_v2_n30000_mean_r1base_seed42	152	4980736	24034659	5.752053	NA	1.761789	4.207647954e-06	6	4.875	2.40625	2.53125	11935	4158.4	20066.48	1197.75	5803a18d7a0cffaefb4ee90db283d9e5dc113b0f	e4f0cba5360b93c1d68e1b010a68ce58786160428d9afc911ec3cb9f00f62a29	NA
2026-09-14T06:34:12Z	cpt_kot2b_v2_n30000_mean_r1base_seed42	159	5210112	25134160	5.836486	NA	1.760176	3.833331217e-06	6	4.96875	2.265625	2.515625	11935	4185.08	20189.29	1244.93	5803a18d7a0cffaefb4ee90db283d9e5dc113b0f	e4f0cba5360b93c1d68e1b010a68ce58786160428d9afc911ec3cb9f00f62a29	NA
2026-09-14T06:34:54Z	cpt_kot2b_v2_n30000_mean_r1base_seed42	165	5406720	26084589	5.625612	NA	1.759018	3.520082981e-06	5.6875	4.75	2	2.40625	11935	4202.45	20274.6	1286.56	5803a18d7a0cffaefb4ee90db283d9e5dc113b0f	e4f0cba5360b93c1d68e1b010a68ce58786160428d9afc911ec3cb9f00f62a29	NA
2026-09-14T06:35:36Z	cpt_kot2b_v2_n30000_mean_r1base_seed42	171	5603328	27032372	5.257441	NA	1.758019	3.219138933e-06	6.15625	5.125	2.296875	2.53125	11935	4218.85	20353.18	1328.16	5803a18d7a0cffaefb4ee90db283d9e5dc113b0f	e4f0cba5360b93c1d68e1b010a68ce58786160428d9afc911ec3cb9f00f62a29	NA
2026-09-14T06:36:22Z	cpt_kot2b_v2_n30000_mean_r1base_seed42	178	5832704	28136397	5.684419	NA	1.757089	2.885284974e-06	6.15625	5	2.625	2.4375	11935	4241.87	20462.38	1375.03	5803a18d7a0cffaefb4ee90db283d9e5dc113b0f	e4f0cba5360b93c1d68e1b010a68ce58786160428d9afc911ec3cb9f00f62a29	NA
2026-09-14T06:37:04Z	cpt_kot2b_v2_n30000_mean_r1base_seed42	184	6029312	29081552	5.981337	NA	1.756416	2.615630096e-06	5.84375	4.84375	2.15625	2.4375	11935	4255.7	20526.8	1416.76	5803a18d7a0cffaefb4ee90db283d9e5dc113b0f	e4f0cba5360b93c1d68e1b010a68ce58786160428d9afc911ec3cb9f00f62a29	NA
2026-09-14T06:37:46Z	cpt_kot2b_v2_n30000_mean_r1base_seed42	190	6225920	30019521	5.809185	NA	1.755863	2.364375109e-06	5.84375	4.78125	2.359375	2.375	11935	4268.27	20580.32	1458.65	5803a18d7a0cffaefb4ee90db283d9e5dc113b0f	e4f0cba5360b93c1d68e1b010a68ce58786160428d9afc911ec3cb9f00f62a29	NA
2026-09-14T06:38:33Z	cpt_kot2b_v2_n30000_mean_r1base_seed42	197	6455296	31133577	5.758178	NA	1.755403	2.089069926e-06	6.03125	5	2.28125	2.484375	11935	4287.1	20676.48	1505.75	5803a18d7a0cffaefb4ee90db283d9e5dc113b0f	e4f0cba5360b93c1d68e1b010a68ce58786160428d9afc911ec3cb9f00f62a29	NA
2026-09-14T06:39:16Z	cpt_kot2b_v2_n30000_mean_r1base_seed42	203	6651904	32078381	5.908862	NA	1.755053	1.876802886e-06	5.65625	4.59375	2.15625	2.515625	11935	4295.51	20714.8	1548.57	5803a18d7a0cffaefb4ee90db283d9e5dc113b0f	e4f0cba5360b93c1d68e1b010a68ce58786160428d9afc911ec3cb9f00f62a29	NA
2026-09-14T06:39:58Z	cpt_kot2b_v2_n30000_mean_r1base_seed42	209	6848512	33027635	5.723104	NA	1.754811	1.684448039e-06	5.84375	4.8125	2.234375	2.4375	11935	4306.11	20766.64	1590.42	5803a18d7a0cffaefb4ee90db283d9e5dc113b0f	e4f0cba5360b93c1d68e1b010a68ce58786160428d9afc911ec3cb9f00f62a29	NA
2026-09-14T06:40:43Z	cpt_kot2b_v2_n30000_mean_r1base_seed42	216	7077888	34137674	5.967999	NA	1.754617	1.487580935e-06	5.71875	4.78125	2.15625	2.25	11935	4326.61	20867.87	1635.9	5803a18d7a0cffaefb4ee90db283d9e5dc113b0f	e4f0cba5360b93c1d68e1b010a68ce58786160428d9afc911ec3cb9f00f62a29	NA
2026-09-14T06:41:25Z	cpt_kot2b_v2_n30000_mean_r1base_seed42	222	7274496	35092915	5.867259	NA	1.754399	1.343520587e-06	5.71875	4.75	2.15625	2.328125	11935	4336.41	20919.27	1677.54	5803a18d7a0cffaefb4ee90db283d9e5dc113b0f	e4f0cba5360b93c1d68e1b010a68ce58786160428d9afc911ec3cb9f00f62a29	NA
2026-09-14T06:42:08Z	cpt_kot2b_v2_n30000_mean_r1base_seed42	228	7471104	36031409	5.978559	NA	1.754276	1.225693314e-06	6.09375	5	2.4375	2.484375	11935	4341.25	20936.87	1720.96	5803a18d7a0cffaefb4ee90db283d9e5dc113b0f	e4f0cba5360b93c1d68e1b010a68ce58786160428d9afc911ec3cb9f00f62a29	NA
2026-09-14T06:42:55Z	cpt_kot2b_v2_n30000_mean_r1base_seed42	235	7700480	37144581	6.085334	NA	1.754122	1.117315049e-06	6.3125	5.125	2.515625	2.671875	11935	4357.39	21018.63	1767.22	5803a18d7a0cffaefb4ee90db283d9e5dc113b0f	e4f0cba5360b93c1d68e1b010a68ce58786160428d9afc911ec3cb9f00f62a29	NA
2026-09-14T06:43:37Z	cpt_kot2b_v2_n30000_mean_r1base_seed42	241	7897088	38110954	5.997845	NA	1.754014	1.051471348e-06	5.71875	4.5625	2.421875	2.421875	11935	4364.43	21062.52	1809.42	5803a18d7a0cffaefb4ee90db283d9e5dc113b0f	e4f0cba5360b93c1d68e1b010a68ce58786160428d9afc911ec3cb9f00f62a29	NA
2026-09-14T06:44:19Z	cpt_kot2b_v2_n30000_mean_r1base_seed42	247	8093696	39079948	5.992823	NA	1.753951	1.012227512e-06	5.875	4.9375	2.09375	2.390625	11935	4372.41	21111.92	1851.08	5803a18d7a0cffaefb4ee90db283d9e5dc113b0f	e4f0cba5360b93c1d68e1b010a68ce58786160428d9afc911ec3cb9f00f62a29	NA
2026-09-15T05:04:51Z	cpt_untied_t2b_mean_q7g_seed42	7	229376	1128775	7.510395	NA	2.11153	9.954286829e-06	18.5	2.578125	13.375	10.75	12758	944.58	4648.36	242.83	af9b25312bebbd77c49042227cf9be7c088be11f	77731b455091c3f6d4bd580e0c266e1b9acb398240de46d9e1060231e8ecc0c1	6.53125
2026-09-15T05:07:08Z	cpt_untied_t2b_mean_q7g_seed42	13	425984	2074924	6.727817	NA	2.032025	9.777219309e-06	13.6875	1.984375	7.8125	9.1875	12758	1121.1	5460.75	379.97	af9b25312bebbd77c49042227cf9be7c088be11f	77731b455091c3f6d4bd580e0c266e1b9acb398240de46d9e1060231e8ecc0c1	6.21875
2026-09-15T05:09:22Z	cpt_untied_t2b_mean_q7g_seed42	19	622592	3040807	6.839571	NA	1.980633	9.464316601e-06	10.5625	1.835938	7	5.0625	12758	1211.76	5918.38	513.79	af9b25312bebbd77c49042227cf9be7c088be11f	77731b455091c3f6d4bd580e0c266e1b9acb398240de46d9e1060231e8ecc0c1	5.71875
2026-09-15T05:10:51Z	cpt_untied_t2b_mean_q7g_seed42	26	851968	4147552	6.644998	NA	1.9413	8.95437386e-06	9.3125	1.617188	5.96875	4.125	12758	1412.04	6874.1	603.36	af9b25312bebbd77c49042227cf9be7c088be11f	77731b455091c3f6d4bd580e0c266e1b9acb398240de46d9e1060231e8ecc0c1	5.625
2026-09-15T05:12:13Z	cpt_untied_t2b_mean_q7g_seed42	32	1048576	5092959	6.459431	NA	1.917247	8.405739534e-06	8.8125	1.679688	5.46875	3.59375	12758	1530.65	7434.43	685.05	af9b25312bebbd77c49042227cf9be7c088be11f	77731b455091c3f6d4bd580e0c266e1b9acb398240de46d9e1060231e8ecc0c1	5.625
2026-09-15T05:13:35Z	cpt_untied_t2b_mean_q7g_seed42	38	1245184	6008633	6.009443	NA	1.900545	7.791301505e-06	15.125	3.03125	8.375	6.96875	12758	1623.75	7835.41	766.86	af9b25312bebbd77c49042227cf9be7c088be11f	77731b455091c3f6d4bd580e0c266e1b9acb398240de46d9e1060231e8ecc0c1	10.0625
2026-09-15T05:15:04Z	cpt_untied_t2b_mean_q7g_seed42	45	1474560	7118197	6.361604	NA	1.887004	6.962348107e-06	7.78125	1.59375	4.5	3.09375	12758	1722.56	8315.37	856.03	af9b25312bebbd77c49042227cf9be7c088be11f	77731b455091c3f6d4bd580e0c266e1b9acb398240de46d9e1060231e8ecc0c1	5.3125
2026-09-15T05:16:26Z	cpt_untied_t2b_mean_q7g_seed42	51	1671168	8078432	6.117219	NA	1.878013	6.195053117e-06	7.53125	1.53125	4.09375	2.9375	12758	1781.86	8613.51	937.88	af9b25312bebbd77c49042227cf9be7c088be11f	77731b455091c3f6d4bd580e0c266e1b9acb398240de46d9e1060231e8ecc0c1	5.375
2026-09-15T05:17:55Z	cpt_untied_t2b_mean_q7g_seed42	58	1900544	9148699	6.294407	NA	1.870174	5.315651014e-06	7.5	1.578125	4.09375	3	12758	1849.86	8904.72	1027.4	af9b25312bebbd77c49042227cf9be7c088be11f	77731b455091c3f6d4bd580e0c266e1b9acb398240de46d9e1060231e8ecc0c1	5.28125
2026-09-15T05:19:17Z	cpt_untied_t2b_mean_q7g_seed42	64	2097152	10123079	5.837307	NA	1.865195	4.520303137e-06	7.8125	1.59375	3.8125	3.265625	12758	1890.84	9127.2	1109.11	af9b25312bebbd77c49042227cf9be7c088be11f	77731b455091c3f6d4bd580e0c266e1b9acb398240de46d9e1060231e8ecc0c1	5.78125
2026-09-15T05:20:39Z	cpt_untied_t2b_mean_q7g_seed42	70	2293760	11068285	6.284202	NA	1.862048	3.778278694e-06	7.125	1.4375	3.546875	2.953125	12758	1926.44	9295.82	1190.67	af9b25312bebbd77c49042227cf9be7c088be11f	77731b455091c3f6d4bd580e0c266e1b9acb398240de46d9e1060231e8ecc0c1	5.21875
2026-09-15T05:22:00Z	cpt_untied_t2b_mean_q7g_seed42	76	2490368	12026336	6.240575	NA	1.859865	3.078809888e-06	7.21875	1.460938	4.0625	2.921875	12758	1957.85	9454.75	1271.99	af9b25312bebbd77c49042227cf9be7c088be11f	77731b455091c3f6d4bd580e0c266e1b9acb398240de46d9e1060231e8ecc0c1	5
2026-09-15T05:23:30Z	cpt_untied_t2b_mean_q7g_seed42	83	2719744	13133948	6.453063	NA	1.858211	2.364134145e-06	7.03125	1.484375	3.53125	2.875	12758	1997.36	9645.46	1361.67	af9b25312bebbd77c49042227cf9be7c088be11f	77731b455091c3f6d4bd580e0c266e1b9acb398240de46d9e1060231e8ecc0c1	5.15625
2026-09-15T05:24:52Z	cpt_untied_t2b_mean_q7g_seed42	89	2916352	14072985	6.277563	NA	1.857365	1.85797776e-06	7.125	1.429688	3.640625	2.8125	12758	2020.16	9748.36	1443.63	af9b25312bebbd77c49042227cf9be7c088be11f	77731b455091c3f6d4bd580e0c266e1b9acb398240de46d9e1060231e8ecc0c1	5.21875
2026-09-15T05:26:14Z	cpt_untied_t2b_mean_q7g_seed42	95	3112960	15034717	6.344294	NA	1.856883	1.451122109e-06	7.125	1.398438	3.234375	2.8125	12758	2040.64	9855.72	1525.48	af9b25312bebbd77c49042227cf9be7c088be11f	77731b455091c3f6d4bd580e0c266e1b9acb398240de46d9e1060231e8ecc0c1	5.5
2026-09-15T05:27:43Z	cpt_untied_t2b_mean_q7g_seed42	102	3342336	16136049	5.754431	NA	1.856507	1.139730459e-06	7.3125	1.609375	3.390625	2.96875	12758	2069.26	9989.92	1615.23	af9b25312bebbd77c49042227cf9be7c088be11f	77731b455091c3f6d4bd580e0c266e1b9acb398240de46d9e1060231e8ecc0c1	5.53125
2026-09-15T05:29:05Z	cpt_untied_t2b_mean_q7g_seed42	108	3538944	17077653	6.195405	NA	1.85631	1.013460965e-06	7.34375	1.585938	3.46875	3.078125	12758	2085.66	10064.64	1696.8	af9b25312bebbd77c49042227cf9be7c088be11f	77731b455091c3f6d4bd580e0c266e1b9acb398240de46d9e1060231e8ecc0c1	5.46875
2026-09-15T05:35:43Z	cpt_untied_c0_qwen_q7g_seed42	9	294912	1013012	2.579849	NA	1.154094	9.966851576e-06	3.3125	0.777344	1.421875	2.09375	12759	1115.45	3831.55	264.39	af9b25312bebbd77c49042227cf9be7c088be11f	6ad14e0bf650c833b148a9434154e3fa7e6084f72bd0510033eaac1977467fd9	1.976562
2026-09-15T05:37:37Z	cpt_untied_c0_qwen_q7g_seed42	18	589824	2005487	2.84527	NA	1.153315	9.794659469e-06	3.75	0.796875	1.59375	2.265625	12759	1561.08	5307.9	377.83	af9b25312bebbd77c49042227cf9be7c088be11f	6ad14e0bf650c833b148a9434154e3fa7e6084f72bd0510033eaac1977467fd9	2.390625
2026-09-15T05:39:32Z	cpt_untied_c0_qwen_q7g_seed42	27	884736	3015407	2.897682	NA	1.152482	9.474181277e-06	3.359375	0.824219	1.5	2.046875	12759	1795.73	6120.3	492.69	af9b25312bebbd77c49042227cf9be7c088be11f	6ad14e0bf650c833b148a9434154e3fa7e6084f72bd0510033eaac1977467fd9	2.046875
2026-09-15T05:41:35Z	cpt_untied_c0_qwen_q7g_seed42	37	1212416	4110084	2.852724	NA	1.151726	8.97408652e-06	3.265625	0.796875	1.40625	2.078125	12759	1969.05	6675.08	615.74	af9b25312bebbd77c49042227cf9be7c088be11f	6ad14e0bf650c833b148a9434154e3fa7e6084f72bd0510033eaac1977467fd9	1.9375
2026-09-15T05:43:31Z	cpt_untied_c0_qwen_q7g_seed42	46	1507328	5099691	2.623285	NA	1.151189	8.401499981e-06	3.25	0.800781	1.539062	1.984375	12759	2058.49	6964.41	732.25	af9b25312bebbd77c49042227cf9be7c088be11f	6ad14e0bf650c833b148a9434154e3fa7e6084f72bd0510033eaac1977467fd9	1.898438
2026-09-15T05:45:28Z	cpt_untied_c0_qwen_q7g_seed42	55	1802240	6065031	2.651006	NA	1.150785	7.751167579e-06	4.125	0.980469	1.804688	2.390625	12759	2122.14	7141.59	849.26	af9b25312bebbd77c49042227cf9be7c088be11f	6ad14e0bf650c833b148a9434154e3fa7e6084f72bd0510033eaac1977467fd9	2.640625
2026-09-15T05:47:25Z	cpt_untied_c0_qwen_q7g_seed42	64	2097152	7061207	2.702857	NA	1.150474	7.006696157e-06	3.25	0.773438	1.367188	1.960938	12759	2170.29	7307.47	966.3	af9b25312bebbd77c49042227cf9be7c088be11f	6ad14e0bf650c833b148a9434154e3fa7e6084f72bd0510033eaac1977467fd9	2.0625
2026-09-15T05:49:22Z	cpt_untied_c0_qwen_q7g_seed42	73	2392064	8069742	2.581734	NA	1.150231	6.202129651e-06	3.28125	0.785156	1.476562	1.96875	12759	2208.18	7449.39	1083.27	af9b25312bebbd77c49042227cf9be7c088be11f	6ad14e0bf650c833b148a9434154e3fa7e6084f72bd0510033eaac1977467fd9	2.03125
2026-09-15T05:51:19Z	cpt_untied_c0_qwen_q7g_seed42	82	2686976	9042537	2.651237	NA	1.149969	5.403118845e-06	3.109375	0.765625	1.398438	1.890625	12759	2238.46	7533.13	1200.37	af9b25312bebbd77c49042227cf9be7c088be11f	6ad14e0bf650c833b148a9434154e3fa7e6084f72bd0510033eaac1977467fd9	1.890625
2026-09-15T05:53:16Z	cpt_untied_c0_qwen_q7g_seed42	91	2981888	10055474	2.316476	NA	1.149822	4.574768601e-06	4.71875	0.910156	1.789062	2.796875	12759	2263.52	7632.99	1317.37	af9b25312bebbd77c49042227cf9be7c088be11f	6ad14e0bf650c833b148a9434154e3fa7e6084f72bd0510033eaac1977467fd9	3.21875
2026-09-15T05:55:13Z	cpt_untied_c0_qwen_q7g_seed42	100	3276800	11045561	2.645076	NA	1.149762	3.795600238e-06	3.09375	0.757812	1.359375	1.898438	12759	2284.39	7700.31	1434.43	af9b25312bebbd77c49042227cf9be7c088be11f	6ad14e0bf650c833b148a9434154e3fa7e6084f72bd0510033eaac1977467fd9	1.890625
2026-09-15T05:57:10Z	cpt_untied_c0_qwen_q7g_seed42	109	3571712	12047031	2.745943	NA	1.149673	3.06444765e-06	3.234375	0.785156	1.429688	2.03125	12759	2302.21	7765.14	1551.42	af9b25312bebbd77c49042227cf9be7c088be11f	6ad14e0bf650c833b148a9434154e3fa7e6084f72bd0510033eaac1977467fd9	1.921875
2026-09-15T05:59:07Z	cpt_untied_c0_qwen_q7g_seed42	118	3866624	13031514	2.539731	NA	1.149592	2.425242873e-06	3.09375	0.757812	1.359375	1.914062	12759	2317.56	7810.76	1668.41	af9b25312bebbd77c49042227cf9be7c088be11f	6ad14e0bf650c833b148a9434154e3fa7e6084f72bd0510033eaac1977467fd9	1.867188
2026-09-15T06:01:04Z	cpt_untied_c0_qwen_q7g_seed42	127	4161536	14019332	2.77359	NA	1.149574	1.884129939e-06	3.25	0.839844	1.4375	1.945312	12759	2330.83	7852.07	1785.43	af9b25312bebbd77c49042227cf9be7c088be11f	6ad14e0bf650c833b148a9434154e3fa7e6084f72bd0510033eaac1977467fd9	1.992188
2026-09-15T06:03:01Z	cpt_untied_c0_qwen_q7g_seed42	136	4456448	15020039	2.715144	NA	1.149533	1.456416986e-06	3.234375	0.785156	1.421875	1.960938	12759	2342.46	7895.05	1902.46	af9b25312bebbd77c49042227cf9be7c088be11f	6ad14e0bf650c833b148a9434154e3fa7e6084f72bd0510033eaac1977467fd9	2
2026-09-15T06:04:58Z	cpt_untied_c0_qwen_q7g_seed42	145	4751360	16008636	2.780303	NA	1.149567	1.166885474e-06	3.625	0.832031	1.671875	2.234375	12759	2352.83	7927.34	2019.42	af9b25312bebbd77c49042227cf9be7c088be11f	6ad14e0bf650c833b148a9434154e3fa7e6084f72bd0510033eaac1977467fd9	2.15625
2026-09-15T06:06:55Z	cpt_untied_c0_qwen_q7g_seed42	154	5046272	17000865	2.671864	NA	1.149581	1.018796954e-06	3.703125	0.929688	1.710938	2.1875	12759	2362.08	7957.82	2136.37	af9b25312bebbd77c49042227cf9be7c088be11f	6ad14e0bf650c833b148a9434154e3fa7e6084f72bd0510033eaac1977467fd9	2.265625
2026-09-15T06:13:07Z	cpt_untied_t2b_mean_q7g_seed123	7	229376	1101583	7.094238	NA	2.110362	9.957418418e-06	19	2.484375	13.9375	10.6875	12758	1028.82	4940.93	222.95	af9b25312bebbd77c49042227cf9be7c088be11f	ba57878a0dc493a6aef3e1ac57b413ffe7960346fe31220e971e1d0496470eaf	6.65625
2026-09-15T06:14:19Z	cpt_untied_t2b_mean_q7g_seed123	13	425984	2050514	6.804905	NA	2.031854	9.783429274e-06	13.8125	1.960938	8.375	8.875	12758	1441.56	6939.06	295.5	af9b25312bebbd77c49042227cf9be7c088be11f	ba57878a0dc493a6aef3e1ac57b413ffe7960346fe31220e971e1d0496470eaf	6.25
2026-09-15T06:15:39Z	cpt_untied_t2b_mean_q7g_seed123	20	655360	3147474	6.997339	NA	1.972236	9.421955542e-06	11.375	1.984375	7.53125	5.15625	12758	1748.13	8395.7	374.89	af9b25312bebbd77c49042227cf9be7c088be11f	ba57878a0dc493a6aef3e1ac57b413ffe7960346fe31220e971e1d0496470eaf	6.4375
2026-09-15T06:16:52Z	cpt_untied_t2b_mean_q7g_seed123	26	851968	4093588	6.362444	NA	1.938714	8.98271356e-06	8.6875	1.609375	5.59375	3.6875	12758	1902.21	9139.84	447.88	af9b25312bebbd77c49042227cf9be7c088be11f	ba57878a0dc493a6aef3e1ac57b413ffe7960346fe31220e971e1d0496470eaf	5.25
2026-09-15T06:18:04Z	cpt_untied_t2b_mean_q7g_seed123	32	1048576	5016283	6.581524	NA	1.91621	8.45371374e-06	8.6875	1.648438	5.3125	3.546875	12758	2014.6	9637.66	520.49	af9b25312bebbd77c49042227cf9be7c088be11f	ba57878a0dc493a6aef3e1ac57b413ffe7960346fe31220e971e1d0496470eaf	5.625
2026-09-15T06:19:23Z	cpt_untied_t2b_mean_q7g_seed123	39	1277952	6138277	6.483254	NA	1.89695	7.698686264e-06	7.78125	1.546875	4.03125	3.25	12758	2131.21	10236.66	599.64	af9b25312bebbd77c49042227cf9be7c088be11f	ba57878a0dc493a6aef3e1ac57b413ffe7960346fe31220e971e1d0496470eaf	5.59375
2026-09-15T06:20:36Z	cpt_untied_t2b_mean_q7g_seed123	45	1474560	7094262	6.397862	NA	1.884959	6.980993356e-06	7.75	1.53125	4.375	3.0625	12758	2193.7	10554.12	672.18	af9b25312bebbd77c49042227cf9be7c088be11f	ba57878a0dc493a6aef3e1ac57b413ffe7960346fe31220e971e1d0496470eaf	5.375
2026-09-15T06:21:49Z	cpt_untied_t2b_mean_q7g_seed123	51	1671168	8046478	5.830979	NA	1.875485	6.221065434e-06	7.34375	1.515625	3.578125	3.125	12758	2243.86	10803.91	744.77	af9b25312bebbd77c49042227cf9be7c088be11f	ba57878a0dc493a6aef3e1ac57b413ffe7960346fe31220e971e1d0496470eaf	5.40625
2026-09-15T06:23:08Z	cpt_untied_t2b_mean_q7g_seed123	58	1900544	9156132	6.226747	NA	1.867259	5.309529125e-06	7.3125	1.5625	3.625	3.15625	12758	2305.96	11109.3	824.19	af9b25312bebbd77c49042227cf9be7c088be11f	ba57878a0dc493a6aef3e1ac57b413ffe7960346fe31220e971e1d0496470eaf	5.28125
2026-09-15T06:24:20Z	cpt_untied_t2b_mean_q7g_seed123	64	2097152	10126928	6.324105	NA	1.862463	4.517206661e-06	7.625	1.546875	4.03125	3.015625	12758	2338.85	11294.05	896.66	af9b25312bebbd77c49042227cf9be7c088be11f	ba57878a0dc493a6aef3e1ac57b413ffe7960346fe31220e971e1d0496470eaf	5.53125
2026-09-15T06:25:33Z	cpt_untied_t2b_mean_q7g_seed123	70	2293760	11081993	6.248442	NA	1.859258	3.767844072e-06	7.125	1.4375	3.859375	2.921875	12758	2366.76	11434.68	969.16	af9b25312bebbd77c49042227cf9be7c088be11f	ba57878a0dc493a6aef3e1ac57b413ffe7960346fe31220e971e1d0496470eaf	5.03125
2026-09-15T06:26:46Z	cpt_untied_t2b_mean_q7g_seed123	76	2490368	12041668	6.351169	NA	1.857047	3.068166196e-06	8	1.71875	4.1875	3.015625	12758	2389.71	11554.97	1042.12	af9b25312bebbd77c49042227cf9be7c088be11f	ba57878a0dc493a6aef3e1ac57b413ffe7960346fe31220e971e1d0496470eaf	5.875
2026-09-15T06:27:59Z	cpt_untied_t2b_mean_q7g_seed123	82	2686976	13006525	5.756876	NA	1.85549	2.440315574e-06	8.3125	1.8125	3.8125	3.625	12758	2408.78	11659.9	1115.49	af9b25312bebbd77c49042227cf9be7c088be11f	ba57878a0dc493a6aef3e1ac57b413ffe7960346fe31220e971e1d0496470eaf	6.21875
2026-09-15T06:29:19Z	cpt_untied_t2b_mean_q7g_seed123	89	2916352	14086724	5.997789	NA	1.854648	1.851337412e-06	6.875	1.453125	3.40625	2.71875	12758	2440.32	11787.35	1195.07	af9b25312bebbd77c49042227cf9be7c088be11f	ba57878a0dc493a6aef3e1ac57b413ffe7960346fe31220e971e1d0496470eaf	5.125
2026-09-15T06:30:32Z	cpt_untied_t2b_mean_q7g_seed123	95	3112960	15049281	6.177405	NA	1.854182	1.445897288e-06	6.75	1.367188	2.90625	2.734375	12758	2454.22	11864.69	1268.41	af9b25312bebbd77c49042227cf9be7c088be11f	ba57878a0dc493a6aef3e1ac57b413ffe7960346fe31220e971e1d0496470eaf	5.25
2026-09-15T06:31:52Z	cpt_untied_t2b_mean_q7g_seed123	102	3342336	16157431	6.33451	NA	1.853856	1.135405757e-06	6.875	1.367188	3.078125	2.734375	12758	2478.95	11983.66	1348.29	af9b25312bebbd77c49042227cf9be7c088be11f	ba57878a0dc493a6aef3e1ac57b413ffe7960346fe31220e971e1d0496470eaf	5.3125
2026-09-15T06:33:05Z	cpt_untied_t2b_mean_q7g_seed123	108	3538944	17093101	6.053384	NA	1.853637	1.01249471e-06	7.15625	1.585938	3.59375	2.9375	12758	2490.53	12029.26	1420.96	af9b25312bebbd77c49042227cf9be7c088be11f	ba57878a0dc493a6aef3e1ac57b413ffe7960346fe31220e971e1d0496470eaf	5.1875
2026-09-15T06:38:54Z	cpt_untied_c0_qwen_q7g_seed123	10	327680	1094655	2.661413	NA	1.154143	9.958198611e-06	3.265625	0.792969	1.445312	2.0625	12759	1471.57	4915.96	222.67	af9b25312bebbd77c49042227cf9be7c088be11f	97100ba8e44903490ae68fb8490c60983b8626f3eea3f305cf3e5d464f5e6e54	1.929688
2026-09-15T06:40:01Z	cpt_untied_c0_qwen_q7g_seed123	19	622592	2087408	2.722034	NA	1.153334	9.774010288e-06	3.28125	0.777344	1.484375	2.03125	12759	2145.52	7193.43	290.18	af9b25312bebbd77c49042227cf9be7c088be11f	97100ba8e44903490ae68fb8490c60983b8626f3eea3f305cf3e5d464f5e6e54	1.96875
2026-09-15T06:41:08Z	cpt_untied_c0_qwen_q7g_seed123	28	917504	3072880	2.811011	NA	1.152547	9.451737731e-06	3.171875	0.796875	1.4375	1.953125	12759	2567.63	8599.43	357.34	af9b25312bebbd77c49042227cf9be7c088be11f	97100ba8e44903490ae68fb8490c60983b8626f3eea3f305cf3e5d464f5e6e54	1.875
2026-09-15T06:42:16Z	cpt_untied_c0_qwen_q7g_seed123	37	1212416	4058553	2.704121	NA	1.151823	9.000930492e-06	3.6875	0.84375	1.890625	2.34375	12759	2852.99	9550.37	424.96	af9b25312bebbd77c49042227cf9be7c088be11f	97100ba8e44903490ae68fb8490c60983b8626f3eea3f305cf3e5d464f5e6e54	1.953125
2026-09-15T06:43:23Z	cpt_untied_c0_qwen_q7g_seed123	46	1507328	5030795	2.694829	NA	1.151394	8.444678374e-06	3.21875	0.785156	1.359375	2.046875	12759	3062.14	10220.07	492.25	af9b25312bebbd77c49042227cf9be7c088be11f	97100ba8e44903490ae68fb8490c60983b8626f3eea3f305cf3e5d464f5e6e54	1.929688
2026-09-15T06:44:31Z	cpt_untied_c0_qwen_q7g_seed123	55	1802240	6035086	2.541507	NA	1.150959	7.772507222e-06	3.109375	0.75	1.382812	1.929688	12759	3215.71	10768.32	560.45	af9b25312bebbd77c49042227cf9be7c088be11f	97100ba8e44903490ae68fb8490c60983b8626f3eea3f305cf3e5d464f5e6e54	1.851562
2026-09-15T06:45:39Z	cpt_untied_c0_qwen_q7g_seed123	64	2097152	7041390	2.640613	NA	1.150658	7.022078969e-06	3.171875	0.761719	1.421875	1.992188	12759	3338.84	11210.48	628.11	af9b25312bebbd77c49042227cf9be7c088be11f	97100ba8e44903490ae68fb8490c60983b8626f3eea3f305cf3e5d464f5e6e54	1.859375
2026-09-15T06:46:47Z	cpt_untied_c0_qwen_q7g_seed123	73	2392064	8040720	2.553831	NA	1.150351	6.225750163e-06	3.15625	0.8125	1.367188	1.945312	12759	3436.02	11549.88	696.17	af9b25312bebbd77c49042227cf9be7c088be11f	97100ba8e44903490ae68fb8490c60983b8626f3eea3f305cf3e5d464f5e6e54	1.914062
2026-09-15T06:47:55Z	cpt_untied_c0_qwen_q7g_seed123	82	2686976	9032933	2.652027	NA	1.150163	5.411033969e-06	3.328125	0.820312	1.46875	1.984375	12759	3516.02	11819.96	764.21	af9b25312bebbd77c49042227cf9be7c088be11f	97100ba8e44903490ae68fb8490c60983b8626f3eea3f305cf3e5d464f5e6e54	2.0625
2026-09-15T06:49:03Z	cpt_untied_c0_qwen_q7g_seed123	91	2981888	10043488	2.618149	NA	1.150021	4.584440081e-06	3.09375	0.78125	1.359375	1.890625	12759	3583.24	12068.94	832.18	af9b25312bebbd77c49042227cf9be7c088be11f	97100ba8e44903490ae68fb8490c60983b8626f3eea3f305cf3e5d464f5e6e54	1.882812
2026-09-15T06:50:11Z	cpt_untied_c0_qwen_q7g_seed123	100	3276800	11035320	2.637148	NA	1.149942	3.803416192e-06	3.078125	0.773438	1.335938	1.867188	12759	3638.83	12254.53	900.51	af9b25312bebbd77c49042227cf9be7c088be11f	97100ba8e44903490ae68fb8490c60983b8626f3eea3f305cf3e5d464f5e6e54	1.90625
2026-09-15T06:51:20Z	cpt_untied_c0_qwen_q7g_seed123	109	3571712	12035016	2.709278	NA	1.14988	3.072781758e-06	3.65625	0.867188	1.710938	2.1875	12759	3687.08	12423.77	968.71	af9b25312bebbd77c49042227cf9be7c088be11f	97100ba8e44903490ae68fb8490c60983b8626f3eea3f305cf3e5d464f5e6e54	2.203125
2026-09-15T06:52:28Z	cpt_untied_c0_qwen_q7g_seed123	118	3866624	13043896	2.43109	NA	1.149796	2.417798231e-06	3.578125	0.78125	1.492188	2.125	12759	3729.93	12582.76	1036.65	af9b25312bebbd77c49042227cf9be7c088be11f	97100ba8e44903490ae68fb8490c60983b8626f3eea3f305cf3e5d464f5e6e54	2.328125
2026-09-15T06:53:36Z	cpt_untied_c0_qwen_q7g_seed123	127	4161536	14023116	2.685599	NA	1.149778	1.882274019e-06	3.25	0.777344	1.40625	1.976562	12759	3766.67	12692.54	1104.83	af9b25312bebbd77c49042227cf9be7c088be11f	97100ba8e44903490ae68fb8490c60983b8626f3eea3f305cf3e5d464f5e6e54	2.03125
2026-09-15T06:54:44Z	cpt_untied_c0_qwen_q7g_seed123	136	4456448	15022072	2.739806	NA	1.149738	1.455681865e-06	3.078125	0.757812	1.375	1.914062	12759	3799.51	12807.64	1172.9	af9b25312bebbd77c49042227cf9be7c088be11f	97100ba8e44903490ae68fb8490c60983b8626f3eea3f305cf3e5d464f5e6e54	1.835938
2026-09-15T06:55:51Z	cpt_untied_c0_qwen_q7g_seed123	145	4751360	16019235	2.856075	NA	1.149717	1.164536332e-06	3.171875	0.789062	1.4375	1.929688	12759	3830.12	12913.26	1240.53	af9b25312bebbd77c49042227cf9be7c088be11f	97100ba8e44903490ae68fb8490c60983b8626f3eea3f305cf3e5d464f5e6e54	1.914062
2026-09-15T06:57:00Z	cpt_untied_c0_qwen_q7g_seed123	154	5046272	17006332	2.746525	NA	1.149724	1.018387724e-06	3.1875	0.808594	1.414062	1.929688	12759	3855.82	12994.43	1308.74	af9b25312bebbd77c49042227cf9be7c088be11f	97100ba8e44903490ae68fb8490c60983b8626f3eea3f305cf3e5d464f5e6e54	1.9375
2026-09-15T07:01:34Z	cpt_untied_t2b_mean_q7g_seed2026	7	229376	1097595	7.189899	NA	2.109781	9.957868401e-06	18.125	2.578125	13.0625	10.375	12758	1031.01	4933.53	222.48	af9b25312bebbd77c49042227cf9be7c088be11f	075bb31571e06759d4e5336410499481956fcfb818a31295678796b36b8f198b	6.59375
2026-09-15T07:02:47Z	cpt_untied_t2b_mean_q7g_seed2026	13	425984	2036713	6.54594	NA	2.031184	9.786902392e-06	14.0625	2.078125	8.625	8.8125	12758	1441.36	6891.45	295.54	af9b25312bebbd77c49042227cf9be7c088be11f	075bb31571e06759d4e5336410499481956fcfb818a31295678796b36b8f198b	6.46875
2026-09-15T07:04:07Z	cpt_untied_t2b_mean_q7g_seed2026	20	655360	3140298	6.546052	NA	1.972159	9.424852536e-06	10.875	1.84375	7.40625	4.84375	12758	1746.28	8367.67	375.29	af9b25312bebbd77c49042227cf9be7c088be11f	075bb31571e06759d4e5336410499481956fcfb818a31295678796b36b8f198b	6
2026-09-15T07:05:19Z	cpt_untied_t2b_mean_q7g_seed2026	26	851968	4102916	6.575581	NA	1.939183	8.977839126e-06	10.125	1.773438	6.8125	4.125	12758	1902.27	9160.96	447.87	af9b25312bebbd77c49042227cf9be7c088be11f	075bb31571e06759d4e5336410499481956fcfb818a31295678796b36b8f198b	6
2026-09-15T07:06:32Z	cpt_untied_t2b_mean_q7g_seed2026	32	1048576	5031777	6.155463	NA	1.914849	8.444066215e-06	15.8125	2.984375	8.75	7.5625	12758	2013.18	9660.6	520.86	af9b25312bebbd77c49042227cf9be7c088be11f	075bb31571e06759d4e5336410499481956fcfb818a31295678796b36b8f198b	10.375
2026-09-15T07:07:52Z	cpt_untied_t2b_mean_q7g_seed2026	39	1277952	6117493	6.476247	NA	1.89731	7.713618793e-06	8.0625	1.578125	4.46875	3.671875	12758	2128.58	10189.41	600.38	af9b25312bebbd77c49042227cf9be7c088be11f	075bb31571e06759d4e5336410499481956fcfb818a31295678796b36b8f198b	5.375
2026-09-15T07:09:05Z	cpt_untied_t2b_mean_q7g_seed2026	45	1474560	7070359	6.259779	NA	1.885884	6.999585264e-06	8.25	1.554688	4.1875	3.296875	12758	2189.71	10499.44	673.4	af9b25312bebbd77c49042227cf9be7c088be11f	075bb31571e06759d4e5336410499481956fcfb818a31295678796b36b8f198b	6.09375
2026-09-15T07:10:17Z	cpt_untied_t2b_mean_q7g_seed2026	51	1671168	8029610	6.32457	NA	1.876642	6.23478701e-06	7.5	1.523438	4.03125	3.015625	12758	2240.02	10762.85	746.05	af9b25312bebbd77c49042227cf9be7c088be11f	075bb31571e06759d4e5336410499481956fcfb818a31295678796b36b8f198b	5.34375
2026-09-15T07:11:30Z	cpt_untied_t2b_mean_q7g_seed2026	57	1867776	9001663	6.528042	NA	1.86935	5.43680688e-06	8.0625	1.65625	4.21875	3.40625	12758	2280.11	10988.88	819.16	af9b25312bebbd77c49042227cf9be7c088be11f	075bb31571e06759d4e5336410499481956fcfb818a31295678796b36b8f198b	5.6875
2026-09-15T07:12:50Z	cpt_untied_t2b_mean_q7g_seed2026	64	2097152	10137295	6.265553	NA	1.863289	4.508868963e-06	6.71875	1.398438	2.890625	2.75	12758	2333.65	11280.47	898.66	af9b25312bebbd77c49042227cf9be7c088be11f	075bb31571e06759d4e5336410499481956fcfb818a31295678796b36b8f198b	5.21875
2026-09-15T07:14:02Z	cpt_untied_t2b_mean_q7g_seed2026	70	2293760	11102454	6.316468	NA	1.860092	3.75228936e-06	7.65625	1.492188	4	2.9375	12758	2362.33	11434.36	970.97	af9b25312bebbd77c49042227cf9be7c088be11f	075bb31571e06759d4e5336410499481956fcfb818a31295678796b36b8f198b	5.65625
2026-09-15T07:15:15Z	cpt_untied_t2b_mean_q7g_seed2026	76	2490368	12051565	6.397673	NA	1.857899	3.061305741e-06	7.03125	1.46875	3.140625	2.859375	12758	2386.7	11549.9	1043.43	af9b25312bebbd77c49042227cf9be7c088be11f	075bb31571e06759d4e5336410499481956fcfb818a31295678796b36b8f198b	5.40625
2026-09-15T07:16:34Z	cpt_untied_t2b_mean_q7g_seed2026	83	2719744	13131657	6.022142	NA	1.856273	2.365488888e-06	7.34375	1.515625	3.546875	2.96875	12758	2422.88	11698.32	1122.53	af9b25312bebbd77c49042227cf9be7c088be11f	075bb31571e06759d4e5336410499481956fcfb818a31295678796b36b8f198b	5.5
2026-09-15T07:17:47Z	cpt_untied_t2b_mean_q7g_seed2026	89	2916352	14098022	6.225987	NA	1.855573	1.845894165e-06	8	1.78125	4	3.359375	12758	2439.64	11793.53	1195.4	af9b25312bebbd77c49042227cf9be7c088be11f	075bb31571e06759d4e5336410499481956fcfb818a31295678796b36b8f198b	5.78125
2026-09-15T07:18:59Z	cpt_untied_t2b_mean_q7g_seed2026	95	3112960	15059117	6.280665	NA	1.855137	1.442384954e-06	6.9375	1.390625	3.328125	2.734375	12758	2454.98	11876.1	1268.02	af9b25312bebbd77c49042227cf9be7c088be11f	075bb31571e06759d4e5336410499481956fcfb818a31295678796b36b8f198b	5.25
2026-09-15T07:20:12Z	cpt_untied_t2b_mean_q7g_seed2026	101	3309568	16006654	6.272573	NA	1.854814	1.167326574e-06	7.09375	1.453125	3.5625	3.0625	12758	2468.02	11936.52	1340.98	af9b25312bebbd77c49042227cf9be7c088be11f	075bb31571e06759d4e5336410499481956fcfb818a31295678796b36b8f198b	5.125
2026-09-15T07:21:31Z	cpt_untied_t2b_mean_q7g_seed2026	108	3538944	17123532	6.277538	NA	1.854602	1.01069641e-06	7	1.429688	3.203125	2.765625	12758	2492.02	12057.86	1420.11	af9b25312bebbd77c49042227cf9be7c088be11f	075bb31571e06759d4e5336410499481956fcfb818a31295678796b36b8f198b	5.375
2026-09-15T07:27:41Z	cpt_untied_c0_qwen_q7g_seed2026	10	327680	1096572	2.757635	NA	1.154246	9.957983448e-06	3.3125	0.796875	1.4375	2.078125	12759	1337.07	4474.48	245.07	af9b25312bebbd77c49042227cf9be7c088be11f	2d322850847e772b1204691c3d4f3c180feec1cca2cf9e0334c3025f1c4d4f32	1.976562
2026-09-15T07:29:12Z	cpt_untied_c0_qwen_q7g_seed2026	19	622592	2080067	2.555812	NA	1.153327	9.775900006e-06	3.046875	0.773438	1.375	1.9375	12759	1851.76	6186.7	336.22	af9b25312bebbd77c49042227cf9be7c088be11f	2d322850847e772b1204691c3d4f3c180feec1cca2cf9e0334c3025f1c4d4f32	1.75
2026-09-15T07:30:42Z	cpt_untied_c0_qwen_q7g_seed2026	28	917504	3070502	2.709842	NA	1.152522	9.452675058e-06	3.703125	1.226562	1.921875	2.0625	12759	2150.24	7195.97	426.7	af9b25312bebbd77c49042227cf9be7c088be11f	2d322850847e772b1204691c3d4f3c180feec1cca2cf9e0334c3025f1c4d4f32	2.046875
2026-09-15T07:32:14Z	cpt_untied_c0_qwen_q7g_seed2026	37	1212416	4068376	2.647654	NA	1.151858	8.995837403e-06	3.21875	0.8125	1.4375	2.015625	12759	2340.35	7853.27	518.05	af9b25312bebbd77c49042227cf9be7c088be11f	2d322850847e772b1204691c3d4f3c180feec1cca2cf9e0334c3025f1c4d4f32	1.882812
2026-09-15T07:33:45Z	cpt_untied_c0_qwen_q7g_seed2026	46	1507328	5047009	2.634288	NA	1.15137	8.434558709e-06	7.53125	1.484375	2.921875	4.1875	12759	2473.21	8281.07	609.46	af9b25312bebbd77c49042227cf9be7c088be11f	2d322850847e772b1204691c3d4f3c180feec1cca2cf9e0334c3025f1c4d4f32	5.34375
2026-09-15T07:35:16Z	cpt_untied_c0_qwen_q7g_seed2026	55	1802240	6029687	2.577295	NA	1.151049	7.776347443e-06	3.28125	0.78125	1.414062	2.109375	12759	2572.5	8606.71	700.58	af9b25312bebbd77c49042227cf9be7c088be11f	2d322850847e772b1204691c3d4f3c180feec1cca2cf9e0334c3025f1c4d4f32	1.914062
2026-09-15T07:36:47Z	cpt_untied_c0_qwen_q7g_seed2026	64	2097152	7016813	2.479301	NA	1.150617	7.041128814e-06	3.25	0.746094	1.398438	1.960938	12759	2648.28	8860.82	791.89	af9b25312bebbd77c49042227cf9be7c088be11f	2d322850847e772b1204691c3d4f3c180feec1cca2cf9e0334c3025f1c4d4f32	2.0625
2026-09-15T07:38:18Z	cpt_untied_c0_qwen_q7g_seed2026	73	2392064	8020119	2.604737	NA	1.150354	6.242504557e-06	3.09375	0.808594	1.390625	1.921875	12759	2709.21	9083.46	882.94	af9b25312bebbd77c49042227cf9be7c088be11f	2d322850847e772b1204691c3d4f3c180feec1cca2cf9e0334c3025f1c4d4f32	1.820312
2026-09-15T07:39:50Z	cpt_untied_c0_qwen_q7g_seed2026	82	2686976	9031064	2.957927	NA	1.150135	5.412574336e-06	3.8125	0.941406	1.648438	2.234375	12759	2758.22	9270.51	974.17	af9b25312bebbd77c49042227cf9be7c088be11f	2d322850847e772b1204691c3d4f3c180feec1cca2cf9e0334c3025f1c4d4f32	2.4375
2026-09-15T07:41:21Z	cpt_untied_c0_qwen_q7g_seed2026	91	2981888	10048213	2.616242	NA	1.150006	4.580626958e-06	3.1875	0.761719	1.320312	2	12759	2798.49	9430.22	1065.53	af9b25312bebbd77c49042227cf9be7c088be11f	2d322850847e772b1204691c3d4f3c180feec1cca2cf9e0334c3025f1c4d4f32	1.945312
2026-09-15T07:42:52Z	cpt_untied_c0_qwen_q7g_seed2026	100	3276800	11053084	2.598485	NA	1.149934	3.789862488e-06	3.171875	0.734375	1.351562	1.929688	12759	2833.38	9557.38	1156.5	af9b25312bebbd77c49042227cf9be7c088be11f	2d322850847e772b1204691c3d4f3c180feec1cca2cf9e0334c3025f1c4d4f32	2
2026-09-15T07:44:25Z	cpt_untied_c0_qwen_q7g_seed2026	109	3571712	12043883	2.713785	NA	1.14984	3.066630096e-06	3.34375	0.828125	1.414062	2.046875	12759	2857.54	9635.67	1249.93	af9b25312bebbd77c49042227cf9be7c088be11f	2d322850847e772b1204691c3d4f3c180feec1cca2cf9e0334c3025f1c4d4f32	2.078125
2026-09-15T07:45:59Z	cpt_untied_c0_qwen_q7g_seed2026	118	3866624	13011491	2.602971	NA	1.149728	2.4373151e-06	3.171875	0.765625	1.390625	1.960938	12759	2878.61	9686.74	1343.23	af9b25312bebbd77c49042227cf9be7c088be11f	2d322850847e772b1204691c3d4f3c180feec1cca2cf9e0334c3025f1c4d4f32	1.914062
2026-09-15T07:47:32Z	cpt_untied_c0_qwen_q7g_seed2026	127	4161536	14034487	2.702195	NA	1.14971	1.876707405e-06	3.71875	0.800781	1.53125	2.140625	12759	2897.87	9772.86	1436.07	af9b25312bebbd77c49042227cf9be7c088be11f	2d322850847e772b1204691c3d4f3c180feec1cca2cf9e0334c3025f1c4d4f32	2.5
2026-09-15T07:49:05Z	cpt_untied_c0_qwen_q7g_seed2026	136	4456448	15040954	2.6866	NA	1.149744	1.448881061e-06	3.203125	0.785156	1.421875	1.929688	12759	2913.49	9833.32	1529.59	af9b25312bebbd77c49042227cf9be7c088be11f	2d322850847e772b1204691c3d4f3c180feec1cca2cf9e0334c3025f1c4d4f32	1.96875
2026-09-15T07:50:38Z	cpt_untied_c0_qwen_q7g_seed2026	145	4751360	16031902	2.848587	NA	1.149711	1.16175028e-06	3.5	0.839844	1.53125	2.03125	12759	2927.48	9877.81	1623.02	af9b25312bebbd77c49042227cf9be7c088be11f	2d322850847e772b1204691c3d4f3c180feec1cca2cf9e0334c3025f1c4d4f32	2.25
2026-09-15T07:52:12Z	cpt_untied_c0_qwen_q7g_seed2026	154	5046272	17031447	2.71006	NA	1.149734	1.016565511e-06	3.203125	0.78125	1.40625	1.992188	12759	2939.57	9921.2	1716.67	af9b25312bebbd77c49042227cf9be7c088be11f	2d322850847e772b1204691c3d4f3c180feec1cca2cf9e0334c3025f1c4d4f32	1.921875
2026-09-16T03:46:50Z	cpt_t2b_mean_r5chk_seed42	13	425984	2087162	6.965466	NA	2.03016	1e-05	13.75	6.59375	8.125	8.9375	11935	1232.97	6041.1	345.49	7683b83cc05dbd704e01a34ae20898c702f0fe09	633854daae0246e2bbd6d175314d07dc4daedbc59529dde0849897bc59554cf9	NA
2026-09-16T03:48:27Z	cpt_t2b_mean_r5chk_seed42	26	851968	4121973	6.543043	NA	1.935023	1e-05	9	5.84375	5.71875	3.75	11935	1922.4	9300.91	443.18	7683b83cc05dbd704e01a34ae20898c702f0fe09	633854daae0246e2bbd6d175314d07dc4daedbc59529dde0849897bc59554cf9	NA
2026-09-16T03:50:01Z	cpt_t2b_mean_r5chk_seed42	38	1245184	6031604	6.406152	NA	1.883935	1e-05	7.5	5.5	4.09375	3.015625	11935	2320.54	11240.55	536.59	7683b83cc05dbd704e01a34ae20898c702f0fe09	633854daae0246e2bbd6d175314d07dc4daedbc59529dde0849897bc59554cf9	NA
2026-09-16T03:51:40Z	cpt_t2b_mean_r5chk_seed42	51	1671168	8119915	6.316643	NA	1.84637	1e-05	7.4375	5.875	3.296875	3.15625	11935	2627.63	12767.2	636	7683b83cc05dbd704e01a34ae20898c702f0fe09	633854daae0246e2bbd6d175314d07dc4daedbc59529dde0849897bc59554cf9	NA
2026-09-16T03:53:15Z	cpt_t2b_mean_r5chk_seed42	63	2064384	10027984	6.007207	NA	1.818663	1e-05	7.125	5.5	3.5	2.84375	11935	2826.02	13727.74	730.49	7683b83cc05dbd704e01a34ae20898c702f0fe09	633854daae0246e2bbd6d175314d07dc4daedbc59529dde0849897bc59554cf9	NA
2026-09-16T03:54:54Z	cpt_t2b_mean_r5chk_seed42	76	2490368	12076987	6.362046	NA	1.794455	1e-05	6.25	5.125	2.4375	2.609375	11935	3000.4	14550.4	830.01	7683b83cc05dbd704e01a34ae20898c702f0fe09	633854daae0246e2bbd6d175314d07dc4daedbc59529dde0849897bc59554cf9	NA
2026-09-16T03:56:33Z	cpt_t2b_mean_r5chk_seed42	89	2916352	14154996	6.048522	NA	1.773751	1e-05	6.0625	4.96875	2.421875	2.515625	11935	3140.58	15243.35	928.6	7683b83cc05dbd704e01a34ae20898c702f0fe09	633854daae0246e2bbd6d175314d07dc4daedbc59529dde0849897bc59554cf9	NA
2026-09-16T03:58:07Z	cpt_t2b_mean_r5chk_seed42	101	3309568	16064355	5.865406	NA	1.757076	1e-05	5.59375	4.5	2.28125	2.4375	11935	3235.67	15705.66	1022.84	7683b83cc05dbd704e01a34ae20898c702f0fe09	633854daae0246e2bbd6d175314d07dc4daedbc59529dde0849897bc59554cf9	NA
2026-09-16T04:12:41Z	cpt_t2b_mean_r5_seed42	126	4128768	20043945	5.974757	NA	1.741621	1e-05	5.71875	4.75	2.078125	2.421875	11935	5524.18	26818.24	747.4	7683b83cc05dbd704e01a34ae20898c702f0fe09	75b0abe5b8f1cf748ed1774c51e24296aa817650d9f18a887ad240178d50bd01	NA
2026-09-16T04:20:57Z	cpt_t2b_mean_r5_seed42	253	8290304	40162535	5.483947	NA	1.636765	1e-05	4.8125	3.765625	1.992188	2.25	11935	6666.2	32294.52	1243.63	7683b83cc05dbd704e01a34ae20898c702f0fe09	75b0abe5b8f1cf748ed1774c51e24296aa817650d9f18a887ad240178d50bd01	NA
2026-09-16T04:29:06Z	cpt_t2b_mean_r5_seed42	379	12419072	60128473	5.264621	NA	1.579421	1e-05	4.21875	3.015625	1.945312	2.203125	11935	7168.04	34704.97	1732.56	7683b83cc05dbd704e01a34ae20898c702f0fe09	75b0abe5b8f1cf748ed1774c51e24296aa817650d9f18a887ad240178d50bd01	NA
2026-09-16T04:37:11Z	cpt_t2b_mean_r5_seed42	505	16547840	80052469	5.184789	NA	1.54343	1e-05	3.96875	2.78125	1.828125	2.140625	11935	7461.78	36097.4	2217.68	7683b83cc05dbd704e01a34ae20898c702f0fe09	75b0abe5b8f1cf748ed1774c51e24296aa817650d9f18a887ad240178d50bd01	NA
2026-09-16T04:45:15Z	cpt_t2b_mean_r5_seed42	631	20676608	100047691	5.027436	NA	1.519192	1e-05	20.375	15.0625	12.8125	4.09375	11935	7654.26	37036.58	2701.32	7683b83cc05dbd704e01a34ae20898c702f0fe09	75b0abe5b8f1cf748ed1774c51e24296aa817650d9f18a887ad240178d50bd01	NA
2026-09-16T04:53:20Z	cpt_t2b_mean_r5_seed42	757	24805376	120020420	4.924452	NA	1.50126	1e-05	4.0625	2.875	1.898438	2.171875	11935	7786.09	37672.89	3185.86	7683b83cc05dbd704e01a34ae20898c702f0fe09	75b0abe5b8f1cf748ed1774c51e24296aa817650d9f18a887ad240178d50bd01	NA
2026-09-16T05:01:27Z	cpt_t2b_mean_r5_seed42	884	28966912	140137266	4.984997	NA	1.487434	1e-05	3.90625	2.65625	1.8125	2.21875	11935	7885.54	38148.95	3673.42	7683b83cc05dbd704e01a34ae20898c702f0fe09	75b0abe5b8f1cf748ed1774c51e24296aa817650d9f18a887ad240178d50bd01	NA
2026-09-16T05:09:31Z	cpt_t2b_mean_r5_seed42	1010	33095680	160082668	4.981624	NA	1.476835	1e-05	3.8125	2.515625	1.882812	2.15625	11935	7961.76	38510.78	4156.83	7683b83cc05dbd704e01a34ae20898c702f0fe09	75b0abe5b8f1cf748ed1774c51e24296aa817650d9f18a887ad240178d50bd01	NA
2026-09-16T05:25:32Z	cpt_t2b_mean_r5_seed123	127	4161536	20141190	6.161716	NA	1.738534	1e-05	5.75	4.6875	2.21875	2.5	11935	5728.01	27722.68	726.52	7683b83cc05dbd704e01a34ae20898c702f0fe09	5c2df4eecd6cc0c60922d24057de6576d0935acc8381f9fdda0a1177b8c99266	NA
2026-09-16T05:33:39Z	cpt_t2b_mean_r5_seed123	253	8290304	40113008	5.397394	NA	1.636141	1e-05	5.78125	4.25	2.609375	2.921875	11935	6832.24	33058.12	1213.41	7683b83cc05dbd704e01a34ae20898c702f0fe09	5c2df4eecd6cc0c60922d24057de6576d0935acc8381f9fdda0a1177b8c99266	NA
2026-09-16T05:41:46Z	cpt_t2b_mean_r5_seed123	379	12419072	60032915	5.277346	NA	1.579351	1e-05	4.34375	3.09375	2.09375	2.21875	11935	7304.61	35309.97	1700.17	7683b83cc05dbd704e01a34ae20898c702f0fe09	5c2df4eecd6cc0c60922d24057de6576d0935acc8381f9fdda0a1177b8c99266	NA
2026-09-16T05:49:57Z	cpt_t2b_mean_r5_seed123	506	16580608	80113924	5.163172	NA	1.543589	1e-05	4.34375	2.96875	2.125	2.328125	11935	7567.88	36566.34	2190.92	7683b83cc05dbd704e01a34ae20898c702f0fe09	5c2df4eecd6cc0c60922d24057de6576d0935acc8381f9fdda0a1177b8c99266	NA
2026-09-16T05:58:02Z	cpt_t2b_mean_r5_seed123	632	20709376	100083838	5.022975	NA	1.519107	1e-05	3.984375	2.78125	1.929688	2.109375	11935	7739.85	37405	2675.68	7683b83cc05dbd704e01a34ae20898c702f0fe09	5c2df4eecd6cc0c60922d24057de6576d0935acc8381f9fdda0a1177b8c99266	NA
2026-09-16T06:06:05Z	cpt_t2b_mean_r5_seed123	758	24838144	120045351	4.725496	NA	1.501401	1e-05	4.1875	2.859375	1.984375	2.3125	11935	7861.79	37996.86	3159.35	7683b83cc05dbd704e01a34ae20898c702f0fe09	5c2df4eecd6cc0c60922d24057de6576d0935acc8381f9fdda0a1177b8c99266	NA
2026-09-16T06:14:13Z	cpt_t2b_mean_r5_seed123	884	28966912	140092944	4.9354	NA	1.487641	1e-05	4.03125	2.734375	1.992188	2.203125	11935	7942.9	38414.3	3646.9	7683b83cc05dbd704e01a34ae20898c702f0fe09	5c2df4eecd6cc0c60922d24057de6576d0935acc8381f9fdda0a1177b8c99266	NA
2026-09-16T06:22:18Z	cpt_t2b_mean_r5_seed123	1010	33095680	160128791	4.947325	NA	1.476712	1e-05	3.84375	2.609375	1.835938	2.15625	11935	8008.7	38748.96	4132.47	7683b83cc05dbd704e01a34ae20898c702f0fe09	5c2df4eecd6cc0c60922d24057de6576d0935acc8381f9fdda0a1177b8c99266	NA
2026-09-16T06:38:15Z	cpt_t2b_mean_r5_seed2026	127	4161536	20074880	6.089912	NA	1.740864	1e-05	5.90625	4.9375	2.21875	2.359375	11935	5771.8	27842.65	721.01	7683b83cc05dbd704e01a34ae20898c702f0fe09	83d91f2758908eb0fe72828090791ab22fcc9f6620099e211f94a340fdde2606	NA
2026-09-16T06:46:16Z	cpt_t2b_mean_r5_seed2026	253	8290304	40055725	5.429298	NA	1.637347	1e-05	5.5625	4.40625	2.25	2.578125	11935	6899.54	33336.07	1201.57	7683b83cc05dbd704e01a34ae20898c702f0fe09	83d91f2758908eb0fe72828090791ab22fcc9f6620099e211f94a340fdde2606	NA
2026-09-16T06:54:17Z	cpt_t2b_mean_r5_seed2026	379	12419072	60053466	5.155534	NA	1.580578	1e-05	4.5	3.34375	2.015625	2.265625	11935	7379.82	35685.75	1682.84	7683b83cc05dbd704e01a34ae20898c702f0fe09	83d91f2758908eb0fe72828090791ab22fcc9f6620099e211f94a340fdde2606	NA
2026-09-16T07:02:21Z	cpt_t2b_mean_r5_seed2026	506	16580608	80136513	5.134618	NA	1.544643	1e-05	4.09375	2.828125	1.953125	2.203125	11935	7650.34	36975.21	2167.3	7683b83cc05dbd704e01a34ae20898c702f0fe09	83d91f2758908eb0fe72828090791ab22fcc9f6620099e211f94a340fdde2606	NA
2026-09-16T07:10:22Z	cpt_t2b_mean_r5_seed2026	632	20709376	100137830	5.288827	NA	1.519432	1e-05	4.28125	2.953125	2.015625	2.328125	11935	7820.94	37817.25	2647.94	7683b83cc05dbd704e01a34ae20898c702f0fe09	83d91f2758908eb0fe72828090791ab22fcc9f6620099e211f94a340fdde2606	NA
2026-09-16T07:18:22Z	cpt_t2b_mean_r5_seed2026	758	24838144	120080079	5.012196	NA	1.501535	1e-05	4.28125	2.953125	2.078125	2.265625	11935	7940.37	38387.73	3128.08	7683b83cc05dbd704e01a34ae20898c702f0fe09	83d91f2758908eb0fe72828090791ab22fcc9f6620099e211f94a340fdde2606	NA
2026-09-16T07:26:20Z	cpt_t2b_mean_r5_seed2026	883	28934144	140012677	5.080819	NA	1.487776	1e-05	4.6875	3.25	2.203125	2.53125	11935	8024.66	38831.44	3605.65	7683b83cc05dbd704e01a34ae20898c702f0fe09	83d91f2758908eb0fe72828090791ab22fcc9f6620099e211f94a340fdde2606	NA
2026-09-16T07:34:24Z	cpt_t2b_mean_r5_seed2026	1010	33095680	160146984	4.715853	NA	1.476966	1e-05	5.78125	4.5	2.140625	2.953125	11935	8091.22	39152.67	4090.32	7683b83cc05dbd704e01a34ae20898c702f0fe09	83d91f2758908eb0fe72828090791ab22fcc9f6620099e211f94a340fdde2606	NA
2026-09-16T08:47:55Z	cpt_c0_qwen_r5_seed42	181	5931008	20096824	2.777251	NA	1.148355	1e-05	3.15625	2.046875	1.390625	1.96875	11935	6560.38	22229.41	904.06	23237ccad09f6714af92a8d13fc47c932438ddae	1b97e1969edfb2fa122b10613bae861903d85c8e55aeaab2f2482175f1b28d4e	NA
2026-09-16T08:58:54Z	cpt_c0_qwen_r5_seed42	362	11862016	40100666	2.766262	NA	1.143221	1e-05	3.109375	2.03125	1.40625	1.890625	11935	7585.55	25643.67	1563.76	23237ccad09f6714af92a8d13fc47c932438ddae	1b97e1969edfb2fa122b10613bae861903d85c8e55aeaab2f2482175f1b28d4e	NA
2026-09-16T09:09:52Z	cpt_c0_qwen_r5_seed42	542	17760256	60002315	2.55038	NA	1.139553	1e-05	3.046875	2.015625	1.304688	1.867188	11935	7996.91	27017.25	2220.89	23237ccad09f6714af92a8d13fc47c932438ddae	1b97e1969edfb2fa122b10613bae861903d85c8e55aeaab2f2482175f1b28d4e	NA
2026-09-16T09:20:55Z	cpt_c0_qwen_r5_seed42	724	23724032	80076926	2.59222	NA	1.136433	1e-05	3.15625	2.09375	1.367188	1.921875	11935	8225.71	27764.66	2884.13	23237ccad09f6714af92a8d13fc47c932438ddae	1b97e1969edfb2fa122b10613bae861903d85c8e55aeaab2f2482175f1b28d4e	NA
2026-09-16T09:31:54Z	cpt_c0_qwen_r5_seed42	905	29655040	100093133	2.6992	NA	1.133797	1e-05	3.203125	2.03125	1.390625	2.0625	11935	8368.79	28246.75	3543.53	23237ccad09f6714af92a8d13fc47c932438ddae	1b97e1969edfb2fa122b10613bae861903d85c8e55aeaab2f2482175f1b28d4e	NA
2026-09-16T09:42:50Z	cpt_c0_qwen_r5_seed42	1085	35553280	120006161	2.445949	NA	1.131754	1e-05	3	1.914062	1.320312	1.882812	11935	8466.84	28578.87	4199.12	23237ccad09f6714af92a8d13fc47c932438ddae	1b97e1969edfb2fa122b10613bae861903d85c8e55aeaab2f2482175f1b28d4e	NA
2026-09-16T09:53:49Z	cpt_c0_qwen_r5_seed42	1266	41484288	140001526	2.594163	NA	1.12976	1e-05	3.03125	1.921875	1.367188	1.890625	11935	8538.25	28814.97	4858.64	23237ccad09f6714af92a8d13fc47c932438ddae	1b97e1969edfb2fa122b10613bae861903d85c8e55aeaab2f2482175f1b28d4e	NA
2026-09-16T10:04:49Z	cpt_c0_qwen_r5_seed42	1447	47415296	160036442	2.668555	NA	1.127921	1e-05	3.109375	2.046875	1.328125	1.9375	11935	8593.15	29003.67	5517.8	23237ccad09f6714af92a8d13fc47c932438ddae	1b97e1969edfb2fa122b10613bae861903d85c8e55aeaab2f2482175f1b28d4e	NA
